{"type":"FeatureCollection","features":[{"type":"Feature","properties":{"id":"2024-08-31_walking_09","type":"walking","date":"2024-08-31"},"geometry":{"type":"LineString","coordinates":[[121.413539,31.226642],[121.413517,31.226638],[121.413511,31.226636],[121.413498,31.226632],[121.413487,31.226628],[121.413475,31.226625],[121.413463,31.226622],[121.413451,31.22662],[121.41344,31.226617],[121.41343,31.226612],[121.41342,31.226607],[121.413409,31.226601],[121.4134,31.226594],[121.413392,31.226588],[121.413386,31.226582],[121.413379,31.226575],[121.413373,31.226568],[121.413366,31.226562],[121.413358,31.226556],[121.413351,31.226551],[121.413342,31.226546],[121.413334,31.226542],[121.413326,31.226537],[121.413317,31.226533],[121.413308,31.226531],[121.413297,31.226529],[121.413284,31.226528],[121.413267,31.226526],[121.413249,31.226525],[121.41323,31.226524],[121.413211,31.226523],[121.413195,31.226523],[121.413182,31.226523],[121.413172,31.226522],[121.413163,31.226522],[121.413153,31.22652],[121.413143,31.226518],[121.413132,31.226515],[121.413122,31.226513],[121.413112,31.226511],[121.413101,31.22651],[121.413089,31.226508],[121.413076,31.226505],[121.413063,31.226502],[121.413049,31.226499],[121.413032,31.226496],[121.413006,31.226494],[121.412982,31.226493],[121.412958,31.226492],[121.412943,31.22649],[121.41293,31.226488],[121.41292,31.226486],[121.412911,31.226485],[121.412904,31.226484],[121.412897,31.226483],[121.412892,31.226481],[121.412887,31.226479],[121.412884,31.226477],[121.412881,31.226477],[121.41288,31.226476],[121.412877,31.226475],[121.412873,31.226474],[121.412865,31.226472],[121.412855,31.226469],[121.412845,31.226466],[121.412835,31.226463],[121.412827,31.226461],[121.412818,31.226458],[121.412809,31.226456],[121.412798,31.226452],[121.412786,31.226448],[121.412772,31.226443],[121.412758,31.226437],[121.412745,31.226432],[121.412733,31.226427],[121.412722,31.226423],[121.412711,31.226419],[121.4127,31.226415],[121.41269,31.226412],[121.412681,31.226409],[121.412672,31.226408],[121.412662,31.226409],[121.412651,31.226412],[121.412641,31.226416],[121.412632,31.226421],[121.412623,31.226426],[121.412616,31.22643],[121.41261,31.226435],[121.412607,31.22644],[121.412605,31.226445],[121.412604,31.226451],[121.412602,31.226458],[121.412598,31.226467],[121.412593,31.226477],[121.412587,31.226486],[121.412581,31.226495],[121.412573,31.226504],[121.412564,31.226516],[121.412555,31.226528],[121.412547,31.226538],[121.412541,31.226546],[121.412535,31.226554],[121.41253,31.22656],[121.412524,31.226568],[121.412518,31.226574],[121.412512,31.22658],[121.412504,31.226585],[121.412496,31.226589],[121.412488,31.226593],[121.41248,31.226598],[121.412474,31.226605],[121.412468,31.226616],[121.412465,31.226629],[121.412464,31.226641],[121.412462,31.226658],[121.41246,31.226674],[121.412458,31.226693],[121.412458,31.226707],[121.412459,31.226721],[121.412459,31.226735],[121.412458,31.226749],[121.412457,31.226762],[121.412456,31.226775],[121.412454,31.226787],[121.412453,31.2268],[121.412451,31.226813],[121.41245,31.226827],[121.412448,31.226841],[121.412446,31.226854],[121.412444,31.226868],[121.412442,31.226882],[121.412439,31.226898],[121.412436,31.226912],[121.412431,31.226925],[121.412425,31.226936],[121.412415,31.226947],[121.412407,31.226957],[121.412397,31.226967],[121.41239,31.226975],[121.412382,31.226984],[121.412376,31.226992],[121.412371,31.226997],[121.412364,31.227002],[121.412355,31.227006],[121.412346,31.22701],[121.412338,31.227013],[121.412331,31.227017],[121.412326,31.227023],[121.412321,31.227031],[121.412318,31.227041],[121.412318,31.22705],[121.412318,31.227059],[121.412318,31.227068],[121.412318,31.227077],[121.412317,31.227085],[121.412315,31.227092],[121.412313,31.227101],[121.41231,31.227108],[121.41231,31.227114],[121.412311,31.22712],[121.412315,31.227127],[121.41232,31.227134],[121.412325,31.227142],[121.412328,31.22715],[121.412329,31.227155],[121.412328,31.227158],[121.412327,31.227159],[121.412325,31.22716],[121.412323,31.227159],[121.41232,31.227157],[121.412317,31.227154],[121.412313,31.22715],[121.41231,31.227145],[121.412308,31.227137],[121.412306,31.22713],[121.412303,31.227124],[121.4123,31.22712],[121.412294,31.227117],[121.412288,31.227114],[121.412282,31.227112],[121.412279,31.22711],[121.412277,31.227109],[121.412275,31.227108],[121.412275,31.227109],[121.412274,31.227111],[121.412275,31.227114],[121.412274,31.227118],[121.412274,31.22712],[121.412274,31.227121],[121.412271,31.227121],[121.41227,31.227121],[121.412269,31.227121],[121.412271,31.227121],[121.412272,31.227121],[121.412274,31.227121],[121.412276,31.227122],[121.412278,31.227124],[121.412279,31.227127],[121.412281,31.22713],[121.412283,31.227132],[121.412285,31.227134],[121.412286,31.227135],[121.412288,31.227137],[121.412288,31.227139],[121.412287,31.227142],[121.412287,31.227146],[121.412287,31.227154],[121.41229,31.227162],[121.412292,31.227169],[121.412295,31.227176],[121.412299,31.227183],[121.412302,31.227192],[121.412304,31.227203],[121.412303,31.227213],[121.4123,31.227224],[121.412296,31.227233],[121.412291,31.227242],[121.412287,31.227252],[121.412283,31.227261],[121.412278,31.227269],[121.412273,31.227276],[121.412268,31.227286],[121.412264,31.227293],[121.412261,31.2273],[121.412259,31.227307],[121.412257,31.227316],[121.412256,31.227323],[121.412254,31.22733],[121.412252,31.227336],[121.412249,31.227342],[121.412244,31.227346],[121.412238,31.22735],[121.412231,31.227354],[121.412225,31.227357],[121.412222,31.227361],[121.412222,31.227364],[121.412222,31.227367],[121.412221,31.22737],[121.41222,31.227375],[121.41222,31.227381],[121.412222,31.227387],[121.412228,31.227394],[121.412235,31.227398],[121.412244,31.227404],[121.412254,31.227409],[121.412266,31.227416],[121.412278,31.227422],[121.412292,31.227431],[121.412305,31.22744],[121.412317,31.227451],[121.412328,31.227461],[121.412338,31.227468],[121.41235,31.227472],[121.412362,31.227472],[121.412375,31.227471],[121.412386,31.227468],[121.412395,31.227465],[121.412404,31.227461],[121.412413,31.227459],[121.412423,31.227457],[121.412433,31.227456],[121.412443,31.227456],[121.412453,31.227455],[121.412463,31.227455],[121.412472,31.227455],[121.41248,31.227459],[121.412487,31.227465],[121.412494,31.227475],[121.412499,31.227484],[121.412502,31.227494],[121.412502,31.2275],[121.4125,31.227508],[121.412497,31.227515],[121.412492,31.227523],[121.412488,31.227531],[121.412484,31.227538],[121.412481,31.227546],[121.41248,31.227554],[121.41248,31.227562],[121.412482,31.227573],[121.412484,31.227588],[121.412486,31.227605],[121.412489,31.227621],[121.412494,31.227631],[121.412501,31.227635],[121.41251,31.227636],[121.412516,31.227636],[121.412522,31.227635],[121.412528,31.227636],[121.412536,31.227638],[121.412545,31.22764],[121.412554,31.227642],[121.412563,31.227644],[121.412572,31.227645],[121.412581,31.227646],[121.412592,31.227648],[121.412602,31.227651],[121.412611,31.227654],[121.412617,31.227657],[121.412621,31.22766],[121.412622,31.227661],[121.412623,31.227663],[121.412624,31.227662],[121.412625,31.227663],[121.412625,31.227663],[121.412627,31.227665],[121.412628,31.227666],[121.412629,31.227666],[121.412631,31.227665],[121.412633,31.227666],[121.412635,31.227665],[121.412636,31.227666],[121.412635,31.227668],[121.412632,31.227668],[121.41263,31.227667],[121.412629,31.227666],[121.41263,31.227664],[121.412632,31.227663],[121.412638,31.227663],[121.412646,31.227663],[121.412653,31.227663],[121.412658,31.227661],[121.41266,31.227661],[121.412661,31.22766],[121.41266,31.227659],[121.41266,31.227658],[121.412658,31.227658],[121.412657,31.227658],[121.412654,31.227658],[121.412651,31.22766],[121.412651,31.227663],[121.412651,31.227665],[121.412649,31.227667],[121.412647,31.227668],[121.412646,31.22767],[121.41265,31.227672],[121.412654,31.227677],[121.412658,31.227682],[121.412663,31.227687],[121.41267,31.22769],[121.412679,31.227693],[121.412691,31.227697],[121.412704,31.227701],[121.412717,31.227707],[121.412727,31.227713],[121.412732,31.22772],[121.412735,31.227727],[121.412735,31.227734],[121.412733,31.227741],[121.412734,31.227748],[121.412735,31.227755],[121.412739,31.227761],[121.412742,31.227769],[121.412746,31.227778],[121.412748,31.227784],[121.41275,31.227786],[121.412752,31.227787],[121.412757,31.227786],[121.412764,31.227786],[121.412772,31.227784],[121.412782,31.227781],[121.412793,31.227777],[121.412805,31.227772],[121.412815,31.227768],[121.412823,31.227766],[121.412831,31.227765],[121.412838,31.227765],[121.412844,31.227762],[121.412846,31.22776],[121.412845,31.227755],[121.412833,31.227749],[121.412815,31.227743],[121.412767,31.227725],[121.412729,31.227713],[121.412697,31.2277],[121.412698,31.227697],[121.4127,31.227685],[121.412704,31.22767],[121.412711,31.227654],[121.412719,31.227642],[121.41273,31.227635],[121.412744,31.227632],[121.41276,31.227633],[121.412777,31.227639],[121.412791,31.22765],[121.412801,31.227663],[121.412808,31.227678],[121.412815,31.227694],[121.412821,31.227708],[121.412826,31.227722],[121.412829,31.227733],[121.412831,31.227743],[121.412832,31.227753],[121.412831,31.227763],[121.412832,31.227777],[121.412833,31.227789],[121.412835,31.227801],[121.412836,31.227808],[121.412839,31.227815],[121.412843,31.227821],[121.41285,31.227828],[121.412857,31.227836],[121.412864,31.227846],[121.41287,31.227858],[121.412875,31.227869],[121.41288,31.227879],[121.412882,31.227888],[121.412882,31.227896],[121.412881,31.227903],[121.412878,31.227908],[121.412872,31.227913],[121.412862,31.227919],[121.412853,31.227925],[121.412843,31.227933],[121.412834,31.227941],[121.412825,31.22795],[121.412817,31.22796],[121.412809,31.227969],[121.412801,31.227978],[121.412793,31.227987],[121.412786,31.227995],[121.41278,31.228001],[121.412774,31.228007],[121.412768,31.228011],[121.41276,31.228016],[121.412755,31.228019],[121.41275,31.228024],[121.412745,31.22803],[121.412739,31.228041],[121.412734,31.228054],[121.412732,31.228066],[121.41273,31.228076],[121.412728,31.228084],[121.412727,31.228092],[121.412727,31.228097],[121.412727,31.2281],[121.412726,31.228101],[121.412727,31.228102],[121.41273,31.228104],[121.412735,31.228104],[121.41274,31.228105],[121.412747,31.228105],[121.412751,31.228106],[121.412755,31.228107],[121.412755,31.228108],[121.412755,31.228108],[121.412754,31.22811],[121.412753,31.228113],[121.412752,31.228116],[121.412749,31.228119],[121.412746,31.228121],[121.412741,31.228125],[121.412736,31.22813],[121.412731,31.228136],[121.412725,31.228143],[121.412721,31.22815],[121.412717,31.228158],[121.412716,31.228166],[121.412717,31.228175],[121.412717,31.228185],[121.412717,31.228195],[121.412716,31.228204],[121.412714,31.228213],[121.412715,31.228226],[121.412712,31.228238],[121.412707,31.228252],[121.412699,31.228264],[121.412693,31.22828],[121.412688,31.228296],[121.412684,31.228313],[121.412681,31.228329],[121.412678,31.228345],[121.412676,31.228359],[121.412674,31.228369],[121.412676,31.228378],[121.412675,31.228387],[121.412675,31.228395],[121.412671,31.228403],[121.412667,31.228408],[121.41266,31.228414],[121.412653,31.228421],[121.412647,31.228429],[121.412642,31.228435],[121.412637,31.228441],[121.412634,31.228447],[121.412632,31.22845],[121.412629,31.228454],[121.412626,31.228455],[121.412621,31.228459],[121.412619,31.228461],[121.412616,31.228464],[121.412616,31.228467],[121.412615,31.228471],[121.412615,31.228476],[121.412611,31.228484],[121.412607,31.228494],[121.4126,31.228509],[121.412595,31.228524],[121.412591,31.228539],[121.412588,31.228548],[121.412586,31.228554],[121.412582,31.228559],[121.412579,31.228565],[121.412578,31.228571],[121.412578,31.228579],[121.412581,31.228587],[121.412584,31.228596],[121.412589,31.228603],[121.412593,31.22861],[121.412597,31.228616],[121.412598,31.228622],[121.412598,31.228628],[121.412595,31.228635],[121.412594,31.228642],[121.412592,31.228651],[121.412588,31.228657],[121.412584,31.228663],[121.412577,31.228668],[121.412571,31.228673],[121.412566,31.228676],[121.412563,31.228678],[121.41256,31.228677],[121.412558,31.228676],[121.412557,31.228673],[121.412558,31.228671],[121.41256,31.228669],[121.41256,31.22867],[121.412561,31.228672],[121.41256,31.228676],[121.412558,31.228679],[121.412559,31.228683],[121.412557,31.228686],[121.412558,31.228689],[121.412555,31.228691],[121.412553,31.228695],[121.412549,31.2287],[121.412544,31.228704],[121.412539,31.22871],[121.412532,31.228715],[121.412525,31.228722],[121.41252,31.228729],[121.412517,31.228736],[121.412519,31.228743],[121.412524,31.228749],[121.412531,31.228753],[121.412535,31.228758],[121.412538,31.228764],[121.412538,31.22877],[121.412537,31.228777],[121.412536,31.228782],[121.412537,31.228788],[121.41254,31.228793],[121.412543,31.228799],[121.412547,31.228804],[121.412548,31.228806],[121.412551,31.228809],[121.412552,31.228809],[121.412555,31.228809],[121.412558,31.228807],[121.412562,31.228808],[121.412565,31.228808],[121.412567,31.228808],[121.412564,31.228806],[121.412558,31.228806],[121.412543,31.228804],[121.412528,31.228807],[121.412511,31.228811],[121.412499,31.228821],[121.41249,31.22883],[121.412485,31.228836],[121.412483,31.228839],[121.41248,31.228839],[121.412476,31.228839],[121.412469,31.22884],[121.412464,31.228841],[121.412459,31.228841],[121.412456,31.228842],[121.412452,31.228843],[121.412448,31.228843],[121.412445,31.228843],[121.412442,31.228844],[121.412439,31.228846],[121.412437,31.228849],[121.412436,31.228854],[121.412435,31.228859],[121.412434,31.228863],[121.412431,31.228865],[121.412428,31.228866],[121.412424,31.228867],[121.41242,31.228867],[121.412416,31.228866],[121.412409,31.228866],[121.412401,31.228865],[121.412392,31.228865],[121.41238,31.228866],[121.412368,31.228867],[121.412355,31.228869],[121.412343,31.228871],[121.41233,31.228874],[121.412319,31.228878],[121.41231,31.228884],[121.412305,31.228889],[121.412303,31.228895],[121.412303,31.228902],[121.412304,31.228908],[121.412304,31.228915],[121.412304,31.228923],[121.412302,31.228931],[121.4123,31.228941],[121.412297,31.22895],[121.412294,31.228959],[121.41229,31.228964],[121.412287,31.228968],[121.412285,31.228971],[121.412283,31.228974],[121.41228,31.228976],[121.412277,31.228981],[121.412274,31.228986],[121.412271,31.228992],[121.412266,31.228997],[121.412258,31.229001],[121.412244,31.229007],[121.412231,31.229017],[121.412214,31.229032],[121.412201,31.229049],[121.412189,31.229065],[121.412183,31.229075],[121.412181,31.229079],[121.41218,31.229081],[121.412177,31.229081],[121.412176,31.229081],[121.412174,31.229082],[121.41217,31.229086],[121.412166,31.229093],[121.41216,31.229103],[121.412155,31.229112],[121.412149,31.22912],[121.412143,31.229127],[121.412139,31.229135],[121.412137,31.229142],[121.412134,31.229147],[121.41213,31.229151],[121.412127,31.229156],[121.412123,31.229161],[121.412121,31.229164],[121.412119,31.229166],[121.412119,31.229166],[121.412117,31.229165],[121.412117,31.229164],[121.412117,31.229163],[121.412118,31.229164],[121.412116,31.229167],[121.412114,31.229171],[121.412112,31.229174],[121.412112,31.229179],[121.412111,31.229184],[121.412109,31.229191],[121.412106,31.229201],[121.412103,31.229211],[121.412098,31.229219],[121.412094,31.229224],[121.412089,31.229227],[121.412086,31.229229],[121.412085,31.229228],[121.412088,31.229228],[121.412092,31.229224],[121.412099,31.22922],[121.412103,31.229215],[121.412105,31.229214],[121.412106,31.229212],[121.412106,31.229209],[121.412108,31.229204],[121.412107,31.229197],[121.412107,31.229189],[121.412104,31.229182],[121.4121,31.229175],[121.412096,31.229169],[121.412091,31.229163],[121.412088,31.229156],[121.412085,31.229149],[121.412084,31.229141],[121.412082,31.229134],[121.41208,31.229126],[121.41208,31.229117],[121.41208,31.229109],[121.412081,31.229102],[121.412083,31.229098],[121.412087,31.229094],[121.41209,31.229091],[121.412095,31.229089],[121.4121,31.229088],[121.412104,31.229087],[121.412109,31.229086],[121.412112,31.229086],[121.412115,31.229086],[121.412117,31.229087],[121.412119,31.229087],[121.41212,31.229088],[121.412121,31.229089],[121.412122,31.22909],[121.412122,31.229092],[121.412123,31.229093],[121.412123,31.229095],[121.412123,31.229097],[121.412123,31.229099],[121.412123,31.229101],[121.412123,31.229104],[121.412123,31.229108],[121.412123,31.229111],[121.412122,31.229115],[121.41212,31.229119],[121.412119,31.229122],[121.412118,31.229124],[121.412117,31.229125],[121.412115,31.229126],[121.412114,31.229126],[121.412112,31.229125],[121.41211,31.229124],[121.412108,31.229124],[121.412107,31.229123],[121.412105,31.229122],[121.412104,31.229122],[121.412103,31.229122],[121.412102,31.229122],[121.412101,31.229121],[121.4121,31.229121],[121.412099,31.229121],[121.412098,31.22912],[121.412097,31.22912],[121.412097,31.229119],[121.412096,31.229119],[121.412095,31.229118],[121.412094,31.229118],[121.412093,31.229117],[121.412093,31.229116],[121.412092,31.229116],[121.412091,31.229115],[121.412091,31.229115],[121.412091,31.229115],[121.412091,31.229114],[121.412091,31.229114],[121.412091,31.229114],[121.412092,31.229113],[121.412092,31.229113],[121.412093,31.229112],[121.412094,31.229112],[121.412095,31.229111],[121.412096,31.22911],[121.412097,31.22911],[121.412097,31.229109],[121.412096,31.229109],[121.412095,31.229108],[121.412093,31.229108],[121.412091,31.229108],[121.412089,31.229107],[121.412087,31.229106],[121.412086,31.229104],[121.412086,31.229102],[121.412086,31.229099],[121.412086,31.229096],[121.412085,31.229092],[121.412084,31.229088],[121.412082,31.229083],[121.412079,31.229078],[121.412075,31.229072],[121.412071,31.229067],[121.412067,31.229063],[121.412063,31.22906],[121.41206,31.229057],[121.412059,31.229056],[121.412059,31.229056],[121.41206,31.229057],[121.412062,31.229059],[121.412065,31.229061],[121.412069,31.229063],[121.412073,31.229065],[121.412077,31.229068],[121.41208,31.229071],[121.412083,31.229074],[121.412085,31.229076],[121.412088,31.229078],[121.41209,31.22908],[121.412092,31.229081],[121.412094,31.229082],[121.412095,31.229084],[121.412097,31.229085],[121.412098,31.229087],[121.412099,31.229088],[121.4121,31.22909],[121.4121,31.229093],[121.412102,31.229097],[121.412104,31.229102],[121.412106,31.229109],[121.412108,31.229113],[121.412109,31.229116],[121.41211,31.229118],[121.41211,31.22912],[121.412112,31.229123],[121.412113,31.229125],[121.412115,31.229127],[121.412117,31.229128],[121.41212,31.229128],[121.412123,31.229127],[121.412126,31.229126],[121.412129,31.229125],[121.412131,31.229124],[121.412133,31.229123],[121.412133,31.229123],[121.412133,31.229122],[121.412132,31.229122],[121.412131,31.229122],[121.412128,31.229123],[121.412125,31.229123],[121.41212,31.229124],[121.412115,31.229126],[121.412109,31.229128],[121.412102,31.22913],[121.412096,31.229132],[121.41209,31.229134],[121.412083,31.229135],[121.412078,31.229137],[121.412074,31.229138],[121.412071,31.229138],[121.412067,31.229138],[121.412065,31.229138],[121.412063,31.229137],[121.412063,31.229137],[121.412063,31.229136],[121.412064,31.229135],[121.412065,31.229135],[121.412066,31.229134],[121.412068,31.229134],[121.41207,31.229133],[121.412073,31.229132],[121.412077,31.229132],[121.41208,31.229131],[121.412085,31.229131],[121.412089,31.22913],[121.412092,31.22913],[121.412094,31.22913],[121.412096,31.229129],[121.412097,31.229129],[121.412099,31.229129],[121.412099,31.229129],[121.4121,31.229128],[121.412101,31.229128],[121.412101,31.229128],[121.412101,31.229128],[121.412101,31.229127],[121.412101,31.229127],[121.412101,31.229127],[121.412101,31.229127],[121.4121,31.229126],[121.412099,31.229125],[121.412097,31.229124],[121.412093,31.229123],[121.41209,31.229124],[121.412087,31.229124],[121.412083,31.229126],[121.412076,31.22913],[121.412069,31.229136],[121.412063,31.229143],[121.412059,31.229151],[121.412055,31.229157],[121.412054,31.229161],[121.412053,31.229164],[121.412053,31.229165],[121.412052,31.229166],[121.412052,31.229166],[121.412052,31.229165],[121.412052,31.229166],[121.412051,31.229169],[121.412049,31.229173],[121.412047,31.229179],[121.412042,31.229185],[121.412039,31.229193],[121.412034,31.229201],[121.412032,31.229208],[121.41203,31.229212],[121.412031,31.229215],[121.412031,31.229215],[121.412031,31.229215],[121.412032,31.229215],[121.412032,31.229215],[121.412033,31.229214],[121.412033,31.229213],[121.412033,31.229212],[121.412033,31.229211],[121.412032,31.229211],[121.412032,31.229213],[121.412032,31.229214],[121.412032,31.229215],[121.412032,31.229215],[121.412033,31.229215],[121.412033,31.229215],[121.412033,31.229215],[121.412033,31.229215],[121.412034,31.229215],[121.412034,31.229215],[121.412035,31.229215],[121.412035,31.229214],[121.412035,31.229212],[121.412035,31.22921],[121.412035,31.229207],[121.412034,31.229207],[121.412033,31.229209],[121.412032,31.229213],[121.412032,31.229216],[121.412032,31.229217],[121.412032,31.229217],[121.412031,31.229218],[121.412033,31.229217],[121.412034,31.229215],[121.412035,31.229214],[121.412034,31.229214],[121.412033,31.229214],[121.412033,31.229214],[121.412033,31.229214],[121.412033,31.229213],[121.412034,31.229212],[121.412034,31.229211],[121.412035,31.229211],[121.412034,31.229212],[121.412033,31.229213],[121.412033,31.229214],[121.412033,31.229214],[121.412034,31.229216],[121.412034,31.229217],[121.412034,31.229218],[121.412032,31.229217],[121.41203,31.229216],[121.41203,31.229214],[121.412031,31.229214],[121.412032,31.229214],[121.412033,31.229213],[121.412035,31.229214],[121.412036,31.229214],[121.412036,31.229213],[121.412034,31.229211],[121.412033,31.229211],[121.412032,31.229212],[121.412033,31.229214],[121.412033,31.229215],[121.412033,31.229215],[121.412033,31.229216],[121.412034,31.229216],[121.412033,31.229216],[121.412033,31.229216],[121.412032,31.229215],[121.412032,31.229215],[121.412032,31.229215],[121.412032,31.229214],[121.412033,31.229214],[121.412034,31.229213],[121.412034,31.229212],[121.412034,31.229211],[121.412034,31.22921],[121.412034,31.229212],[121.412034,31.229213],[121.412033,31.229215],[121.412033,31.229216],[121.412033,31.229215],[121.412033,31.229215],[121.412033,31.229215],[121.412033,31.229216],[121.412033,31.229216],[121.412033,31.229216],[121.412033,31.229216],[121.412031,31.229215],[121.41203,31.229214],[121.412029,31.229213],[121.412028,31.229212],[121.412028,31.229212],[121.412027,31.229213],[121.412027,31.229215],[121.412026,31.229216],[121.412026,31.229217],[121.412026,31.229217],[121.412026,31.229217],[121.412026,31.229217],[121.412025,31.229217],[121.412025,31.229218],[121.412025,31.229218],[121.412025,31.229218],[121.412025,31.229217],[121.412026,31.229215],[121.412029,31.229213],[121.412033,31.229209],[121.41204,31.229204],[121.412046,31.2292],[121.412051,31.229198],[121.412052,31.229199],[121.412053,31.2292],[121.412056,31.2292],[121.412059,31.2292],[121.412064,31.229201],[121.41207,31.229202],[121.412077,31.229202],[121.412085,31.229202],[121.412093,31.229201],[121.4121,31.2292],[121.412105,31.2292],[121.41211,31.2292],[121.412113,31.2292],[121.412118,31.2292],[121.412121,31.2292],[121.412124,31.229204],[121.412126,31.22921],[121.412129,31.229217],[121.412132,31.229222],[121.412135,31.229228],[121.412136,31.229233],[121.412139,31.229237],[121.412142,31.229242],[121.412145,31.229245],[121.41215,31.229248],[121.412155,31.229251],[121.412164,31.229254],[121.412171,31.229257],[121.41218,31.22926],[121.412188,31.229262],[121.412198,31.229263],[121.412205,31.229264],[121.41221,31.229265],[121.412214,31.229269],[121.412219,31.229274],[121.412225,31.22928],[121.412234,31.229285],[121.412246,31.22929],[121.412255,31.229291],[121.41226,31.229295],[121.412265,31.229301],[121.412274,31.229311],[121.412284,31.229318],[121.412293,31.229322],[121.4123,31.229325],[121.412306,31.229328],[121.412311,31.229334],[121.412317,31.229342],[121.412326,31.229352],[121.41234,31.229363],[121.412353,31.229374],[121.412365,31.229382],[121.412371,31.229386],[121.412375,31.229389],[121.412378,31.229392],[121.412381,31.229396],[121.412385,31.2294],[121.412388,31.229403],[121.41239,31.229405],[121.41239,31.229405],[121.41239,31.229405],[121.41239,31.229404],[121.41239,31.229403],[121.412391,31.229402],[121.412396,31.229401],[121.4124,31.2294],[121.41241,31.2294],[121.41242,31.229402],[121.412431,31.229406],[121.412438,31.229411],[121.412445,31.229418],[121.412454,31.229428],[121.412465,31.229439],[121.412477,31.22945],[121.412488,31.229461],[121.412498,31.229469],[121.412508,31.229478],[121.412517,31.229485],[121.412527,31.229492],[121.412537,31.229497],[121.412548,31.229502],[121.41256,31.229506],[121.41257,31.229509],[121.412577,31.229511],[121.412582,31.229517],[121.412587,31.229525],[121.412593,31.229535],[121.412601,31.229544],[121.41261,31.22955],[121.41262,31.229558],[121.412628,31.229564],[121.412634,31.229568],[121.412636,31.229568],[121.412636,31.229566],[121.412633,31.229564],[121.412627,31.22956],[121.41262,31.229556],[121.412611,31.229551],[121.412604,31.229548],[121.412596,31.229545],[121.412588,31.229544],[121.412581,31.229545],[121.412575,31.229546],[121.412572,31.229548],[121.412572,31.229548],[121.412574,31.229548],[121.412576,31.229549],[121.412577,31.229551],[121.412577,31.229552],[121.412577,31.229553],[121.412577,31.229553],[121.412577,31.229553],[121.412577,31.229553],[121.412577,31.229552],[121.412578,31.22955],[121.412578,31.229551],[121.412578,31.22955],[121.412578,31.229549],[121.412579,31.229549],[121.412578,31.22955],[121.412578,31.229552],[121.412578,31.229553],[121.412577,31.229553],[121.412577,31.229553],[121.412576,31.229553],[121.412577,31.229553],[121.412577,31.229553],[121.412576,31.229553],[121.412576,31.229553],[121.412575,31.229553],[121.412576,31.229554],[121.412576,31.229554],[121.412576,31.229554],[121.412576,31.229554],[121.412576,31.229554],[121.412577,31.229553],[121.412577,31.229553],[121.412577,31.229553],[121.412576,31.229553],[121.412576,31.229553],[121.412576,31.229553],[121.412576,31.229553],[121.412575,31.229552],[121.412575,31.229552],[121.412574,31.229551],[121.412571,31.22955],[121.412568,31.229549],[121.412563,31.229547],[121.412557,31.229542],[121.41255,31.229537],[121.412544,31.229528],[121.412537,31.229518],[121.412529,31.22951],[121.41252,31.229505],[121.41251,31.229502],[121.412499,31.229496],[121.412489,31.229488],[121.412478,31.22948],[121.41247,31.229471],[121.41246,31.229462],[121.41245,31.229452],[121.412437,31.229438],[121.412427,31.229425],[121.412418,31.229411],[121.412412,31.229401],[121.412406,31.229391],[121.4124,31.229382],[121.412395,31.229377],[121.412387,31.229374],[121.412379,31.229373],[121.41237,31.229369],[121.412361,31.229363],[121.412353,31.229357],[121.412345,31.22935],[121.412337,31.229344],[121.412328,31.229339],[121.41232,31.229336],[121.412311,31.229334],[121.4123,31.22933],[121.41229,31.229324],[121.412281,31.229317],[121.412273,31.229311],[121.412266,31.229306],[121.41226,31.2293],[121.412255,31.229297],[121.412249,31.229296],[121.412244,31.229298],[121.412239,31.229297],[121.412232,31.229295],[121.412226,31.229292],[121.412218,31.229289],[121.412213,31.229284],[121.412207,31.229278],[121.412202,31.229271],[121.412198,31.229264],[121.412194,31.229257],[121.41219,31.22925],[121.412183,31.22924],[121.412176,31.229231],[121.412168,31.229221],[121.412161,31.229214],[121.412151,31.229208],[121.41214,31.229205],[121.412128,31.229206],[121.412114,31.229207],[121.412101,31.22921],[121.412091,31.229213],[121.412086,31.229217],[121.412085,31.229222],[121.412085,31.229226],[121.412085,31.22923],[121.412086,31.229231],[121.412085,31.229231],[121.412084,31.22923],[121.41208,31.22923],[121.412075,31.22923],[121.412067,31.22923],[121.412058,31.229234],[121.412048,31.229242],[121.412041,31.229252],[121.412036,31.229259],[121.412029,31.229263],[121.412018,31.229266],[121.412007,31.229268],[121.411993,31.229272],[121.411983,31.229273],[121.411974,31.229273],[121.411968,31.229269],[121.411964,31.229267],[121.411963,31.229264],[121.411962,31.22926],[121.411961,31.229258],[121.411957,31.229254],[121.41195,31.229252],[121.411939,31.229251],[121.411923,31.229255],[121.411905,31.22926],[121.411888,31.229265],[121.411874,31.229269],[121.411858,31.229272],[121.411842,31.229275],[121.411826,31.229279],[121.411811,31.229281],[121.411797,31.229283],[121.411783,31.229285],[121.411768,31.229284],[121.411755,31.229283],[121.411742,31.229282],[121.41173,31.229281],[121.411718,31.229279],[121.411706,31.229278],[121.411691,31.22928],[121.411673,31.229286],[121.411656,31.229293],[121.411641,31.229301],[121.411629,31.229308],[121.411617,31.229315],[121.411607,31.229324],[121.411599,31.229333],[121.411594,31.229343],[121.41159,31.229348],[121.411584,31.229352],[121.411576,31.229356],[121.411565,31.229365],[121.411553,31.229377],[121.411544,31.229391],[121.411538,31.229406],[121.411536,31.229414],[121.41153,31.22942],[121.411523,31.229425],[121.411513,31.22943],[121.411507,31.229431],[121.411502,31.229427],[121.411501,31.229421],[121.411503,31.229413],[121.411507,31.229406],[121.411511,31.229401],[121.411516,31.229399],[121.41152,31.229398],[121.411525,31.229398],[121.411527,31.229397],[121.411527,31.229396],[121.411527,31.229395],[121.411527,31.229395],[121.411528,31.229397],[121.411527,31.229401],[121.411519,31.229407],[121.411506,31.229413],[121.41149,31.229421],[121.411476,31.229431],[121.411461,31.229442],[121.411448,31.229452],[121.411436,31.229465],[121.411426,31.229477],[121.411415,31.229487],[121.411407,31.229495],[121.411398,31.229502],[121.41139,31.22951],[121.411382,31.229517],[121.411373,31.229525],[121.411365,31.229534],[121.411358,31.229544],[121.411354,31.22956],[121.411351,31.229579],[121.411347,31.2296],[121.411342,31.229615],[121.411337,31.229625],[121.411332,31.229634],[121.411333,31.229642],[121.411329,31.229648],[121.411324,31.229652],[121.411317,31.229656],[121.411314,31.229659],[121.411312,31.22966],[121.411308,31.22966],[121.411306,31.229659],[121.411306,31.22966],[121.411307,31.22966],[121.411309,31.229661],[121.411309,31.229663],[121.411309,31.229667],[121.411309,31.229673],[121.411307,31.229678],[121.411303,31.229685],[121.411297,31.229692],[121.411291,31.229703],[121.411283,31.229713],[121.411275,31.229724],[121.411267,31.229734],[121.411254,31.229737],[121.41124,31.229738],[121.41122,31.229737],[121.411206,31.229742],[121.411192,31.229748],[121.411181,31.229755],[121.41117,31.229762],[121.411159,31.229771],[121.411148,31.229781],[121.411138,31.229794],[121.411134,31.229806],[121.411132,31.229819],[121.411129,31.229828],[121.41112,31.229835],[121.411109,31.229838],[121.411097,31.229841],[121.411088,31.22984],[121.411083,31.229839],[121.411074,31.229839],[121.411065,31.229842],[121.411053,31.229846],[121.411046,31.229852],[121.411045,31.229858],[121.411044,31.229863],[121.411044,31.229871],[121.411042,31.229882],[121.41104,31.229892],[121.411042,31.229898],[121.411044,31.229901],[121.411046,31.229903],[121.411045,31.229905],[121.411044,31.229907],[121.411041,31.229909],[121.411042,31.22991],[121.411045,31.229908],[121.41105,31.229904],[121.411051,31.229901],[121.411052,31.229898],[121.411053,31.229895],[121.411055,31.229891],[121.411056,31.229887],[121.411053,31.229888],[121.411049,31.229892],[121.411044,31.229895],[121.411041,31.229897],[121.411039,31.229897],[121.411039,31.229898],[121.411037,31.229901],[121.411036,31.229906],[121.411033,31.229912],[121.411031,31.229918],[121.411028,31.229922],[121.411025,31.229924],[121.411021,31.229925],[121.411018,31.229925],[121.411016,31.229925],[121.411015,31.229925],[121.411018,31.229923],[121.411018,31.229922],[121.411017,31.229924],[121.41101,31.229928],[121.411001,31.229932],[121.410991,31.229934],[121.41098,31.229934],[121.410967,31.229933],[121.410955,31.22993],[121.410943,31.229926],[121.410933,31.229923],[121.410923,31.229921],[121.410914,31.229921],[121.410905,31.229925],[121.410901,31.229933],[121.410903,31.229943],[121.410909,31.229954],[121.410914,31.229961],[121.410917,31.229968],[121.410916,31.229974],[121.410911,31.229981],[121.410905,31.229987],[121.4109,31.229992],[121.410896,31.229997],[121.410892,31.230002],[121.410889,31.230009],[121.410887,31.230017],[121.410885,31.230026],[121.410884,31.230036],[121.410883,31.230045],[121.410882,31.230055],[121.410879,31.230065],[121.410876,31.230073],[121.410872,31.23008],[121.410869,31.230086],[121.410865,31.230093],[121.410858,31.230102],[121.410851,31.230112],[121.410845,31.230122],[121.41084,31.23013],[121.410836,31.230137],[121.41083,31.230145],[121.410827,31.230153],[121.410823,31.230161],[121.410822,31.230167],[121.410818,31.230172],[121.410814,31.230176],[121.410809,31.230179],[121.410805,31.230181],[121.410803,31.230181],[121.410804,31.23018],[121.410805,31.230177],[121.410805,31.230176],[121.410804,31.230177],[121.4108,31.230179],[121.410799,31.230181],[121.410799,31.230182],[121.410799,31.230185],[121.410799,31.230186],[121.410797,31.230185],[121.410795,31.230184],[121.410794,31.230183],[121.410793,31.230182],[121.410792,31.23018],[121.410792,31.23018],[121.410792,31.230179],[121.410794,31.230178],[121.410794,31.230176],[121.410796,31.230175],[121.410797,31.230175],[121.410796,31.230176],[121.410794,31.230179],[121.410792,31.230181],[121.410791,31.230182],[121.41079,31.230184],[121.410789,31.230185],[121.410789,31.230186],[121.41079,31.230187],[121.41079,31.230189],[121.41079,31.23019],[121.41079,31.230191],[121.41079,31.230191],[121.41079,31.230191],[121.410791,31.23019],[121.410793,31.230189],[121.410794,31.230187],[121.410795,31.230186],[121.410794,31.230186],[121.410793,31.230189],[121.410791,31.230191],[121.410789,31.230193],[121.410788,31.230194],[121.410788,31.230194],[121.410788,31.230194],[121.410787,31.230194],[121.410786,31.230194],[121.410785,31.230195],[121.410785,31.230195],[121.410786,31.230196],[121.410787,31.230196],[121.410791,31.230193],[121.410792,31.230191],[121.410793,31.230187],[121.410788,31.230184],[121.410782,31.230182],[121.410773,31.230181],[121.410767,31.23018],[121.410759,31.230176],[121.41075,31.23017],[121.410741,31.230164],[121.410732,31.230159],[121.410722,31.230154],[121.41071,31.230149],[121.410699,31.230145],[121.410687,31.230142],[121.410675,31.23014],[121.410664,31.230136],[121.410656,31.230131],[121.410647,31.230124],[121.41064,31.230116],[121.41063,31.230106],[121.41062,31.230098],[121.410608,31.230092],[121.4106,31.230087],[121.410594,31.23008],[121.410589,31.23007],[121.410584,31.230059],[121.410579,31.230048],[121.410573,31.230038],[121.410569,31.230028],[121.410566,31.230019],[121.410565,31.230009],[121.410565,31.23],[121.410567,31.229988],[121.410569,31.229978],[121.410571,31.229968],[121.410572,31.229961],[121.410572,31.229953],[121.410571,31.229948],[121.41057,31.229943],[121.410568,31.229939],[121.410567,31.229934],[121.410565,31.229929],[121.410561,31.229925],[121.410556,31.229923],[121.410557,31.229924],[121.410564,31.229926],[121.410573,31.229926],[121.410578,31.229922],[121.410582,31.229912],[121.410586,31.229901],[121.41059,31.229888],[121.410592,31.229876],[121.410596,31.229863],[121.410602,31.229847],[121.410604,31.229834],[121.410604,31.229823],[121.410602,31.229816],[121.410602,31.229809],[121.410605,31.229804],[121.410611,31.229798],[121.410619,31.229793],[121.410627,31.229786],[121.410634,31.229778],[121.410637,31.229769],[121.41064,31.22976],[121.410642,31.229751],[121.410641,31.229742],[121.410643,31.229733],[121.410647,31.229725],[121.410655,31.229717],[121.410662,31.229707],[121.410665,31.229696],[121.410664,31.229683],[121.410666,31.229673],[121.410671,31.229662],[121.410681,31.229655],[121.410687,31.229649],[121.410694,31.229643],[121.410697,31.229634],[121.4107,31.229623],[121.410703,31.229613],[121.410707,31.229608],[121.410713,31.229602],[121.410723,31.229597],[121.410734,31.229589],[121.410746,31.229578],[121.410756,31.229566],[121.410763,31.229552],[121.410765,31.229543],[121.410771,31.229537],[121.410779,31.229532],[121.410787,31.229525],[121.41079,31.229516],[121.410791,31.22951],[121.410795,31.229507],[121.410801,31.229504],[121.410809,31.229499],[121.410816,31.229493],[121.410823,31.229486],[121.410831,31.229477],[121.410838,31.229468],[121.410846,31.229458],[121.410853,31.229449],[121.410864,31.229438],[121.410874,31.229426],[121.410882,31.229417],[121.410885,31.229408],[121.410885,31.2294],[121.410886,31.229388],[121.410886,31.229374],[121.410894,31.22936],[121.410901,31.22935],[121.410908,31.229343],[121.410911,31.229337],[121.410913,31.229332],[121.410918,31.229328],[121.410923,31.229325],[121.410929,31.229322],[121.41093,31.22932],[121.410931,31.229322],[121.410933,31.229324],[121.410937,31.229325],[121.410938,31.229324],[121.410935,31.229322],[121.410931,31.229321],[121.410929,31.229322],[121.410929,31.229321],[121.410933,31.22932],[121.410938,31.229316],[121.410945,31.229309],[121.410953,31.229301],[121.410964,31.229292],[121.410973,31.229281],[121.410982,31.22927],[121.410988,31.229259],[121.410995,31.229247],[121.411,31.229235],[121.411006,31.229223],[121.411012,31.229211],[121.411018,31.229203],[121.411022,31.229193],[121.411025,31.229183],[121.411025,31.229172],[121.411026,31.229163],[121.411028,31.229158],[121.411035,31.229152],[121.411039,31.229146],[121.411039,31.229141],[121.411037,31.229139],[121.411038,31.229135],[121.411047,31.229129],[121.411056,31.229119],[121.411065,31.229107],[121.411069,31.229095],[121.411075,31.229084],[121.411087,31.22907],[121.411097,31.229054],[121.41111,31.229041],[121.411116,31.229032],[121.411124,31.229025],[121.41113,31.229022],[121.411137,31.22902],[121.41114,31.229016],[121.411141,31.229005],[121.411141,31.228993],[121.411142,31.228982],[121.411144,31.228972],[121.41115,31.228964],[121.411156,31.228957],[121.411163,31.22895],[121.41117,31.228941],[121.411177,31.228932],[121.411182,31.228921],[121.411186,31.228914],[121.411189,31.228906],[121.411194,31.2289],[121.411201,31.228892],[121.41121,31.228882],[121.411218,31.228872],[121.411226,31.22886],[121.411233,31.228848],[121.411239,31.228836],[121.411243,31.228826],[121.411248,31.228816],[121.411252,31.228808],[121.411256,31.228798],[121.411259,31.228789],[121.411264,31.228778],[121.411273,31.228766],[121.411282,31.22875],[121.411289,31.228736],[121.411292,31.228725],[121.411295,31.228715],[121.411298,31.228709],[121.411301,31.228702],[121.411304,31.228698],[121.411306,31.228693],[121.411309,31.228686],[121.411312,31.228678],[121.411316,31.228668],[121.411321,31.228659],[121.411326,31.228651],[121.411332,31.228643],[121.411339,31.228636],[121.411347,31.228627],[121.411354,31.228618],[121.411362,31.228606],[121.411368,31.228596],[121.411372,31.228586],[121.411373,31.228579],[121.41138,31.228573],[121.411384,31.228568],[121.411388,31.228566],[121.411387,31.228563],[121.41139,31.228559],[121.411396,31.228552],[121.411403,31.228545],[121.411411,31.228536],[121.411419,31.228525],[121.411425,31.228513],[121.411428,31.228501],[121.41143,31.228492],[121.411435,31.228483],[121.411442,31.228472],[121.411446,31.228459],[121.411443,31.228447],[121.411438,31.228441],[121.411433,31.228438],[121.411438,31.228435],[121.411449,31.22843],[121.411464,31.228421],[121.411475,31.228412],[121.411482,31.228402],[121.411489,31.228392],[121.411495,31.228383],[121.4115,31.228373],[121.411503,31.228365],[121.411508,31.228358],[121.411515,31.22835],[121.411523,31.228339],[121.41153,31.228326],[121.411537,31.228314],[121.411539,31.228305],[121.411536,31.228298],[121.411529,31.228292],[121.411523,31.228283],[121.411521,31.228277],[121.411523,31.228273],[121.41153,31.22827],[121.411535,31.228261],[121.411542,31.228251],[121.411547,31.228239],[121.411556,31.228229],[121.411563,31.228218],[121.411569,31.228207],[121.411574,31.228194],[121.411578,31.228185],[121.411582,31.228175],[121.411583,31.228169],[121.411587,31.228162],[121.411593,31.228159],[121.411603,31.228154],[121.411613,31.228148],[121.411619,31.22814],[121.41162,31.228135],[121.411624,31.228133],[121.411631,31.228135],[121.411642,31.228135],[121.411654,31.228136],[121.411665,31.228135],[121.411676,31.228134],[121.411685,31.228133],[121.411695,31.228132],[121.411707,31.22813],[121.411722,31.228127],[121.411736,31.228123],[121.411749,31.228119],[121.41176,31.228115],[121.411772,31.228113],[121.411784,31.22811],[121.411797,31.228107],[121.41181,31.228104],[121.411824,31.228099],[121.411833,31.228095],[121.411841,31.228089],[121.411842,31.228085],[121.411841,31.22808],[121.411837,31.22808],[121.411836,31.228082],[121.411841,31.228084],[121.411851,31.228086],[121.411861,31.228085],[121.411864,31.228078],[121.411862,31.228067],[121.411859,31.228054],[121.411859,31.228042],[121.411857,31.22803],[121.411856,31.228021],[121.411858,31.22801],[121.411864,31.228001],[121.411875,31.227991],[121.411888,31.227984],[121.411901,31.22798],[121.411915,31.22798],[121.411926,31.227983],[121.411936,31.227987],[121.41194,31.227992],[121.41195,31.227996],[121.411963,31.228002],[121.411974,31.228007],[121.411977,31.228014],[121.411978,31.228019],[121.411977,31.228024],[121.411974,31.228028],[121.411968,31.228036],[121.411963,31.228041],[121.411959,31.228043],[121.411959,31.228045],[121.41196,31.228046],[121.411967,31.228049],[121.411969,31.228048],[121.411971,31.228047],[121.411969,31.228045],[121.411969,31.228042],[121.411967,31.228038],[121.411961,31.228031],[121.411949,31.228025],[121.411941,31.228021],[121.411946,31.228026],[121.411957,31.228036],[121.411967,31.228046],[121.411968,31.228052],[121.411968,31.228059],[121.411966,31.228066],[121.411963,31.228073],[121.411958,31.228079],[121.411953,31.228084],[121.411945,31.228086],[121.411943,31.228087],[121.41194,31.228088],[121.411942,31.228091],[121.41194,31.228091],[121.411938,31.228088],[121.411941,31.228085],[121.411944,31.228085],[121.411951,31.228088],[121.411952,31.228092],[121.411957,31.228098],[121.41196,31.228103],[121.41196,31.228106],[121.411954,31.228108],[121.411946,31.228114],[121.411941,31.228121],[121.411939,31.228128],[121.411939,31.228132],[121.411944,31.228139],[121.411948,31.228142],[121.41195,31.228146],[121.411952,31.228144],[121.411956,31.228142],[121.411958,31.228138],[121.411959,31.228133],[121.411958,31.228127],[121.411962,31.228122],[121.411965,31.228118],[121.411971,31.228113],[121.411973,31.228104],[121.411978,31.228095],[121.411981,31.228086],[121.411984,31.22808],[121.411984,31.22807],[121.411986,31.228061],[121.41199,31.228052],[121.411997,31.228042],[121.412004,31.228033],[121.412008,31.228025],[121.412008,31.228017],[121.412005,31.228008],[121.412005,31.227996],[121.412007,31.227986],[121.412012,31.227978],[121.412015,31.227975],[121.412017,31.227976],[121.412018,31.227971],[121.412018,31.227962],[121.412017,31.227947],[121.412015,31.227936],[121.412015,31.227924],[121.412016,31.227916],[121.412018,31.227911],[121.41202,31.227912],[121.412022,31.227916],[121.412024,31.227921],[121.412024,31.227927],[121.412021,31.227932],[121.41202,31.227932],[121.412025,31.227932],[121.412029,31.227924],[121.412029,31.227914],[121.412026,31.227901],[121.412024,31.227887],[121.412025,31.227868],[121.412026,31.227846],[121.412031,31.227827],[121.412036,31.227811],[121.412041,31.227795],[121.412046,31.227783],[121.41205,31.227771],[121.412055,31.22776],[121.412061,31.22775],[121.412067,31.227739],[121.412069,31.227728],[121.412068,31.227717],[121.412067,31.227706],[121.412068,31.227695],[121.412072,31.227686],[121.412076,31.227676],[121.41208,31.227666],[121.412083,31.227657],[121.412086,31.227649],[121.41209,31.227639],[121.412093,31.22763],[121.412097,31.227619],[121.4121,31.227609],[121.412104,31.227599],[121.412109,31.227589],[121.412112,31.227578],[121.412115,31.227566],[121.412117,31.227554],[121.412119,31.227539],[121.412121,31.227526],[121.412123,31.227512],[121.412126,31.227501],[121.41213,31.227488],[121.412136,31.227476],[121.412141,31.227462],[121.412144,31.227448],[121.412147,31.227437],[121.412151,31.227428],[121.412156,31.227419],[121.412162,31.227409],[121.41217,31.2274],[121.412182,31.227392],[121.412194,31.227384],[121.412207,31.227375],[121.412218,31.227364],[121.412225,31.227352],[121.41223,31.227341],[121.412233,31.227333],[121.412237,31.227328],[121.412245,31.227328],[121.412258,31.227326],[121.412275,31.227322],[121.412296,31.227313],[121.412316,31.227305],[121.412333,31.227298],[121.412344,31.227294],[121.412351,31.227294],[121.412359,31.227299],[121.412367,31.227304],[121.412381,31.227311],[121.412394,31.227315],[121.412402,31.22732],[121.412404,31.227325],[121.412402,31.227333],[121.412405,31.22734],[121.412411,31.227349],[121.41242,31.227354],[121.41243,31.227361],[121.412442,31.227366],[121.412455,31.227371],[121.41247,31.227377],[121.412484,31.227383],[121.412498,31.22739],[121.41251,31.227397],[121.412523,31.227404],[121.412537,31.227413],[121.412552,31.227421],[121.412569,31.227429],[121.412578,31.227436],[121.412586,31.227443],[121.412591,31.22745],[121.412602,31.227459],[121.412614,31.227467],[121.412627,31.227475],[121.412641,31.227483],[121.412654,31.22749],[121.412669,31.227499],[121.412682,31.227507],[121.412694,31.227515],[121.412704,31.227522],[121.412715,31.227528],[121.412728,31.227532],[121.412744,31.227534],[121.41276,31.227537],[121.412777,31.227541],[121.41279,31.227544],[121.412802,31.227547],[121.412815,31.227549],[121.412833,31.227551],[121.412854,31.227553],[121.412868,31.227554],[121.412876,31.227556],[121.412879,31.227561],[121.412889,31.227566],[121.412903,31.227569],[121.412917,31.227567],[121.412932,31.227565],[121.412949,31.227565],[121.412972,31.227567],[121.41299,31.227565],[121.413004,31.227558],[121.413012,31.227547],[121.413019,31.227536],[121.413024,31.227528],[121.413029,31.227523],[121.413036,31.227521],[121.413046,31.22752],[121.413058,31.227519],[121.413074,31.227517],[121.413089,31.227514],[121.413104,31.227511],[121.413116,31.227507],[121.413127,31.227503],[121.413136,31.227499],[121.413145,31.227496],[121.413155,31.227493],[121.413162,31.22749],[121.413165,31.227487],[121.413164,31.227485],[121.413163,31.227484],[121.413165,31.227485],[121.413171,31.227489],[121.413179,31.227494],[121.413187,31.227499],[121.413198,31.227505],[121.413209,31.227511],[121.413218,31.227518],[121.413225,31.227526],[121.413229,31.227533],[121.413233,31.227541],[121.413235,31.227548],[121.413238,31.227554],[121.41324,31.227557],[121.413243,31.227562],[121.413244,31.227566],[121.413243,31.227571],[121.413238,31.227573],[121.413234,31.227572],[121.413231,31.227572],[121.413231,31.227569],[121.413234,31.227566],[121.413236,31.227564],[121.413235,31.227569],[121.413232,31.227576],[121.41323,31.227581],[121.413231,31.227582],[121.413234,31.227584],[121.413238,31.227587],[121.413245,31.227591],[121.413253,31.227595],[121.41326,31.227599],[121.413267,31.227603],[121.413272,31.227607],[121.413276,31.22761],[121.413278,31.227611],[121.413276,31.227612],[121.413278,31.227611],[121.413278,31.227611],[121.413278,31.227609],[121.413273,31.227605],[121.413272,31.227603],[121.413273,31.227605],[121.413278,31.227609],[121.413285,31.227614],[121.413287,31.227616],[121.413284,31.227616],[121.413277,31.227615],[121.413276,31.227614],[121.413279,31.227615],[121.413286,31.227617],[121.413293,31.227617],[121.413302,31.227617],[121.413303,31.22762],[121.413303,31.22762],[121.413295,31.227618],[121.413289,31.227616],[121.41328,31.227615],[121.413274,31.227616],[121.41327,31.227615],[121.413266,31.227614],[121.413262,31.227612],[121.413257,31.22761],[121.413253,31.227607],[121.413251,31.227604],[121.413254,31.227603],[121.413264,31.227604],[121.413277,31.227607],[121.41329,31.227609],[121.4133,31.227611],[121.413309,31.22761],[121.413321,31.227611],[121.413327,31.227615],[121.413331,31.227619],[121.413333,31.227623],[121.413341,31.227623],[121.413351,31.227624],[121.413363,31.227624],[121.413377,31.227623],[121.413392,31.227623],[121.413407,31.227623],[121.413423,31.227622],[121.413438,31.227618],[121.413453,31.227611],[121.413466,31.227597],[121.413475,31.22758],[121.413479,31.227561],[121.41348,31.227545],[121.413481,31.22753],[121.41348,31.227511],[121.413477,31.227493],[121.41347,31.227475],[121.413464,31.227463],[121.413457,31.22745],[121.413451,31.227439],[121.413447,31.227429],[121.413443,31.22742],[121.413438,31.227413],[121.413432,31.227406],[121.413424,31.227398],[121.413417,31.227389],[121.413411,31.227379],[121.413407,31.22737],[121.413406,31.227362],[121.413408,31.227357],[121.41341,31.227353],[121.41341,31.227349],[121.41341,31.227343],[121.413412,31.227337],[121.413419,31.227328],[121.413423,31.22732],[121.413425,31.227311],[121.413418,31.227303],[121.41341,31.227295],[121.413398,31.227287],[121.413392,31.227279],[121.41339,31.227273],[121.413394,31.227267],[121.413401,31.227263],[121.413405,31.227258],[121.413404,31.227256],[121.4134,31.227257],[121.413397,31.227261],[121.413396,31.227268],[121.4134,31.227277],[121.413407,31.227286],[121.413416,31.227291],[121.413429,31.227291],[121.413439,31.227288],[121.413446,31.227284],[121.413448,31.227275],[121.413449,31.227265],[121.413448,31.227254],[121.413446,31.227245],[121.413445,31.227238],[121.413442,31.227232],[121.413436,31.227227],[121.413427,31.227221],[121.413418,31.227214],[121.41341,31.227207],[121.413403,31.2272],[121.413394,31.227196],[121.413387,31.227192],[121.413382,31.227191],[121.413378,31.227191],[121.413376,31.227192],[121.413375,31.227194],[121.413373,31.227196],[121.413372,31.227197],[121.413372,31.227199],[121.413374,31.227201],[121.413377,31.227205],[121.41338,31.22721],[121.413379,31.227217],[121.413376,31.227224],[121.41337,31.227229],[121.413365,31.227234],[121.413361,31.227239],[121.413359,31.227243],[121.413357,31.227249],[121.413357,31.227255],[121.413357,31.227263],[121.413358,31.227269],[121.413358,31.227282],[121.413357,31.227295],[121.413352,31.227306],[121.41335,31.227312],[121.413353,31.227318],[121.413364,31.227327],[121.413362,31.227336],[121.413366,31.227341],[121.413361,31.227348],[121.41336,31.227353],[121.413347,31.227359],[121.413338,31.227359],[121.413336,31.227357],[121.413336,31.227356],[121.41334,31.227358],[121.413341,31.227361],[121.413343,31.227363],[121.41334,31.227363],[121.413337,31.22736],[121.413334,31.227353],[121.413333,31.227343],[121.413334,31.227333],[121.413337,31.227322],[121.413344,31.22731],[121.413348,31.2273],[121.413351,31.227291],[121.413351,31.227283],[121.413353,31.227273],[121.413361,31.227265],[121.413363,31.227257],[121.413362,31.22725],[121.413353,31.227241],[121.413345,31.227232],[121.413336,31.227222],[121.413332,31.227214],[121.413331,31.227209],[121.413328,31.227206],[121.413324,31.227204],[121.413322,31.227197],[121.413327,31.227187],[121.413333,31.227177],[121.413337,31.227171],[121.413335,31.227169],[121.413333,31.227166],[121.413334,31.227161],[121.41334,31.227152],[121.413347,31.227143],[121.413359,31.227136],[121.41337,31.227131],[121.413381,31.227127],[121.413393,31.227122],[121.413403,31.227113],[121.413418,31.227102],[121.413428,31.227093],[121.413437,31.227086],[121.413435,31.227079],[121.413436,31.22707],[121.413438,31.227062],[121.413442,31.227056],[121.413445,31.22705],[121.41345,31.227046],[121.413454,31.227043],[121.413457,31.22704],[121.413458,31.227036],[121.413458,31.227032],[121.413458,31.227027],[121.41346,31.227019],[121.413462,31.227009],[121.413465,31.226999],[121.413467,31.226989],[121.41347,31.226979],[121.413473,31.226968],[121.413476,31.226954],[121.413478,31.226941],[121.413479,31.226929],[121.413479,31.22692],[121.413479,31.226913],[121.413478,31.226907],[121.413478,31.226901],[121.413479,31.226891],[121.41348,31.226881],[121.413481,31.22687],[121.413483,31.226861],[121.413485,31.226852],[121.413489,31.22684],[121.413493,31.226828],[121.413496,31.226817],[121.413497,31.226808],[121.413498,31.226799],[121.4135,31.226786],[121.413503,31.226773],[121.413508,31.226758],[121.413512,31.226747],[121.413515,31.226738],[121.413516,31.226732],[121.413517,31.226727],[121.41352,31.226719],[121.413523,31.226713],[121.413526,31.226707],[121.413529,31.226704],[121.413532,31.226701],[121.413535,31.226695],[121.413536,31.226689],[121.413537,31.226683],[121.413537,31.226679],[121.413539,31.226673],[121.413542,31.226662],[121.413546,31.226652],[121.41355,31.226643],[121.413553,31.226643],[121.413554,31.226648],[121.413556,31.226651],[121.413559,31.226646],[121.413563,31.226634],[121.413567,31.226622],[121.413571,31.22661],[121.413573,31.226599],[121.413577,31.226585],[121.41358,31.226574],[121.413584,31.226561],[121.413587,31.226553],[121.413592,31.226542],[121.413596,31.226533],[121.413602,31.226523],[121.41361,31.226508],[121.413618,31.226493],[121.413627,31.226476],[121.413635,31.22646],[121.413643,31.226446],[121.413648,31.226433],[121.413651,31.226425],[121.413654,31.226416],[121.413656,31.226408],[121.41366,31.226396],[121.413663,31.226386],[121.413668,31.226372],[121.413673,31.226362],[121.413679,31.22635],[121.413686,31.226339],[121.413693,31.226329],[121.413704,31.226318],[121.413712,31.226311],[121.413723,31.226303],[121.413724,31.226298],[121.413724,31.226288],[121.413712,31.226283],[121.413702,31.226276],[121.413695,31.226268],[121.413696,31.226257],[121.413703,31.226243],[121.413706,31.226237],[121.413707,31.226232],[121.413707,31.226232],[121.413715,31.226229],[121.413719,31.22622],[121.413724,31.226208],[121.413728,31.226193],[121.413737,31.22618],[121.413743,31.226166],[121.413745,31.22615],[121.413741,31.226134],[121.413738,31.22612],[121.413738,31.226108],[121.413741,31.226093],[121.413745,31.226075],[121.413754,31.226053],[121.413761,31.226037],[121.413767,31.226025],[121.413769,31.22602],[121.413771,31.226014],[121.413774,31.226009],[121.413777,31.226002],[121.413781,31.225994],[121.413785,31.225985],[121.413789,31.225977],[121.413792,31.225968],[121.413795,31.225959],[121.413798,31.22595],[121.4138,31.225941],[121.413802,31.225933],[121.413804,31.225925],[121.413807,31.225918],[121.413809,31.22591],[121.413813,31.225902],[121.413816,31.225894],[121.41382,31.225888],[121.413824,31.225882],[121.413828,31.225876],[121.413834,31.225871],[121.413839,31.225866],[121.413848,31.225859],[121.413858,31.22585],[121.413869,31.225839],[121.41388,31.225824],[121.413887,31.225808],[121.413894,31.225791],[121.413899,31.225775],[121.413909,31.225763],[121.413921,31.225753],[121.413937,31.225746],[121.413946,31.225734],[121.413948,31.225722],[121.413941,31.225708],[121.413936,31.225702],[121.413931,31.2257],[121.413932,31.225701],[121.413935,31.225699],[121.413942,31.225694],[121.413947,31.225688],[121.413951,31.225682],[121.413948,31.225676],[121.413943,31.225671],[121.413937,31.225666],[121.413932,31.225666],[121.41393,31.225667],[121.41393,31.225668],[121.413937,31.225671],[121.413944,31.225671],[121.413949,31.22567],[121.413949,31.225667],[121.413947,31.225663],[121.413943,31.225661],[121.41394,31.225661],[121.41394,31.225662],[121.413941,31.225663],[121.413947,31.225661],[121.413951,31.225658],[121.413951,31.225654],[121.413951,31.225654],[121.413954,31.225653],[121.413962,31.22565],[121.413967,31.225644],[121.413969,31.225639],[121.413972,31.225636],[121.413977,31.225636],[121.413988,31.225636],[121.413999,31.225635],[121.414009,31.225631],[121.414015,31.225626],[121.414019,31.225619],[121.41402,31.225613],[121.41402,31.225608],[121.414019,31.225604],[121.414019,31.225599],[121.414017,31.225594],[121.414012,31.225588],[121.414005,31.225585],[121.413997,31.22558],[121.413993,31.225576],[121.413987,31.225569],[121.413982,31.22556],[121.413976,31.22555],[121.413969,31.225539],[121.413961,31.225528],[121.413953,31.225517],[121.413943,31.225507],[121.413932,31.225502],[121.413923,31.2255],[121.413916,31.225505],[121.413908,31.225502],[121.413901,31.225496],[121.413889,31.225481],[121.413873,31.225469],[121.413855,31.225459],[121.413838,31.225451],[121.413826,31.225445],[121.413814,31.225436],[121.413803,31.225428],[121.41379,31.225418],[121.413776,31.225407],[121.413759,31.225393],[121.413742,31.225381],[121.413728,31.225371],[121.413717,31.225366],[121.413708,31.225363],[121.413698,31.225361],[121.413685,31.225358],[121.413673,31.225354],[121.413654,31.22535],[121.413635,31.225346],[121.413615,31.225342],[121.413599,31.22534],[121.413585,31.225339],[121.413574,31.22534],[121.413568,31.225341],[121.41357,31.225342],[121.413556,31.225337],[121.413535,31.225329],[121.413507,31.225321],[121.413488,31.225316],[121.413474,31.225314],[121.413463,31.225312],[121.413457,31.225313],[121.413455,31.225313],[121.413445,31.225308],[121.41343,31.225303],[121.41341,31.225299],[121.413398,31.225304],[121.413384,31.225305],[121.413367,31.225305],[121.413347,31.225301],[121.413334,31.225299],[121.413326,31.225299],[121.413319,31.2253],[121.41331,31.225304],[121.413301,31.225307],[121.413291,31.225309],[121.413283,31.225309],[121.413269,31.225311],[121.413255,31.225313],[121.41324,31.225315],[121.413227,31.225316],[121.413209,31.225316],[121.413189,31.225315],[121.413166,31.225316],[121.413145,31.225319],[121.413124,31.225324],[121.413106,31.225329],[121.41309,31.225336],[121.413081,31.225341],[121.413072,31.225344],[121.413066,31.225346],[121.41306,31.225347],[121.413052,31.225347],[121.41304,31.225347],[121.413022,31.225348],[121.413002,31.225352],[121.412983,31.225358],[121.412968,31.225361],[121.412951,31.225359],[121.412933,31.225354],[121.412915,31.225349],[121.4129,31.225345],[121.412887,31.225342],[121.412876,31.225341],[121.412869,31.22534],[121.412863,31.225339],[121.412855,31.225337],[121.412847,31.225335],[121.412839,31.225334],[121.412833,31.225334],[121.412823,31.225336],[121.412811,31.225338],[121.412796,31.225342],[121.41278,31.225348],[121.412762,31.225356],[121.412744,31.225363],[121.412726,31.225366],[121.412708,31.225365],[121.41269,31.225364],[121.412669,31.225363],[121.41265,31.225364],[121.412626,31.225365],[121.412606,31.225367],[121.412588,31.225367],[121.412575,31.225368],[121.412562,31.225368],[121.412551,31.225369],[121.412542,31.22537],[121.412535,31.22537],[121.412528,31.225371],[121.41252,31.225372],[121.41251,31.225374],[121.412498,31.225376],[121.412487,31.225378],[121.412476,31.225379],[121.412467,31.22538],[121.412459,31.225381],[121.412449,31.225381],[121.412442,31.225381],[121.412431,31.225382],[121.412422,31.225382],[121.412409,31.225382],[121.412398,31.225382],[121.412384,31.225382],[121.412371,31.225383],[121.412358,31.225383],[121.412344,31.225384],[121.412331,31.225386],[121.412317,31.225388],[121.412305,31.22539],[121.412294,31.225393],[121.412283,31.225396],[121.412272,31.225399],[121.412261,31.225402],[121.412248,31.225405],[121.412233,31.225409],[121.412217,31.225412],[121.412203,31.225415],[121.412191,31.225417],[121.41218,31.225418],[121.412169,31.22542],[121.41216,31.225421],[121.412151,31.225422],[121.412146,31.225422],[121.412146,31.225423],[121.412151,31.225424],[121.412156,31.225425],[121.412154,31.225424],[121.412146,31.225421],[121.412135,31.22542],[121.412127,31.22542],[121.412121,31.225422],[121.412112,31.225426],[121.412102,31.225431],[121.41209,31.225436],[121.412081,31.225441],[121.41207,31.225446],[121.412059,31.225449],[121.412048,31.225451],[121.412036,31.225452],[121.412024,31.225453],[121.41201,31.225453],[121.411994,31.225454],[121.411974,31.225452],[121.411949,31.225448],[121.411918,31.225441],[121.411891,31.225436],[121.411868,31.225434],[121.411854,31.225437],[121.41184,31.225445],[121.411824,31.225457],[121.411805,31.225467],[121.411785,31.225476],[121.411768,31.225482],[121.411751,31.225485],[121.411735,31.225487],[121.41172,31.225487],[121.411706,31.225486],[121.411694,31.225482],[121.411685,31.225479],[121.41167,31.225478],[121.411651,31.225478],[121.411629,31.225477],[121.411614,31.225476],[121.4116,31.22548],[121.411586,31.225486],[121.411574,31.225495],[121.411563,31.225504],[121.411553,31.225511],[121.411544,31.225515],[121.411539,31.225516],[121.411535,31.225515],[121.411527,31.225515],[121.41152,31.225516],[121.411512,31.225518],[121.411506,31.225524],[121.411498,31.225531],[121.411487,31.225536],[121.411474,31.225538],[121.411458,31.225538],[121.411448,31.225537],[121.411438,31.225538],[121.411428,31.225539],[121.411416,31.225541],[121.411405,31.225543],[121.411394,31.225546],[121.41138,31.225549],[121.411367,31.225552],[121.411355,31.225556],[121.411343,31.225559],[121.411331,31.225563],[121.411319,31.225567],[121.41131,31.225571],[121.411297,31.225575],[121.411281,31.22558],[121.411265,31.225585],[121.411249,31.225588],[121.411235,31.225591],[121.411222,31.225594],[121.411209,31.225596],[121.4112,31.225597],[121.411187,31.225598],[121.411176,31.225599],[121.411162,31.2256],[121.411148,31.2256],[121.411134,31.2256],[121.411119,31.2256],[121.411105,31.225599],[121.411091,31.225598],[121.411078,31.225597],[121.41107,31.225595],[121.411059,31.225593],[121.411047,31.225591],[121.411035,31.225589],[121.411021,31.225588],[121.411008,31.225586],[121.410995,31.225585],[121.410985,31.225583],[121.410972,31.225581],[121.410959,31.22558],[121.410946,31.225578],[121.410932,31.225576],[121.410917,31.225574],[121.410902,31.225572],[121.410887,31.22557],[121.410873,31.225568],[121.410858,31.225567],[121.410846,31.225565],[121.410828,31.225562],[121.410818,31.225559],[121.410809,31.225555],[121.410803,31.225554],[121.41079,31.225555],[121.410773,31.225558],[121.410756,31.225563],[121.410736,31.225568],[121.410714,31.225573],[121.410692,31.225575],[121.410673,31.225575],[121.410657,31.225572],[121.410643,31.225568],[121.41063,31.225564],[121.410619,31.225561],[121.410609,31.225559],[121.4106,31.225557],[121.410585,31.225553],[121.410568,31.225547],[121.410548,31.225538],[121.410534,31.225528],[121.410524,31.22552],[121.410519,31.225515],[121.410511,31.225511],[121.410499,31.225507],[121.410485,31.225499],[121.41047,31.225491],[121.410456,31.225483],[121.410442,31.225476],[121.410426,31.22547],[121.410412,31.225463],[121.410397,31.225456],[121.410387,31.225446],[121.410378,31.225438],[121.410368,31.22543],[121.410357,31.225425],[121.410345,31.225418],[121.410334,31.22541],[121.410323,31.225402],[121.410318,31.225397],[121.410312,31.225395],[121.410302,31.225393],[121.410286,31.225391],[121.41027,31.225385],[121.410257,31.225379],[121.410245,31.225371],[121.410237,31.225362],[121.410228,31.225351],[121.410222,31.225341],[121.410217,31.225331],[121.410212,31.225325],[121.410199,31.225319],[121.410178,31.225308],[121.410155,31.225295],[121.410136,31.22528],[121.410119,31.225269],[121.4101,31.225256],[121.410082,31.22524],[121.41007,31.225225],[121.410062,31.225213],[121.410055,31.225205],[121.410048,31.225201],[121.41004,31.225204],[121.41003,31.225205],[121.410017,31.225203],[121.410006,31.225196],[121.409997,31.225191],[121.409989,31.225189],[121.409976,31.22519],[121.409956,31.225192],[121.409933,31.225193],[121.409913,31.225192],[121.409895,31.22519],[121.409881,31.225186],[121.409868,31.225181],[121.409857,31.225176],[121.409846,31.225171],[121.409834,31.225165],[121.409821,31.225159],[121.409811,31.225154],[121.409802,31.225149],[121.409794,31.225144],[121.409788,31.225139],[121.409783,31.225134],[121.409779,31.22513],[121.409768,31.225127],[121.40975,31.225123],[121.409728,31.225116],[121.409712,31.225105],[121.409698,31.225094],[121.409688,31.225087],[121.409676,31.225085],[121.409667,31.225084],[121.409655,31.225084],[121.409644,31.22508],[121.409632,31.225074],[121.409627,31.22507],[121.409624,31.225065],[121.409624,31.225062],[121.409617,31.225058],[121.409608,31.225055],[121.409597,31.225052],[121.409584,31.225046],[121.409566,31.225038],[121.409546,31.225028],[121.409528,31.225018],[121.409513,31.225009],[121.4095,31.225004],[121.409486,31.225003],[121.409473,31.225001],[121.40946,31.224996],[121.40945,31.224988],[121.409442,31.224979],[121.409435,31.224973],[121.409426,31.224971],[121.409414,31.22497],[121.409401,31.224966],[121.409392,31.224961],[121.409386,31.224954],[121.409378,31.224946],[121.409367,31.224936],[121.409352,31.224927],[121.409339,31.22492],[121.409328,31.224915],[121.409319,31.224913],[121.409307,31.224912],[121.409295,31.224909],[121.409281,31.224906],[121.409268,31.224903],[121.409253,31.224901],[121.409241,31.224897],[121.409232,31.224894],[121.409227,31.224887],[121.409224,31.224881],[121.409222,31.224874],[121.409222,31.224871],[121.409216,31.224871],[121.409199,31.224872],[121.409177,31.224871],[121.409159,31.224868],[121.409149,31.224865],[121.409147,31.224862],[121.409144,31.224858],[121.409135,31.224854],[121.409123,31.22485],[121.409111,31.224847],[121.409104,31.224844],[121.409099,31.224842],[121.409097,31.224842],[121.409096,31.224843],[121.409098,31.224846],[121.409104,31.224849],[121.40911,31.224852],[121.40911,31.224851],[121.409098,31.224847],[121.409079,31.224839],[121.409062,31.22483],[121.409049,31.224822],[121.40904,31.224814],[121.409033,31.224809],[121.409028,31.224807],[121.409025,31.224808],[121.409023,31.224809],[121.409022,31.224812],[121.409021,31.224817],[121.409019,31.224824],[121.409017,31.22483],[121.409013,31.224837],[121.409011,31.224845],[121.409008,31.224855],[121.409004,31.224866],[121.408996,31.224876],[121.408985,31.224884],[121.408971,31.224893],[121.408959,31.224902],[121.408948,31.22491],[121.408939,31.224915],[121.408931,31.22492],[121.408924,31.224926],[121.408918,31.224933],[121.408912,31.224943],[121.408907,31.224956],[121.408903,31.224969],[121.408899,31.224981],[121.408897,31.224991],[121.408896,31.224999],[121.408896,31.225008],[121.408893,31.225017],[121.408887,31.225028],[121.408879,31.225038],[121.408872,31.225048],[121.408866,31.225059],[121.408859,31.225072],[121.408855,31.225083],[121.408851,31.225093],[121.408848,31.225101],[121.40884,31.225112],[121.408832,31.225122],[121.408825,31.225131],[121.408823,31.225138],[121.408826,31.225148],[121.40883,31.225159],[121.408833,31.225172],[121.408832,31.225183],[121.408827,31.225195],[121.408815,31.225205],[121.4088,31.225215],[121.408784,31.225223],[121.408775,31.225231],[121.408768,31.22524],[121.408765,31.225247],[121.40876,31.225256],[121.408755,31.225266],[121.408748,31.225276],[121.408742,31.225285],[121.408736,31.225293],[121.408731,31.225301],[121.408732,31.225309],[121.408736,31.225318],[121.408742,31.22533],[121.408746,31.225345],[121.408749,31.22536],[121.408743,31.225375],[121.408738,31.22539],[121.40873,31.225404],[121.408729,31.225416],[121.408722,31.225426],[121.408712,31.225431],[121.408699,31.225432],[121.408687,31.225433],[121.40868,31.225438],[121.408673,31.225443],[121.408669,31.225448],[121.408665,31.225451],[121.408666,31.225452],[121.40867,31.225452],[121.408675,31.225455],[121.408682,31.225458],[121.408685,31.225459],[121.408684,31.225458],[121.408677,31.225461],[121.408669,31.225467],[121.408663,31.225476],[121.408655,31.225485],[121.408648,31.225494],[121.40864,31.225502],[121.408633,31.225511],[121.408625,31.225521],[121.408618,31.225531],[121.408611,31.225541],[121.408605,31.225551],[121.4086,31.225561],[121.408595,31.22557],[121.408591,31.22558],[121.408588,31.225588],[121.408583,31.225599],[121.40858,31.22561],[121.408574,31.225624],[121.40857,31.225635],[121.408565,31.225649],[121.408561,31.22566],[121.408556,31.225671],[121.408552,31.225681],[121.408548,31.225691],[121.408545,31.225698],[121.408542,31.225704],[121.408539,31.22571],[121.408535,31.225718],[121.408529,31.225731],[121.408522,31.225746],[121.408514,31.22576],[121.408508,31.225771],[121.408502,31.225782],[121.408495,31.225793],[121.408489,31.225803],[121.408482,31.225816],[121.408475,31.22583],[121.408469,31.225842],[121.408463,31.225856],[121.408457,31.225869],[121.408452,31.225882],[121.408446,31.225895],[121.408441,31.225909],[121.408437,31.225922],[121.408433,31.225933],[121.40843,31.225944],[121.408426,31.225958],[121.408423,31.225971],[121.408425,31.22598],[121.408427,31.225987],[121.408424,31.225993],[121.408415,31.226002],[121.408403,31.22601],[121.408394,31.22602],[121.408386,31.22603],[121.408379,31.22604],[121.408373,31.226051],[121.408367,31.226062],[121.40836,31.226074],[121.408353,31.226084],[121.408347,31.226091],[121.408342,31.226097],[121.408339,31.226103],[121.408339,31.226111],[121.408342,31.226119],[121.408347,31.226129],[121.408347,31.226136],[121.408341,31.226144],[121.408331,31.226154],[121.408323,31.226166],[121.408317,31.226177],[121.408311,31.226184],[121.408301,31.22619],[121.408289,31.226197],[121.408276,31.226206],[121.408265,31.226217],[121.408254,31.226229],[121.408245,31.226241],[121.408237,31.226253],[121.40823,31.226264],[121.408224,31.226276],[121.408219,31.226287],[121.408213,31.226299],[121.408204,31.226311],[121.408191,31.226322],[121.408177,31.226333],[121.408166,31.226342],[121.408157,31.226353],[121.408152,31.226364],[121.408149,31.226376],[121.408147,31.226386],[121.408147,31.226395],[121.408151,31.226405],[121.408157,31.226415],[121.408165,31.226426],[121.408176,31.226436],[121.408176,31.226442],[121.408167,31.226447],[121.408149,31.226453],[121.40814,31.226465],[121.408137,31.226477],[121.408132,31.226487],[121.408121,31.226497],[121.408112,31.226507],[121.408106,31.226519],[121.408106,31.226531],[121.408104,31.226544],[121.408104,31.226558],[121.408106,31.226572],[121.40811,31.226586],[121.408116,31.226601],[121.408127,31.226616],[121.408127,31.226626],[121.408118,31.226633],[121.408101,31.226637],[121.408092,31.226645],[121.408091,31.226655],[121.408095,31.226668],[121.408094,31.226679],[121.408084,31.226687],[121.408072,31.226692],[121.408061,31.226698],[121.408053,31.226706],[121.408045,31.226712],[121.40804,31.226719],[121.408039,31.226726],[121.40804,31.226733],[121.408039,31.226742],[121.40804,31.226748],[121.40804,31.226752],[121.408041,31.226753],[121.40804,31.226754],[121.408041,31.226755],[121.408044,31.226755],[121.408049,31.226757],[121.408047,31.22676],[121.408042,31.226763],[121.408036,31.226766],[121.40803,31.226769],[121.408026,31.226774],[121.408018,31.226782],[121.408013,31.22679],[121.408009,31.226798],[121.408009,31.226808],[121.408008,31.226819],[121.408005,31.226833],[121.408,31.226847],[121.407996,31.22686],[121.407993,31.226873],[121.407993,31.226886],[121.407995,31.226899],[121.407992,31.226915],[121.407981,31.226929],[121.407967,31.226942],[121.407956,31.226953],[121.407949,31.226964],[121.407944,31.226974],[121.407938,31.226984],[121.407933,31.226995],[121.40793,31.227006],[121.407929,31.227018],[121.407929,31.227029],[121.40793,31.227038],[121.407927,31.227046],[121.407924,31.227056],[121.407919,31.227066],[121.407917,31.227079],[121.407916,31.227091],[121.407913,31.227105],[121.407907,31.227117],[121.4079,31.22713],[121.407895,31.227139],[121.407892,31.22715],[121.40789,31.227161],[121.407889,31.227172],[121.407888,31.227184],[121.407888,31.227195],[121.407887,31.227207],[121.407891,31.227218],[121.407893,31.227227],[121.407894,31.227234],[121.40789,31.227244],[121.407886,31.227255],[121.407883,31.227272],[121.407883,31.227287],[121.40788,31.2273],[121.407872,31.227307],[121.407857,31.227317],[121.407844,31.227326],[121.407839,31.227337],[121.407836,31.227345],[121.407832,31.227354],[121.407824,31.227364],[121.407816,31.227376],[121.407811,31.227392],[121.407809,31.227408],[121.40781,31.227426],[121.407814,31.227441],[121.407818,31.227457],[121.407819,31.22747],[121.40782,31.227484],[121.407824,31.227499],[121.407827,31.227519],[121.407825,31.227537],[121.407819,31.227552],[121.407811,31.227565],[121.407805,31.227577],[121.407801,31.227588],[121.4078,31.227599],[121.4078,31.227607],[121.407803,31.227615],[121.407808,31.22762],[121.407815,31.227627],[121.407823,31.227634],[121.407831,31.22764],[121.407842,31.227649],[121.407853,31.227658],[121.407865,31.227666],[121.407876,31.227673],[121.407882,31.227683],[121.407882,31.227696],[121.407877,31.227707],[121.40787,31.227715],[121.407868,31.227722],[121.407867,31.227727],[121.407867,31.227731],[121.407865,31.227737],[121.407862,31.227747],[121.407862,31.227758],[121.407862,31.22777],[121.407863,31.22778],[121.407863,31.227789],[121.407862,31.227801],[121.407864,31.227814],[121.40787,31.227831],[121.407881,31.227849],[121.407887,31.227868],[121.407886,31.227885],[121.407876,31.227902],[121.407869,31.227914],[121.407864,31.227927],[121.40786,31.227936],[121.407855,31.227944],[121.407849,31.22795],[121.407843,31.227956],[121.407839,31.227964],[121.407833,31.227972],[121.407828,31.227981],[121.407823,31.227989],[121.407818,31.227997],[121.407814,31.228006],[121.407809,31.228015],[121.407805,31.228024],[121.407797,31.228036],[121.407788,31.228047],[121.407777,31.228059],[121.407769,31.228069],[121.407763,31.22808],[121.40776,31.22809],[121.407759,31.228099],[121.40776,31.228106],[121.407762,31.228112],[121.407763,31.228117],[121.407766,31.228121],[121.407771,31.228125],[121.407778,31.228129],[121.407787,31.228132],[121.407798,31.228136],[121.40781,31.22814],[121.40782,31.228147],[121.407825,31.228156],[121.407821,31.228165],[121.407809,31.228172],[121.407791,31.228178],[121.407774,31.228186],[121.407757,31.2282],[121.407743,31.228215],[121.407732,31.22823],[121.407724,31.228243],[121.40772,31.228256],[121.407719,31.228266],[121.407719,31.228276],[121.40772,31.228286],[121.407722,31.228297],[121.407723,31.228308],[121.407727,31.228322],[121.40773,31.228334],[121.40773,31.228349],[121.407723,31.228362],[121.407715,31.228376],[121.407709,31.228386],[121.407708,31.228395],[121.407709,31.228401],[121.40771,31.228403],[121.407708,31.228402],[121.407707,31.228403],[121.407707,31.228407],[121.407708,31.228412],[121.40771,31.228416],[121.407709,31.228419],[121.407704,31.228422],[121.407695,31.228429],[121.407686,31.228436],[121.407681,31.228443],[121.407678,31.228445],[121.407672,31.228441],[121.407667,31.228437],[121.407659,31.228434],[121.407656,31.228434],[121.407653,31.228433],[121.407651,31.228434],[121.407649,31.228435],[121.407647,31.228436],[121.407647,31.228438],[121.407647,31.22844],[121.407648,31.228443],[121.407652,31.228445],[121.407658,31.228446],[121.407665,31.228446],[121.407673,31.228444],[121.40768,31.228441],[121.407679,31.22844],[121.407673,31.228443],[121.407665,31.228445],[121.407663,31.228447],[121.407664,31.228446],[121.407665,31.228443],[121.407662,31.228437],[121.407657,31.228434],[121.407653,31.228432],[121.407652,31.228432],[121.407652,31.228432],[121.407652,31.228433],[121.40765,31.228434],[121.40765,31.228436],[121.407645,31.228438],[121.407645,31.228438],[121.407642,31.228438],[121.407643,31.228436],[121.407637,31.228435],[121.407629,31.228433],[121.407614,31.228433],[121.407599,31.228433],[121.407587,31.228429],[121.407576,31.228422],[121.407564,31.228415],[121.407549,31.228411],[121.407535,31.228411],[121.407525,31.228413],[121.407522,31.228415],[121.407523,31.228415],[121.407523,31.228412],[121.407521,31.228411],[121.407517,31.228413],[121.407517,31.228418],[121.407509,31.22842],[121.407493,31.228419],[121.407469,31.228417],[121.407445,31.228419],[121.407426,31.228424],[121.407408,31.228432],[121.407391,31.22844],[121.407376,31.228446],[121.407362,31.22845],[121.407347,31.228449],[121.407332,31.228447],[121.407317,31.228444],[121.407302,31.228442],[121.407289,31.228442],[121.407277,31.228442],[121.40727,31.228441],[121.407263,31.228438],[121.407252,31.228436],[121.407234,31.228435],[121.407213,31.228435],[121.407194,31.228435],[121.40718,31.228434],[121.407166,31.228433],[121.407152,31.22843],[121.407134,31.228428],[121.407116,31.228426],[121.407097,31.228426],[121.407081,31.228428],[121.407066,31.228431],[121.407048,31.228436],[121.40703,31.228442],[121.407014,31.228449],[121.406998,31.228456],[121.406985,31.228462],[121.406965,31.228466],[121.406946,31.228467],[121.406921,31.22847],[121.406903,31.228471],[121.406889,31.228471],[121.406879,31.228469],[121.406868,31.228463],[121.40686,31.228458],[121.406851,31.228454],[121.406845,31.228454],[121.406842,31.228455],[121.406839,31.228457],[121.406838,31.228458],[121.406837,31.22846],[121.406837,31.228461],[121.406838,31.228461],[121.406838,31.22846],[121.406829,31.228456],[121.406812,31.228451],[121.40679,31.228446],[121.40677,31.22844],[121.406752,31.228433],[121.406732,31.228426],[121.406712,31.228419],[121.40669,31.228412],[121.406672,31.228408],[121.406657,31.228404],[121.406647,31.2284],[121.406637,31.228394],[121.406627,31.228387],[121.406615,31.228382],[121.406604,31.228379],[121.406593,31.228379],[121.406585,31.228379],[121.406573,31.228379],[121.406559,31.228377],[121.406543,31.228376],[121.406532,31.228377],[121.406522,31.22838],[121.406511,31.228383],[121.4065,31.228385],[121.406488,31.228385],[121.406478,31.228386],[121.406469,31.228391],[121.406464,31.228396],[121.406462,31.228403],[121.406463,31.228408],[121.406467,31.228416],[121.406474,31.22842],[121.40648,31.228423],[121.406484,31.228427],[121.406478,31.228439],[121.406468,31.228451],[121.40645,31.228458],[121.40644,31.228459],[121.406427,31.228461],[121.406419,31.228467],[121.406407,31.228473],[121.406396,31.228481],[121.406388,31.228489],[121.406381,31.228497],[121.406378,31.228508],[121.406376,31.228518],[121.406376,31.228528],[121.406378,31.228535],[121.406383,31.228541],[121.40639,31.228545],[121.406401,31.228548],[121.406405,31.22855],[121.406404,31.228553],[121.40639,31.228556],[121.406382,31.228562],[121.406374,31.228567],[121.406372,31.228573],[121.406367,31.228578],[121.406363,31.228584],[121.406359,31.228591],[121.406355,31.228599],[121.406352,31.228608],[121.406349,31.22862],[121.406347,31.228633],[121.406345,31.228646],[121.406345,31.228659],[121.406343,31.228673],[121.406342,31.228688],[121.406337,31.228705],[121.406326,31.228721],[121.406314,31.228737],[121.406302,31.228751],[121.406294,31.228763],[121.406287,31.228779],[121.406282,31.228791],[121.406277,31.228805],[121.406274,31.228815],[121.406271,31.228825],[121.406267,31.228834],[121.406264,31.228841],[121.406264,31.228849],[121.406265,31.228854],[121.406271,31.228861],[121.406277,31.22887],[121.406285,31.228882],[121.406288,31.228897],[121.406281,31.228913],[121.40627,31.228927],[121.406258,31.228936],[121.406254,31.228944],[121.406256,31.228953],[121.406259,31.228964],[121.406264,31.228978],[121.406264,31.228992],[121.406264,31.229007],[121.406261,31.229021],[121.406257,31.229038],[121.406254,31.229055],[121.406252,31.22907],[121.406253,31.229083],[121.406254,31.229096],[121.406255,31.229108],[121.406249,31.229122],[121.406238,31.229133],[121.406222,31.229144],[121.406208,31.229152],[121.4062,31.22916],[121.406197,31.229169],[121.406196,31.229181],[121.406194,31.229194],[121.406192,31.229207],[121.406188,31.229219],[121.406185,31.22923],[121.406182,31.229244],[121.40618,31.229257],[121.406178,31.229269],[121.406178,31.229278],[121.406179,31.229288],[121.406183,31.229297],[121.406184,31.229307],[121.406176,31.229316],[121.406162,31.229326],[121.406151,31.229336],[121.406145,31.229346],[121.406141,31.229355],[121.406138,31.229362],[121.406136,31.22937],[121.406135,31.229378],[121.406134,31.229386],[121.406133,31.229392],[121.406133,31.229399],[121.40613,31.22941],[121.406128,31.22942],[121.406128,31.229432],[121.40613,31.229442],[121.406132,31.229455],[121.406127,31.229468],[121.406118,31.229479],[121.406107,31.229489],[121.406098,31.229497],[121.406091,31.229506],[121.406085,31.229517],[121.406078,31.229529],[121.406073,31.229541],[121.406069,31.229551],[121.406066,31.22956],[121.406064,31.229571],[121.406062,31.229581],[121.40606,31.229592],[121.406058,31.229602],[121.406057,31.229613],[121.406059,31.229624],[121.406063,31.229637],[121.406063,31.229655],[121.406054,31.229674],[121.406039,31.229691],[121.406024,31.229702],[121.406017,31.229712],[121.406015,31.229724],[121.406015,31.229739],[121.406013,31.229753],[121.406009,31.229767],[121.406006,31.22978],[121.406004,31.229795],[121.406,31.229809],[121.405994,31.229822],[121.405986,31.229835],[121.40598,31.229847],[121.405977,31.22986],[121.405978,31.229873],[121.405976,31.229888],[121.40597,31.229901],[121.405959,31.229915],[121.405948,31.229925],[121.405941,31.229936],[121.405935,31.229947],[121.405931,31.229957],[121.405929,31.229969],[121.405927,31.229979],[121.405925,31.229989],[121.405921,31.229998],[121.405916,31.230008],[121.405912,31.230019],[121.405908,31.23003],[121.405907,31.230041],[121.405904,31.230052],[121.405903,31.230063],[121.405897,31.230077],[121.405887,31.230091],[121.405875,31.230104],[121.405864,31.230114],[121.405857,31.230124],[121.40585,31.230134],[121.405845,31.230144],[121.40584,31.230155],[121.405837,31.230165],[121.405834,31.230176],[121.405832,31.230186],[121.405831,31.230195],[121.405831,31.230205],[121.405831,31.230216],[121.405833,31.230227],[121.405835,31.230239],[121.405838,31.230251],[121.405839,31.230265],[121.405837,31.230279],[121.405832,31.230292],[121.405827,31.230303],[121.405823,31.230313],[121.405822,31.230326],[121.40582,31.230337],[121.405817,31.230349],[121.405812,31.230358],[121.405809,31.230367],[121.405807,31.230376],[121.405806,31.230385],[121.405807,31.230393],[121.405808,31.2304],[121.405811,31.230407],[121.405815,31.230412],[121.40582,31.230416],[121.405823,31.230416],[121.405824,31.230415],[121.405824,31.230412],[121.405825,31.230408],[121.405831,31.230404],[121.405838,31.230399],[121.405845,31.230393],[121.405852,31.230388],[121.405858,31.230384],[121.405863,31.23038],[121.405868,31.230378],[121.405872,31.230376],[121.405879,31.230374],[121.405888,31.230373],[121.405899,31.230374],[121.405913,31.230378],[121.405935,31.230386],[121.405969,31.230401],[121.406009,31.230417],[121.406051,31.230432],[121.406098,31.230438],[121.406101,31.230435],[121.406074,31.230418],[121.406018,31.230395],[121.405985,31.23037],[121.405955,31.230351],[121.405931,31.230345],[121.405918,31.230349],[121.405926,31.230359],[121.405943,31.230366],[121.405965,31.230368],[121.405983,31.230361],[121.405996,31.230347],[121.406001,31.23033],[121.405998,31.230314],[121.405985,31.230298],[121.405965,31.230281],[121.405947,31.23027],[121.405931,31.230265],[121.40592,31.230268],[121.405913,31.230273],[121.405908,31.230276],[121.405906,31.230278],[121.405906,31.230278],[121.405905,31.230278],[121.405905,31.230279],[121.405905,31.230279],[121.405905,31.230279],[121.405905,31.230279],[121.405905,31.230279],[121.405905,31.230279],[121.405905,31.230279],[121.405905,31.230279],[121.405905,31.230279],[121.405905,31.230279],[121.405905,31.230279],[121.405905,31.230279],[121.405905,31.230279],[121.405905,31.230279],[121.405905,31.230279],[121.405905,31.230279],[121.405905,31.230279],[121.405905,31.230279],[121.405905,31.230279],[121.405905,31.230279],[121.405905,31.230279],[121.405905,31.230279],[121.405905,31.230279],[121.405905,31.230279],[121.405905,31.230278],[121.405905,31.230278],[121.405905,31.230278],[121.405905,31.230278],[121.405905,31.230278],[121.405905,31.230278],[121.405905,31.230278],[121.405905,31.230278],[121.405905,31.230278],[121.405905,31.230278],[121.405905,31.230279],[121.405905,31.230278],[121.405905,31.230278],[121.405905,31.230278],[121.405905,31.230277],[121.405906,31.230277],[121.405906,31.230277],[121.405907,31.230276],[121.405906,31.230276],[121.405905,31.230277],[121.405904,31.230278],[121.405903,31.230279],[121.405904,31.23028],[121.405905,31.23028],[121.405906,31.23028],[121.405907,31.230281],[121.405907,31.230281],[121.405906,31.23028],[121.405906,31.230279],[121.405906,31.230278],[121.405906,31.230276],[121.405906,31.230276],[121.405906,31.230276],[121.405905,31.230276],[121.405905,31.230276],[121.405905,31.230277],[121.405905,31.230276],[121.405905,31.230278],[121.405905,31.230279],[121.405905,31.230281],[121.405905,31.230281],[121.405904,31.23028],[121.405904,31.23028],[121.405905,31.230278],[121.405905,31.230277],[121.405905,31.230277],[121.405906,31.230279],[121.405905,31.230282],[121.405904,31.230281],[121.405903,31.230281],[121.405903,31.230281],[121.405904,31.230282],[121.405905,31.230282],[121.405906,31.230281],[121.405906,31.23028],[121.405906,31.230279],[121.405906,31.23028],[121.405906,31.23028],[121.405906,31.230281],[121.405906,31.230283],[121.405907,31.230285],[121.405908,31.23029],[121.40591,31.230298],[121.405911,31.230311],[121.405912,31.230333],[121.40591,31.230365],[121.405896,31.230402],[121.405875,31.230436],[121.405852,31.230457],[121.40584,31.230467],[121.405834,31.230469],[121.405831,31.230469],[121.405829,31.230466],[121.40583,31.230465],[121.405832,31.230463],[121.405838,31.230457],[121.405843,31.23045],[121.405852,31.230438],[121.405858,31.230426],[121.405866,31.230411],[121.405868,31.230397],[121.405866,31.230387],[121.405861,31.230383],[121.405854,31.230383],[121.405846,31.230384],[121.405838,31.230384],[121.405833,31.23038],[121.405831,31.230374],[121.405833,31.230367],[121.405841,31.230361],[121.405858,31.230356],[121.405885,31.23035],[121.405928,31.230344],[121.40598,31.230336],[121.40605,31.230327],[121.406052,31.230317],[121.40601,31.230311],[121.405924,31.230308],[121.405882,31.230305],[121.405862,31.230303],[121.405863,31.2303],[121.405864,31.230298],[121.405868,31.230296],[121.405863,31.230292],[121.405861,31.230285],[121.405857,31.230272],[121.405857,31.230258],[121.405862,31.230245],[121.405874,31.230233],[121.405885,31.230219],[121.40589,31.230201],[121.405892,31.230179],[121.405902,31.230157],[121.405937,31.230137],[121.406006,31.230121],[121.406123,31.23011],[121.40577,31.23035],[121.405765,31.230354],[121.40576,31.230359],[121.405759,31.230366],[121.405758,31.230372],[121.405757,31.230379],[121.405757,31.230386],[121.405758,31.230393],[121.405759,31.2304],[121.40576,31.230406],[121.405761,31.23041],[121.405763,31.230414],[121.405767,31.230417],[121.405773,31.23042],[121.405779,31.230422],[121.405786,31.230422],[121.40579,31.230421],[121.405793,31.230418],[121.405793,31.230416],[121.405794,31.230414],[121.405795,31.230411],[121.405796,31.230409],[121.405798,31.230407],[121.405799,31.230405],[121.405801,31.230404],[121.405802,31.230403],[121.405804,31.230403],[121.405806,31.230403],[121.405807,31.230403],[121.405809,31.230404],[121.405811,31.230406],[121.405813,31.230409],[121.405815,31.230412],[121.405817,31.230416],[121.405819,31.230421],[121.405821,31.230427],[121.405823,31.230434],[121.405825,31.230443],[121.405827,31.230453],[121.40583,31.230465],[121.405834,31.230479],[121.405838,31.230492],[121.405843,31.230505],[121.405848,31.230516],[121.405853,31.230526],[121.405857,31.230533],[121.405861,31.230538],[121.405864,31.230542],[121.405867,31.230546],[121.405871,31.230548],[121.405874,31.230551],[121.405879,31.230554],[121.405884,31.230558],[121.40589,31.230562],[121.405896,31.230567],[121.405904,31.230572],[121.405913,31.230577],[121.405923,31.230581],[121.405933,31.230583],[121.405943,31.230584],[121.405952,31.230582],[121.405959,31.23058],[121.405964,31.230577],[121.405965,31.230573],[121.405963,31.230567],[121.405957,31.230559],[121.40595,31.230548],[121.405942,31.230535],[121.405933,31.23052],[121.405924,31.230505],[121.405916,31.23049],[121.405908,31.230476],[121.405901,31.230463],[121.405896,31.230454],[121.405891,31.230445],[121.405887,31.23044],[121.405884,31.230436],[121.405881,31.230434],[121.405879,31.230432],[121.405878,31.230429],[121.405877,31.230426],[121.405876,31.230422],[121.405875,31.230417],[121.405874,31.23041],[121.405872,31.230403],[121.40587,31.230394],[121.405867,31.230386],[121.405863,31.230377],[121.405858,31.230368],[121.405853,31.230361],[121.405846,31.230354],[121.405838,31.23035],[121.40583,31.230347],[121.405821,31.230346],[121.405812,31.230346],[121.405803,31.230345],[121.405795,31.230345],[121.405788,31.230345],[121.405782,31.230347],[121.405778,31.230349],[121.405775,31.23035],[121.405775,31.23035],[121.405776,31.23035],[121.405782,31.230349],[121.405791,31.230348],[121.405802,31.230348],[121.405809,31.230348],[121.405813,31.230351],[121.405813,31.230354],[121.405813,31.230358],[121.405812,31.230363],[121.405811,31.230368],[121.405809,31.230374],[121.405806,31.23038],[121.405803,31.230387],[121.4058,31.230394],[121.405797,31.230401],[121.405794,31.230409],[121.40579,31.230417],[121.405787,31.230425],[121.405784,31.230433],[121.405781,31.230441],[121.405778,31.23045],[121.405776,31.230458],[121.405774,31.230466],[121.405774,31.230473],[121.405774,31.23048],[121.405775,31.230485],[121.405777,31.23049],[121.405779,31.230493],[121.40578,31.230498],[121.405784,31.230497],[121.405789,31.230495],[121.405797,31.230489],[121.405802,31.230487],[121.405806,31.230486],[121.405808,31.230486],[121.40581,31.230486],[121.405811,31.230485],[121.405812,31.230486],[121.405813,31.230486],[121.405815,31.230487],[121.405816,31.230488],[121.405818,31.230491],[121.405818,31.230493],[121.405818,31.230496],[121.405818,31.230498],[121.405818,31.2305],[121.405817,31.230506],[121.405818,31.230506],[121.405819,31.230516],[121.405823,31.230504],[121.405825,31.230495],[121.40583,31.230472],[121.405835,31.230459],[121.405843,31.230443],[121.405851,31.230424],[121.405859,31.230403],[121.405867,31.230382],[121.405873,31.230362],[121.405879,31.230343],[121.405884,31.230325],[121.405887,31.23031],[121.40589,31.230297],[121.405893,31.230286],[121.405894,31.230277],[121.405896,31.230265],[121.405895,31.230264],[121.405894,31.230263],[121.405889,31.230271],[121.405886,31.23027],[121.405882,31.230272],[121.405878,31.230274],[121.405873,31.230278],[121.405867,31.230282],[121.405862,31.230287],[121.405858,31.230292],[121.405854,31.230298],[121.405852,31.230303],[121.40585,31.230309],[121.405849,31.230314],[121.40585,31.230319],[121.40585,31.230325],[121.405852,31.23033],[121.405854,31.230336],[121.405856,31.230343],[121.405859,31.230351],[121.405864,31.230363],[121.405868,31.230377],[121.405871,31.230392],[121.405872,31.230402],[121.405872,31.230411],[121.405874,31.23042],[121.405879,31.230429],[121.405886,31.230437],[121.405895,31.230444],[121.405902,31.23045],[121.405907,31.230453],[121.405909,31.230452],[121.405909,31.230446],[121.405908,31.230435],[121.405904,31.23042],[121.405899,31.2304],[121.405892,31.230379],[121.405886,31.230356],[121.405883,31.230334],[121.405883,31.230319],[121.405884,31.230311],[121.405884,31.23031],[121.405884,31.230308],[121.405883,31.230307],[121.405883,31.230305],[121.405882,31.230303],[121.405881,31.230302],[121.405881,31.2303],[121.405883,31.230298],[121.405886,31.230297],[121.405891,31.230297],[121.405896,31.230298],[121.405902,31.230302],[121.405907,31.230309],[121.405912,31.230319],[121.405918,31.23033],[121.405923,31.230344],[121.405929,31.230359],[121.405935,31.230374],[121.405941,31.230389],[121.405947,31.230402],[121.405951,31.230415],[121.405954,31.230426],[121.405955,31.230433],[121.405954,31.230439],[121.405952,31.230443],[121.40595,31.230444],[121.405947,31.230444],[121.405944,31.230442],[121.405942,31.230439],[121.405941,31.230435],[121.40594,31.230432],[121.405939,31.230429],[121.405938,31.230426],[121.405936,31.230424],[121.405935,31.230422],[121.405933,31.23042],[121.405931,31.230419],[121.405929,31.230417],[121.405926,31.230416],[121.405922,31.230415],[121.405917,31.230414],[121.40591,31.230415],[121.405897,31.230417],[121.405882,31.230423],[121.405866,31.230434],[121.405855,31.230452],[121.405849,31.230472],[121.405844,31.230493],[121.405841,31.230513],[121.40584,31.230531],[121.405843,31.230544],[121.405848,31.230551],[121.405853,31.230552],[121.40586,31.230547],[121.405866,31.230538],[121.405872,31.230531],[121.405879,31.230528],[121.405886,31.23053],[121.405891,31.230534],[121.405893,31.230541],[121.40589,31.230548],[121.405881,31.230554],[121.405868,31.230556],[121.405853,31.230553],[121.405839,31.230545],[121.405828,31.230538],[121.40582,31.230533],[121.405815,31.230535],[121.405815,31.230537],[121.405821,31.230538],[121.405831,31.230534],[121.405838,31.230526],[121.405837,31.230515],[121.405833,31.230503],[121.405827,31.230494],[121.405823,31.23049],[121.405819,31.23049],[121.405818,31.230492],[121.405817,31.230494],[121.405818,31.230493],[121.40582,31.230492],[121.405824,31.230491],[121.405831,31.230494],[121.405839,31.2305],[121.405843,31.230507],[121.405845,31.230515],[121.405846,31.230521],[121.405851,31.230524],[121.405857,31.230522],[121.405865,31.230515],[121.405874,31.230507],[121.405883,31.230497],[121.405891,31.230489],[121.405897,31.230479],[121.405901,31.230468],[121.405903,31.230457],[121.405902,31.230445],[121.4059,31.230434],[121.405895,31.23042],[121.40589,31.230404],[121.405884,31.230386],[121.405879,31.23037],[121.405876,31.230357],[121.405874,31.230347],[121.405874,31.230343],[121.405875,31.230341],[121.405877,31.230343],[121.40588,31.230344],[121.405884,31.230345],[121.405889,31.230344],[121.405896,31.230342],[121.405904,31.230339],[121.405913,31.230337],[121.40592,31.230339],[121.405923,31.230346],[121.405924,31.23036],[121.405924,31.230374],[121.405923,31.230386],[121.405923,31.230392],[121.405922,31.230398],[121.405921,31.230406],[121.405918,31.230417],[121.405914,31.230432],[121.405911,31.230447],[121.405908,31.230462],[121.405905,31.230472],[121.4059,31.23048],[121.405894,31.230484],[121.405888,31.230486],[121.405884,31.230486],[121.405881,31.230488],[121.405879,31.230493],[121.405876,31.230497],[121.405871,31.230494],[121.405868,31.230483],[121.405869,31.230467],[121.405878,31.230452],[121.405889,31.230443],[121.405898,31.230434],[121.405902,31.230425],[121.405903,31.230414],[121.405904,31.230404],[121.405905,31.230395],[121.405904,31.230391],[121.405901,31.230389],[121.405895,31.230386],[121.405885,31.230385],[121.405869,31.230382],[121.40585,31.23038],[121.40583,31.230378],[121.405813,31.230376],[121.405803,31.230376],[121.405802,31.230377],[121.405809,31.230377],[121.405822,31.230376],[121.405838,31.230374],[121.405853,31.230372],[121.405865,31.230369],[121.405876,31.230367],[121.405884,31.230361],[121.40589,31.230352],[121.405892,31.23034],[121.405892,31.230327],[121.405891,31.230315],[121.405891,31.230304],[121.405891,31.230296],[121.405888,31.230289],[121.405882,31.230284],[121.405872,31.230279],[121.40586,31.230276],[121.405848,31.230276],[121.405836,31.230285],[121.405824,31.230305],[121.405816,31.23033],[121.405815,31.23036],[121.405818,31.230385],[121.405825,31.230406],[121.405833,31.230422],[121.405838,31.230434],[121.405839,31.230443],[121.405837,31.230451],[121.405832,31.230458],[121.405828,31.230461],[121.405825,31.230462],[121.405822,31.230463],[121.405819,31.230463],[121.405817,31.230465],[121.405816,31.230466],[121.405815,31.230469],[121.405816,31.230472],[121.405815,31.230476],[121.405814,31.23048],[121.405811,31.230484],[121.40581,31.230489],[121.405809,31.230495],[121.405809,31.230504],[121.40581,31.230514],[121.405814,31.230524],[121.405822,31.230533],[121.405836,31.230539],[121.405852,31.230542],[121.405867,31.230541],[121.40588,31.230538],[121.405892,31.230532],[121.405906,31.230525],[121.40592,31.230517],[121.405935,31.230508],[121.405951,31.230497],[121.405966,31.230487],[121.405981,31.230476],[121.405991,31.230468],[121.405995,31.230461],[121.405993,31.230452],[121.405988,31.230443],[121.405984,31.230434],[121.405982,31.230426],[121.405985,31.230421],[121.405992,31.230421],[121.405999,31.230426],[121.406004,31.230435],[121.406001,31.230446],[121.405991,31.230457],[121.405976,31.230467],[121.405959,31.230478],[121.405941,31.230485],[121.405924,31.230488],[121.40591,31.23049],[121.405898,31.230492],[121.405889,31.230496],[121.405883,31.230499],[121.405882,31.230504],[121.405883,31.230509],[121.405884,31.230514],[121.405884,31.230519],[121.405883,31.230523],[121.405881,31.230525],[121.405879,31.230526],[121.405876,31.230526],[121.405872,31.230528],[121.405865,31.230531],[121.405859,31.230536],[121.405854,31.230543],[121.40585,31.230549],[121.405847,31.230556],[121.405844,31.230561],[121.405842,31.230565],[121.405842,31.230566],[121.405841,31.230567],[121.40584,31.230567],[121.405839,31.230567],[121.405839,31.230567],[121.405838,31.230566],[121.405839,31.230564],[121.40584,31.230561],[121.405842,31.230558],[121.405843,31.230555],[121.405844,31.230553],[121.405845,31.230552],[121.405845,31.230551],[121.405845,31.230551],[121.405844,31.230551],[121.405844,31.230551],[121.405843,31.230551],[121.405842,31.230551],[121.405842,31.230551],[121.405842,31.23055],[121.405843,31.230549],[121.405844,31.230547],[121.405846,31.230544],[121.405847,31.230541],[121.405849,31.230537],[121.405851,31.230533],[121.405853,31.230529],[121.405855,31.230524],[121.405857,31.230517],[121.40586,31.23051],[121.405863,31.230502],[121.405865,31.230493],[121.405867,31.230485],[121.405868,31.230477],[121.405869,31.230469],[121.405868,31.230462],[121.405867,31.230456],[121.405865,31.230453],[121.405865,31.230451],[121.405866,31.230453],[121.405869,31.230458],[121.405874,31.230466],[121.405882,31.230475],[121.405894,31.230487],[121.40591,31.230501],[121.40593,31.230516],[121.405954,31.230532],[121.405982,31.230549],[121.406011,31.230568],[121.406041,31.230589],[121.406069,31.230612],[121.406094,31.230637],[121.406115,31.230667],[121.406133,31.230704],[121.406149,31.230747],[121.406166,31.230794],[121.406184,31.230845],[121.406204,31.230899],[121.406225,31.230955],[121.406248,31.231012],[121.406271,31.231069],[121.406296,31.231125],[121.406318,31.231179],[121.40634,31.231233],[121.406357,31.231282],[121.406375,31.231335],[121.406381,31.231352],[121.40594,31.23026],[121.405939,31.230258],[121.40594,31.230253],[121.405943,31.230246],[121.405946,31.23024],[121.40595,31.230233],[121.405955,31.230226],[121.405961,31.230219],[121.405972,31.23021],[121.405982,31.230205],[121.40599,31.230208],[121.405993,31.230217],[121.405994,31.230223],[121.405995,31.230224],[121.405995,31.230223],[121.405996,31.230221],[121.405996,31.230218],[121.405997,31.230216],[121.405999,31.230216],[121.406001,31.230217],[121.406004,31.23022],[121.406007,31.230226],[121.406011,31.230234],[121.406015,31.230244],[121.406018,31.230257],[121.406021,31.230272],[121.406023,31.230289],[121.406024,31.230306],[121.406023,31.230324],[121.406021,31.230339],[121.406018,31.230353],[121.406013,31.230364],[121.406007,31.230373],[121.405999,31.23038],[121.405989,31.230387],[121.405979,31.230392],[121.405967,31.230397],[121.405959,31.230401],[121.40595,31.230405],[121.405942,31.230408],[121.405933,31.23041],[121.405924,31.23041],[121.405916,31.230411],[121.405908,31.230412],[121.4059,31.230413],[121.405893,31.230414],[121.405888,31.230415],[121.405884,31.230415],[121.405883,31.230414],[121.405882,31.230413],[121.405884,31.230412],[121.405886,31.230411],[121.405891,31.23041],[121.405897,31.230409],[121.405904,31.230408],[121.405911,31.230407],[121.405918,31.230406],[121.405929,31.230405],[121.405939,31.230403],[121.40595,31.2304],[121.405958,31.230396],[121.405967,31.230391],[121.405976,31.230385],[121.405984,31.230379],[121.405992,31.230373],[121.406,31.230367],[121.406008,31.230362],[121.406015,31.230357],[121.406022,31.230353],[121.406028,31.230349],[121.406033,31.230346],[121.406037,31.230342],[121.40604,31.230339],[121.406043,31.230336],[121.406045,31.230334],[121.406047,31.230331],[121.406049,31.230328],[121.406051,31.230325],[121.406052,31.230323],[121.406053,31.230321],[121.406053,31.230319],[121.406053,31.230318],[121.406051,31.230318],[121.406049,31.23032],[121.406045,31.230322],[121.40604,31.230326],[121.406033,31.230332],[121.406025,31.230339],[121.406016,31.230346],[121.406007,31.230354],[121.405998,31.230362],[121.405989,31.23037],[121.40598,31.230378],[121.405972,31.230385],[121.405964,31.230391],[121.405956,31.230396],[121.405949,31.230401],[121.405942,31.230404],[121.405935,31.230407],[121.405929,31.230409],[121.405923,31.23041],[121.405918,31.230412],[121.405912,31.230413],[121.405906,31.230415],[121.4059,31.230416],[121.405894,31.230419],[121.405888,31.230422],[121.405883,31.230425],[121.405878,31.230429],[121.405874,31.230433],[121.405871,31.230436],[121.405869,31.230439],[121.405866,31.230447],[121.405863,31.230461],[121.405859,31.230482],[121.405855,31.230505],[121.405849,31.230526],[121.405843,31.230542],[121.405836,31.230553],[121.405828,31.230559],[121.405821,31.230563],[121.405816,31.230565],[121.405817,31.230567],[121.405831,31.230568],[121.405857,31.23055],[121.405869,31.230528],[121.405856,31.230496],[121.405825,31.230479],[121.4058,31.230465],[121.405787,31.230457],[121.405777,31.230451],[121.405769,31.230447],[121.405763,31.230443],[121.405758,31.230439],[121.405754,31.230435],[121.405751,31.230431],[121.405748,31.230427],[121.405746,31.230422],[121.405745,31.230417],[121.405743,31.230412],[121.405742,31.230406],[121.405741,31.230401],[121.405741,31.230398],[121.405743,31.230395],[121.405746,31.230392],[121.405751,31.230391],[121.405756,31.230388],[121.405762,31.230386],[121.405767,31.230383],[121.405772,31.230379],[121.405777,31.230375],[121.405781,31.230372],[121.405785,31.230369],[121.405789,31.230367],[121.405793,31.230366],[121.405797,31.230366],[121.405799,31.230367],[121.405801,31.230368],[121.405802,31.230369],[121.405803,31.230371],[121.405803,31.230373],[121.405803,31.230376],[121.405802,31.23038],[121.405802,31.230385],[121.405801,31.230391],[121.4058,31.230399],[121.4058,31.230408],[121.405801,31.230419],[121.405802,31.23043],[121.405804,31.230441],[121.405807,31.230452],[121.405812,31.230462],[121.405817,31.23047],[121.405822,31.230477],[121.405826,31.230481],[121.405829,31.230483],[121.405832,31.230481],[121.405835,31.230477],[121.405839,31.23047],[121.405843,31.23046],[121.40585,31.230447],[121.405856,31.230434],[121.405863,31.23042],[121.405867,31.230407],[121.40587,31.230394],[121.40587,31.230384],[121.405867,31.230376],[121.405863,31.230372],[121.405856,31.230372],[121.40585,31.230376],[121.405844,31.230385],[121.405839,31.230399],[121.405837,31.230417],[121.405836,31.230437],[121.405839,31.230456],[121.405842,31.230475],[121.405847,31.230491],[121.405852,31.230505],[121.405858,31.230518],[121.405865,31.23053],[121.405872,31.230543],[121.405879,31.230558],[121.405884,31.230575],[121.405889,31.230593],[121.405892,31.230612],[121.405895,31.23063],[121.405897,31.230644],[121.405899,31.230654],[121.405902,31.230658],[121.405905,31.230658],[121.405907,31.230652],[121.405909,31.230642],[121.40591,31.230626],[121.40591,31.230607],[121.405909,31.230584],[121.405907,31.230558],[121.405904,31.23053],[121.4059,31.230501],[121.405895,31.230473],[121.40589,31.230446],[121.405886,31.230423],[121.405882,31.230404],[121.40588,31.23039],[121.405877,31.230379],[121.405875,31.230373],[121.405872,31.230369],[121.40587,31.230368],[121.405867,31.230369],[121.405864,31.230374],[121.405863,31.23038],[121.405863,31.23039],[121.405863,31.230402],[121.405864,31.230416],[121.405866,31.230432],[121.405868,31.23045],[121.405871,31.230468],[121.405874,31.230486],[121.405876,31.230503],[121.405879,31.230518],[121.405881,31.23053],[121.405883,31.23054],[121.405884,31.230548],[121.405886,31.230557],[121.405889,31.230568],[121.40589,31.230579],[121.405891,31.230586],[121.405891,31.230589],[121.405891,31.23059],[121.405891,31.230589],[121.405891,31.230587],[121.405889,31.230582],[121.405888,31.23058],[121.405885,31.230575],[121.405887,31.230574],[121.405887,31.230572],[121.40589,31.230574],[121.405891,31.230572],[121.405892,31.230571],[121.405893,31.230568],[121.405894,31.230564],[121.405895,31.230561],[121.405896,31.230557],[121.405896,31.230553],[121.405897,31.230548],[121.405898,31.230542],[121.405898,31.230533],[121.405898,31.230523],[121.405896,31.230509],[121.405896,31.230499],[121.405895,31.23049],[121.405898,31.230486],[121.405898,31.230479],[121.405898,31.230474],[121.405898,31.230469],[121.405898,31.230465],[121.405898,31.230461],[121.405899,31.230458],[121.405899,31.230456],[121.405901,31.230455],[121.405902,31.230454],[121.405905,31.230454],[121.405908,31.230455],[121.405911,31.230457],[121.405914,31.230459],[121.405917,31.230462],[121.405921,31.230463],[121.405922,31.230464],[121.405923,31.230466],[121.405922,31.230469],[121.405921,31.230472],[121.405919,31.230476],[121.405917,31.23048],[121.405916,31.230483],[121.405915,31.230485],[121.405914,31.230488],[121.405913,31.230488],[121.405913,31.230488],[121.405915,31.230485],[121.405919,31.230481],[121.405922,31.230476],[121.405921,31.23047],[121.405916,31.230464],[121.405909,31.230458],[121.405902,31.230453],[121.405897,31.230448],[121.405893,31.230445],[121.40589,31.230444],[121.405887,31.230447],[121.405885,31.230452],[121.405883,31.23046],[121.405881,31.230469],[121.405877,31.230478],[121.405874,31.230489],[121.405873,31.230499],[121.405873,31.230508],[121.405875,31.230516],[121.405877,31.230523],[121.405877,31.230529],[121.405875,31.230534],[121.405872,31.230536],[121.405872,31.230536],[121.405872,31.230534],[121.405872,31.230533],[121.405872,31.230531],[121.405872,31.23053],[121.405872,31.230529],[121.405872,31.230528],[121.40587,31.230529],[121.405868,31.23053],[121.405866,31.230532],[121.405864,31.230534],[121.405864,31.230536],[121.405868,31.230536],[121.405873,31.230533],[121.405874,31.230529],[121.405871,31.230523],[121.405865,31.230518],[121.40586,31.230514],[121.405856,31.230511],[121.405854,31.230509],[121.405852,31.230507],[121.405851,31.230507],[121.405851,31.230507],[121.40585,31.230507],[121.40585,31.23051],[121.405851,31.230512],[121.405853,31.230515],[121.405857,31.230516],[121.405869,31.230514],[121.405886,31.230511],[121.405904,31.230508],[121.405915,31.230505],[121.405919,31.230503],[121.405919,31.2305],[121.405919,31.230496],[121.405919,31.23049],[121.405919,31.230483],[121.40592,31.230475],[121.405921,31.230467],[121.405922,31.23046],[121.405923,31.230456],[121.405924,31.230454],[121.405924,31.230453],[121.405925,31.230453],[121.405928,31.230454],[121.405932,31.230455],[121.405936,31.230456],[121.405939,31.230455],[121.405941,31.230455],[121.405943,31.230455],[121.405943,31.230455],[121.405943,31.230455],[121.405943,31.230455],[121.405942,31.230454],[121.40594,31.230453],[121.405938,31.230452],[121.405936,31.23045],[121.405933,31.230448],[121.40593,31.230445],[121.405928,31.230442],[121.405926,31.23044],[121.405925,31.230438],[121.405924,31.230436],[121.405923,31.230435],[121.405922,31.230434],[121.405921,31.230434],[121.40592,31.230434],[121.405919,31.230433],[121.405918,31.230432],[121.405917,31.230431],[121.405916,31.23043],[121.405915,31.230429],[121.405913,31.230427],[121.405911,31.230425],[121.40591,31.230424],[121.405907,31.230422],[121.405904,31.23042],[121.405901,31.230419],[121.405898,31.230418],[121.405894,31.230418],[121.405891,31.230418],[121.405888,31.230419],[121.405885,31.230421],[121.405882,31.230424],[121.40588,31.230427],[121.405877,31.23043],[121.405873,31.230434],[121.405868,31.23044],[121.405864,31.230446],[121.405859,31.230452],[121.405855,31.230457],[121.405853,31.230461],[121.405852,31.230465],[121.405856,31.230471],[121.405861,31.230477],[121.405867,31.230482],[121.405871,31.230484],[121.405874,31.230485],[121.405878,31.230486],[121.405882,31.230485],[121.405887,31.230484],[121.405891,31.230482],[121.405893,31.23048],[121.405895,31.230478],[121.405896,31.230477],[121.405897,31.230475],[121.405897,31.230472],[121.405897,31.23047],[121.405896,31.230469],[121.405896,31.230468],[121.405896,31.230467],[121.405895,31.230466],[121.405895,31.230465],[121.405894,31.230464],[121.405893,31.230463],[121.405892,31.230462],[121.40589,31.230462],[121.405888,31.230462],[121.405887,31.230463],[121.405885,31.230464],[121.405883,31.230465],[121.40588,31.230467],[121.405878,31.230469],[121.405875,31.23047],[121.405871,31.230472],[121.405867,31.230473],[121.405862,31.230474],[121.405848,31.230474],[121.405826,31.230472],[121.405796,31.230469],[121.405773,31.230465],[121.405757,31.230462],[121.405749,31.230462],[121.405745,31.230463],[121.405744,31.230466],[121.405746,31.23047],[121.40575,31.230475],[121.405756,31.23048],[121.405765,31.230483],[121.405775,31.230486],[121.405785,31.230488],[121.405795,31.230488],[121.405805,31.230488],[121.405814,31.230487],[121.405822,31.230485],[121.405829,31.230483],[121.405834,31.230481],[121.405838,31.23048],[121.40584,31.23048],[121.405841,31.230479],[121.405842,31.230479],[121.405842,31.230479],[121.405841,31.23048],[121.405839,31.230481],[121.405836,31.230482],[121.405832,31.230483],[121.405829,31.230483],[121.405826,31.230482],[121.405823,31.230481],[121.405821,31.230479],[121.405819,31.230477],[121.405818,31.230475],[121.405817,31.230474],[121.405817,31.230472],[121.405818,31.230471],[121.405819,31.23047],[121.405821,31.23047],[121.405823,31.230469],[121.405827,31.230469],[121.405831,31.230469],[121.405836,31.230469],[121.40584,31.230469],[121.405843,31.230468],[121.405846,31.230467],[121.405848,31.230467],[121.40585,31.230466],[121.405851,31.230465],[121.405852,31.230465],[121.405852,31.230464],[121.405854,31.230462],[121.405855,31.230461],[121.405855,31.23046],[121.405853,31.23046],[121.405852,31.23046],[121.405851,31.23046],[121.40585,31.23046],[121.40585,31.230459],[121.40585,31.230458],[121.405851,31.230457],[121.405851,31.230457],[121.40585,31.230457],[121.405847,31.230459],[121.405841,31.230464],[121.405832,31.23047],[121.405824,31.230476],[121.405818,31.230481],[121.405813,31.230484],[121.405807,31.230487],[121.405799,31.230491],[121.405783,31.230498],[121.405766,31.230506],[121.405748,31.230516],[121.405735,31.230526],[121.405724,31.230535],[121.405716,31.230543],[121.40571,31.230549],[121.405709,31.230554],[121.405709,31.230558],[121.405712,31.230562],[121.405717,31.230566],[121.405723,31.230569],[121.40573,31.23057],[121.405736,31.230571],[121.405741,31.230569],[121.405747,31.230566],[121.405754,31.23056],[121.405761,31.230552],[121.405766,31.230545],[121.405768,31.23054],[121.405768,31.230538],[121.405767,31.230537],[121.405766,31.230537],[121.405763,31.230538],[121.405761,31.230543],[121.405759,31.230551],[121.405758,31.230558],[121.405758,31.230564],[121.405758,31.230568],[121.405756,31.230572],[121.405754,31.230576],[121.405751,31.230579],[121.40575,31.230581],[121.40575,31.23058],[121.405752,31.230578],[121.405755,31.230574],[121.405759,31.23057],[121.405763,31.230565],[121.405768,31.230559],[121.405773,31.230553],[121.405779,31.230546],[121.405786,31.230537],[121.405794,31.230526],[121.405801,31.230515],[121.405809,31.230506],[121.405816,31.230499],[121.405825,31.230493],[121.405834,31.230487],[121.405842,31.23048],[121.405849,31.230473],[121.405855,31.230467],[121.405859,31.230462],[121.405862,31.230457],[121.405863,31.230454],[121.405863,31.230451],[121.405861,31.23045],[121.405858,31.230448],[121.405856,31.230447],[121.405853,31.230447],[121.405849,31.230447],[121.405846,31.230448],[121.405843,31.23045],[121.405842,31.230452],[121.40584,31.230455],[121.405836,31.230458],[121.405831,31.230461],[121.405824,31.230465],[121.405819,31.230468],[121.405814,31.23047],[121.405811,31.230472],[121.405811,31.230473],[121.405811,31.230476],[121.405813,31.230479],[121.405814,31.23048],[121.405816,31.23048],[121.405817,31.230481],[121.405818,31.230482],[121.405817,31.230484],[121.405813,31.230486],[121.405808,31.230489],[121.405801,31.230493],[121.405789,31.230502],[121.405777,31.230512],[121.405766,31.230522],[121.405759,31.230528],[121.405752,31.230534],[121.405746,31.230539],[121.40574,31.230544],[121.405735,31.230548],[121.405732,31.230551],[121.40573,31.230554],[121.405729,31.230556],[121.40573,31.230557],[121.405732,31.230556],[121.405735,31.230555],[121.405739,31.230553],[121.405743,31.230552],[121.405746,31.23055],[121.405749,31.230549],[121.405751,31.230548],[121.405753,31.230547],[121.405755,31.230547],[121.405756,31.230546],[121.405758,31.230545],[121.405759,31.230544],[121.405759,31.230544],[121.40576,31.230544],[121.40576,31.230544],[121.40576,31.230544],[121.405759,31.230544],[121.40576,31.230543],[121.40576,31.230543],[121.40576,31.230544],[121.405759,31.230548],[121.40576,31.230555],[121.405758,31.230567],[121.405752,31.230578],[121.405743,31.230588],[121.405736,31.230593],[121.405731,31.230597],[121.40573,31.230598],[121.405731,31.230597],[121.405734,31.230597],[121.405736,31.230598],[121.405737,31.230602],[121.405736,31.230608],[121.405735,31.230612],[121.405734,31.230613],[121.405737,31.23061],[121.405745,31.230602],[121.40576,31.230593],[121.405783,31.23058],[121.405809,31.230564],[121.405831,31.230548],[121.405847,31.230533],[121.405854,31.230523],[121.405859,31.230514],[121.405859,31.230508],[121.405859,31.230502],[121.405858,31.230496],[121.40586,31.230488],[121.405867,31.23048],[121.405878,31.230471],[121.40589,31.230465],[121.405901,31.230462],[121.40591,31.230462],[121.405916,31.230463],[121.405921,31.230465],[121.405929,31.230468],[121.405937,31.230471],[121.405943,31.230473],[121.405944,31.230474],[121.405943,31.230474],[121.405944,31.230471],[121.405946,31.230467],[121.40595,31.230461],[121.405956,31.230456],[121.405961,31.23045],[121.405968,31.230444],[121.405974,31.230441],[121.40598,31.230439],[121.405984,31.230438],[121.405986,31.230438],[121.405986,31.230439],[121.405987,31.230442],[121.405991,31.230445],[121.405994,31.230449],[121.405994,31.230451],[121.405989,31.230452],[121.405983,31.230452],[121.405976,31.23045],[121.405971,31.230447],[121.405965,31.230444],[121.405959,31.23044],[121.405952,31.230437],[121.405943,31.230436],[121.405936,31.230438],[121.405929,31.230441],[121.405924,31.230446],[121.405921,31.23045],[121.405921,31.230456],[121.405922,31.230462],[121.405923,31.230466],[121.405923,31.23047],[121.405923,31.230472],[121.405924,31.230475],[121.405924,31.230477],[121.405925,31.230479],[121.405926,31.230481],[121.405927,31.230482],[121.405928,31.230484],[121.405929,31.230484],[121.405929,31.230485],[121.405929,31.230485],[121.405929,31.230485],[121.405928,31.230486],[121.405927,31.230486],[121.405925,31.230486],[121.405922,31.230485],[121.405919,31.230484],[121.405913,31.230483],[121.405907,31.23048],[121.4059,31.230477],[121.405893,31.230474],[121.405886,31.23047],[121.40588,31.230467],[121.405874,31.230463],[121.405869,31.230459],[121.405864,31.230456],[121.405861,31.230453],[121.405858,31.23045],[121.405857,31.230448],[121.405856,31.230446],[121.405857,31.230444],[121.405858,31.230442],[121.40586,31.23044],[121.405862,31.230437],[121.405865,31.230434],[121.405866,31.230431],[121.405867,31.230428],[121.405865,31.230423],[121.40586,31.230419],[121.40585,31.230415],[121.405838,31.230416],[121.405824,31.230419],[121.405811,31.230424],[121.4058,31.230431],[121.405791,31.230437],[121.405786,31.230442],[121.405783,31.230445],[121.405782,31.230447],[121.405782,31.230448],[121.405785,31.230448],[121.40579,31.230448],[121.405796,31.230449],[121.405798,31.230449],[121.405796,31.23045],[121.40579,31.230449],[121.405786,31.230449],[121.405783,31.230449],[121.405781,31.230449],[121.40578,31.23045],[121.405779,31.23045],[121.405779,31.23045],[121.405778,31.23045],[121.405778,31.23045],[121.405778,31.23045],[121.405779,31.23045],[121.405781,31.23045],[121.405784,31.23045],[121.405789,31.23045],[121.405795,31.23045],[121.405797,31.23045],[121.405795,31.230449],[121.40579,31.230449],[121.405786,31.230449],[121.405783,31.230449],[121.405781,31.230449],[121.40578,31.230449],[121.405779,31.230449],[121.405779,31.230449],[121.405779,31.230449],[121.405778,31.23045],[121.405779,31.23045],[121.405779,31.23045],[121.40578,31.23045],[121.405783,31.23045],[121.405789,31.230449],[121.405795,31.230449],[121.405798,31.230449],[121.405796,31.230449],[121.405792,31.230449],[121.40579,31.230448],[121.405791,31.230445],[121.405804,31.230438],[121.405822,31.230429],[121.405841,31.23042],[121.405853,31.23042],[121.405861,31.230424],[121.405865,31.230431],[121.405867,31.230437],[121.405869,31.230441],[121.405869,31.230443],[121.40587,31.230444],[121.40587,31.230445],[121.40587,31.230446],[121.40587,31.230446],[121.40587,31.230446],[121.40587,31.230447],[121.40587,31.230447],[121.40587,31.230447],[121.40587,31.230447],[121.40587,31.230447],[121.40587,31.230447],[121.405871,31.230446],[121.40587,31.230446],[121.40587,31.230446],[121.40587,31.230447],[121.40587,31.230447],[121.40587,31.230447],[121.40587,31.230447],[121.40587,31.230447],[121.40587,31.230447],[121.40587,31.230447],[121.40587,31.230447],[121.40587,31.230447],[121.405871,31.230447],[121.405871,31.230447],[121.405871,31.230447],[121.405871,31.230447],[121.405871,31.230446],[121.405871,31.230446],[121.405872,31.230446],[121.405872,31.230446],[121.405872,31.230446],[121.405872,31.230446],[121.405872,31.230446],[121.405872,31.230446],[121.405873,31.230446],[121.405873,31.230446],[121.405873,31.230447],[121.405873,31.230447],[121.405873,31.230447],[121.405873,31.230447],[121.405873,31.230447],[121.405873,31.230447],[121.405873,31.230447],[121.405873,31.230447],[121.405873,31.230447],[121.405873,31.230447],[121.405873,31.230447],[121.405873,31.230447],[121.405873,31.230447],[121.405873,31.230447],[121.405873,31.230447],[121.405873,31.230447],[121.405873,31.230447],[121.405874,31.230447],[121.405874,31.230447],[121.405874,31.230447],[121.405874,31.230447],[121.405874,31.230447],[121.405874,31.230447],[121.405873,31.230447],[121.405873,31.230447],[121.405873,31.230447],[121.405873,31.230447],[121.405873,31.230447],[121.405873,31.230447],[121.405873,31.230447],[121.405873,31.230447],[121.405873,31.230447],[121.405873,31.230447],[121.405874,31.230447],[121.405874,31.230447],[121.405874,31.230447],[121.405874,31.230447],[121.405874,31.230447],[121.405874,31.230447],[121.405874,31.230447],[121.405874,31.230447],[121.405873,31.230447],[121.405873,31.230447],[121.405873,31.230447],[121.405873,31.230447],[121.405873,31.230447],[121.405873,31.230447],[121.405873,31.230447],[121.405873,31.230447],[121.405873,31.230447],[121.405873,31.230447],[121.405873,31.230447],[121.405874,31.230447],[121.405874,31.230447],[121.405874,31.230447],[121.405874,31.230447],[121.405873,31.230447],[121.405873,31.230447],[121.405873,31.230447],[121.405873,31.230447],[121.405873,31.230447],[121.405873,31.230447],[121.405873,31.230447],[121.405873,31.230447],[121.405873,31.230447],[121.405873,31.230447],[121.405873,31.230447],[121.405873,31.230447],[121.405874,31.230447],[121.405874,31.230447],[121.405874,31.230447],[121.405874,31.230447],[121.405873,31.230447],[121.405873,31.230447],[121.405873,31.230447],[121.405873,31.230448],[121.405873,31.230448],[121.40587,31.230448],[121.40587,31.230448],[121.405869,31.230448],[121.405871,31.230449],[121.405871,31.230449],[121.405872,31.230448],[121.405873,31.230447],[121.405874,31.230446],[121.405874,31.230446],[121.405874,31.230446],[121.405874,31.230447],[121.405874,31.230447],[121.405874,31.230447],[121.405874,31.230447],[121.405874,31.230446],[121.405873,31.230447],[121.405873,31.230446],[121.405874,31.230446],[121.405871,31.230446],[121.405871,31.230446],[121.40587,31.230446],[121.405872,31.230446],[121.405873,31.230445],[121.405874,31.230445],[121.405874,31.230445],[121.405875,31.230445],[121.405875,31.230445],[121.405875,31.230445],[121.405875,31.230446],[121.405875,31.230446],[121.405875,31.230446],[121.405874,31.230446],[121.405874,31.230446],[121.405872,31.230446],[121.405871,31.230446],[121.405868,31.230447],[121.40587,31.230447],[121.40587,31.230447],[121.405873,31.230447],[121.405873,31.230447],[121.405874,31.230447],[121.405875,31.230447],[121.405875,31.230447],[121.405876,31.230447],[121.405876,31.230448],[121.405876,31.230448],[121.405875,31.23045],[121.405875,31.230449],[121.405874,31.23045],[121.405873,31.230449],[121.40587,31.230449],[121.405869,31.230447],[121.405867,31.230445],[121.405869,31.230444],[121.405869,31.230443],[121.40587,31.230442],[121.405869,31.230442],[121.405868,31.230442],[121.405866,31.230443],[121.405866,31.230444],[121.405867,31.230444],[121.405869,31.230444],[121.405869,31.230445],[121.405869,31.230447],[121.405868,31.230448],[121.405867,31.23045],[121.405867,31.230451],[121.405868,31.230451],[121.405868,31.230452],[121.405866,31.230451],[121.405867,31.230449],[121.405869,31.230447],[121.405872,31.230447],[121.405872,31.230446],[121.405873,31.230446],[121.405875,31.230446],[121.405881,31.230446],[121.405892,31.230448],[121.405903,31.230448],[121.405908,31.230449],[121.405902,31.230448],[121.405893,31.230448],[121.405885,31.230446],[121.40588,31.230445],[121.405876,31.230445],[121.405874,31.230446],[121.405873,31.230447],[121.405874,31.230449],[121.405877,31.230453],[121.405885,31.230458],[121.405897,31.230464],[121.40591,31.230471],[121.40592,31.230476],[121.405929,31.230478],[121.405941,31.230477],[121.405957,31.230477],[121.405967,31.230478],[121.405966,31.230479],[121.405959,31.230477],[121.405951,31.230476],[121.405945,31.230475],[121.405941,31.230476],[121.405939,31.230479],[121.405943,31.230481],[121.405954,31.230484],[121.405971,31.230485],[121.405987,31.230487],[121.405996,31.230488],[121.405999,31.23049],[121.405996,31.230492],[121.405983,31.230496],[121.405963,31.230498],[121.405924,31.230495],[121.405879,31.230487],[121.405831,31.230474],[121.405799,31.230462],[121.405776,31.230448],[121.405762,31.230436],[121.405755,31.230426],[121.405753,31.230418],[121.405756,31.230412],[121.40576,31.230407],[121.405764,31.230403],[121.405768,31.2304],[121.405772,31.230395],[121.405776,31.23039],[121.405781,31.230383],[121.405788,31.230374],[121.4058,31.230364],[121.405812,31.230353],[121.405819,31.230342],[121.405819,31.230334],[121.405816,31.230327],[121.405811,31.230321],[121.405808,31.230316],[121.405803,31.230312],[121.4058,31.230309],[121.405798,31.230305],[121.405805,31.230302],[121.405823,31.230301],[121.405871,31.230302],[121.405965,31.230306],[121.406011,31.23031],[121.406582,31.230382],[121.407052,31.230251],[121.406794,31.230137],[121.406324,31.23018],[121.40588,31.230146],[121.405322,31.230031],[121.40531,31.230039],[121.405301,31.230042],[121.405278,31.230051],[121.405249,31.23006],[121.405215,31.23007],[121.405193,31.230074],[121.405176,31.230074],[121.405163,31.230073],[121.40515,31.230072],[121.405138,31.23007],[121.405129,31.230068],[121.405123,31.230066],[121.40512,31.230065],[121.405118,31.230063],[121.405118,31.23006],[121.40512,31.230056],[121.405124,31.230052],[121.405129,31.230048],[121.405135,31.230045],[121.405139,31.230041],[121.405142,31.230034],[121.405145,31.230025],[121.405148,31.230017],[121.405153,31.23001],[121.405157,31.230005],[121.405163,31.229999],[121.40517,31.229994],[121.405178,31.229988],[121.405185,31.229982],[121.405191,31.229978],[121.405194,31.229976],[121.405198,31.229973],[121.405202,31.229972],[121.405206,31.22997],[121.405209,31.229969],[121.405213,31.229967],[121.405216,31.229964],[121.405218,31.229963],[121.405217,31.229964],[121.405214,31.229967],[121.40521,31.229971],[121.405206,31.229976],[121.405202,31.229977],[121.4052,31.229976],[121.405198,31.229974],[121.405197,31.229971],[121.405196,31.229967],[121.405196,31.229965],[121.405195,31.229962],[121.405195,31.229958],[121.405194,31.229955],[121.405194,31.229953],[121.405194,31.229952],[121.405195,31.229951],[121.405197,31.22995],[121.405198,31.229947],[121.405201,31.229943],[121.405205,31.229939],[121.405208,31.229933],[121.405211,31.229929],[121.405216,31.229922],[121.405222,31.229916],[121.405228,31.229908],[121.40523,31.229904],[121.405232,31.229902],[121.405233,31.229905],[121.405236,31.229907],[121.405241,31.229911],[121.405246,31.229914],[121.405253,31.229918],[121.405256,31.229923],[121.405258,31.229931],[121.405259,31.229941],[121.40526,31.229952],[121.405259,31.22996],[121.40526,31.229966],[121.40526,31.229969],[121.405263,31.229971],[121.405266,31.229973],[121.405271,31.229974],[121.405275,31.229975],[121.405277,31.229975],[121.405279,31.229975],[121.40528,31.229976],[121.405281,31.229975],[121.405283,31.229973],[121.405283,31.229968],[121.405278,31.229965],[121.405268,31.229963],[121.405256,31.229962],[121.405241,31.229962],[121.405226,31.229963],[121.405209,31.229963],[121.405194,31.229963],[121.405182,31.229962],[121.405172,31.229961],[121.405162,31.229961],[121.40515,31.229962],[121.40514,31.229964],[121.405133,31.229965],[121.405125,31.229966],[121.405117,31.229966],[121.405106,31.229965],[121.405093,31.229964],[121.405077,31.229963],[121.405061,31.229961],[121.405046,31.22996],[121.405032,31.229958],[121.405017,31.229954],[121.405006,31.229946],[121.404996,31.229933],[121.404991,31.229917],[121.404986,31.229899],[121.404979,31.22988],[121.404967,31.229862],[121.404948,31.229846],[121.404923,31.229832],[121.404894,31.229818],[121.404865,31.229806],[121.404834,31.229794],[121.404802,31.229782],[121.404767,31.229771],[121.404727,31.229759],[121.404683,31.229748],[121.404638,31.229736],[121.404595,31.229726],[121.404554,31.229716],[121.404513,31.229707],[121.404472,31.229698],[121.404427,31.229689],[121.404381,31.229679],[121.404332,31.229667],[121.404285,31.229653],[121.404236,31.229638],[121.404188,31.229624],[121.404138,31.229612],[121.404084,31.229601],[121.404028,31.229591],[121.403967,31.229581],[121.403909,31.229573],[121.403851,31.229564],[121.403797,31.229557],[121.403748,31.22955],[121.403703,31.229544],[121.403662,31.229536],[121.403621,31.229528],[121.403577,31.229517],[121.403531,31.229504],[121.403483,31.229489],[121.403437,31.229475],[121.403389,31.22946],[121.403338,31.229444],[121.403289,31.229428],[121.40324,31.229412],[121.403193,31.229397],[121.403145,31.229383],[121.403097,31.229369],[121.403051,31.229355],[121.403008,31.229343],[121.402967,31.229331],[121.402926,31.22932],[121.402884,31.229311],[121.402839,31.229303],[121.402788,31.229296],[121.402725,31.229291],[121.402641,31.229284],[121.402558,31.229278],[121.402485,31.229271],[121.402434,31.229264],[121.402385,31.229255],[121.40234,31.229245],[121.402296,31.229234],[121.402253,31.229221],[121.40221,31.229207],[121.402168,31.229191],[121.40213,31.229176],[121.402089,31.229159],[121.402049,31.229143],[121.402007,31.229127],[121.401969,31.229112],[121.401926,31.229098],[121.401884,31.229084],[121.401839,31.229071],[121.401798,31.229059],[121.401756,31.229047],[121.401714,31.229036],[121.401671,31.229025],[121.401629,31.229015],[121.401587,31.229005],[121.401546,31.228995],[121.401505,31.228986],[121.401463,31.228978],[121.401421,31.22897],[121.401378,31.228962],[121.401331,31.228955],[121.401282,31.228948],[121.401232,31.228942],[121.401183,31.228938],[121.401135,31.228934],[121.401086,31.228932],[121.401034,31.22893],[121.400981,31.228928],[121.400927,31.228928],[121.400876,31.228927],[121.400825,31.228926],[121.400775,31.228925],[121.400723,31.228922],[121.400669,31.228919],[121.400615,31.228915],[121.400565,31.228911],[121.400515,31.228906],[121.400464,31.2289],[121.400412,31.228893],[121.400359,31.228887],[121.40031,31.22888],[121.400261,31.228874],[121.400213,31.228868],[121.400162,31.228863],[121.400111,31.228859],[121.40006,31.228857],[121.400012,31.228857],[121.399969,31.228858],[121.39993,31.228862],[121.399894,31.228868],[121.399859,31.228877],[121.399825,31.228889],[121.399794,31.228903],[121.399767,31.228919],[121.399746,31.228936],[121.399727,31.228954],[121.399706,31.228974],[121.399683,31.228996],[121.399659,31.229019],[121.399639,31.229042],[121.39962,31.229064],[121.399602,31.229085],[121.399585,31.229105],[121.399569,31.229123],[121.399553,31.229154],[121.399539,31.229195],[121.399528,31.229246],[121.399519,31.229292],[121.399512,31.229334],[121.399505,31.229375],[121.399497,31.229414],[121.399488,31.229451],[121.399478,31.229487],[121.399468,31.229519],[121.399458,31.22955],[121.399447,31.22958],[121.399437,31.229609],[121.399427,31.229638],[121.399418,31.229669],[121.39941,31.2297],[121.3994,31.229734],[121.39939,31.22977],[121.399376,31.229811],[121.399362,31.229851],[121.399348,31.229891],[121.399335,31.229927],[121.399324,31.229962],[121.399314,31.229995],[121.399304,31.230029],[121.399293,31.230062],[121.399281,31.230096],[121.399271,31.23013],[121.39926,31.230164],[121.399251,31.230198],[121.399241,31.230234],[121.399232,31.230271],[121.399223,31.23031],[121.399216,31.230352],[121.399209,31.230393],[121.399203,31.230436],[121.399197,31.23048],[121.39919,31.230523],[121.399182,31.230564],[121.399172,31.230602],[121.399161,31.230639],[121.399149,31.230673],[121.399136,31.230711],[121.399124,31.23075],[121.399111,31.230791],[121.3991,31.230826],[121.39909,31.230859],[121.399082,31.230887],[121.399075,31.230916],[121.399067,31.230947],[121.39906,31.230976],[121.399053,31.231007],[121.399046,31.231037],[121.399038,31.23107],[121.399029,31.231105],[121.399017,31.231139],[121.399005,31.231174],[121.398994,31.231213],[121.398986,31.231251],[121.39898,31.231292],[121.398974,31.231329],[121.398965,31.231364],[121.398953,31.231392],[121.398939,31.231415],[121.398923,31.231434],[121.398905,31.231449],[121.398887,31.231462],[121.39887,31.231474],[121.398853,31.231481],[121.398842,31.231485],[121.398834,31.231486],[121.398832,31.231486],[121.398832,31.231487],[121.398835,31.231487],[121.398839,31.231486],[121.398842,31.231484],[121.398842,31.231482],[121.398843,31.231481],[121.398843,31.231479],[121.398843,31.231478],[121.398841,31.231479],[121.39884,31.231482],[121.39884,31.231486],[121.398842,31.231487],[121.398843,31.231487],[121.398843,31.231486],[121.398841,31.231487],[121.398838,31.23149],[121.398834,31.231493],[121.39883,31.231495],[121.398825,31.231495],[121.398819,31.231496],[121.398814,31.231498],[121.398816,31.231499],[121.398829,31.231496],[121.398859,31.231491],[121.398918,31.231477],[121.398911,31.231486],[121.398882,31.2315],[121.398805,31.231531],[121.39878,31.231548],[121.398756,31.231566],[121.398741,31.231584],[121.398728,31.231601],[121.398717,31.231617],[121.398707,31.23163],[121.398699,31.231641],[121.398691,31.231649],[121.398683,31.231656],[121.398676,31.231661],[121.398667,31.231665],[121.398659,31.231668],[121.398649,31.23167],[121.398639,31.231672],[121.398629,31.231673],[121.398619,31.231675],[121.39861,31.231676],[121.398603,31.231677],[121.398597,31.231677],[121.398594,31.231675],[121.398591,31.231673],[121.398591,31.231669],[121.398591,31.231664],[121.398591,31.231659],[121.398591,31.231655],[121.398591,31.231647],[121.398591,31.231643],[121.398591,31.23164],[121.398591,31.231642],[121.39859,31.231642],[121.398589,31.231642],[121.398588,31.231643],[121.398586,31.231644],[121.398584,31.231646],[121.398582,31.231649],[121.39858,31.231652],[121.398578,31.231656],[121.398576,31.23166],[121.398574,31.231664],[121.398573,31.231669],[121.398572,31.231674],[121.398568,31.231685],[121.398567,31.23169],[121.398566,31.231695],[121.398568,31.231693],[121.398568,31.231695],[121.398569,31.231696],[121.398569,31.231697],[121.398569,31.231698],[121.398569,31.231699],[121.398569,31.231699],[121.398569,31.231699],[121.39857,31.231699],[121.39857,31.231699],[121.398571,31.231698],[121.398573,31.231697],[121.398576,31.231695],[121.39858,31.231692],[121.398584,31.231687],[121.39859,31.231682],[121.398595,31.231677],[121.398601,31.231671],[121.398607,31.231665],[121.398613,31.231659],[121.398618,31.231654],[121.398622,31.23165],[121.398626,31.231648],[121.398629,31.231646],[121.398631,31.231645],[121.398633,31.231644],[121.398635,31.231644],[121.398636,31.231644],[121.398636,31.231645],[121.398636,31.231645],[121.398636,31.231645],[121.398636,31.231645],[121.398635,31.231644],[121.398635,31.231643],[121.398635,31.231641],[121.398634,31.23164],[121.398634,31.231638],[121.398633,31.231638],[121.398633,31.231637],[121.398632,31.231637],[121.398632,31.231636],[121.398631,31.231635],[121.39863,31.231632],[121.398631,31.231629],[121.398632,31.231624],[121.398635,31.231617],[121.398638,31.231609],[121.398642,31.2316],[121.398647,31.231591],[121.398651,31.231582],[121.398655,31.231573],[121.398659,31.231565],[121.398663,31.231559],[121.398722,31.23152],[121.39879,31.231475],[121.398836,31.231421],[121.398823,31.231398],[121.398794,31.23138],[121.398786,31.23137],[121.398778,31.231363],[121.398776,31.231358],[121.398775,31.231353],[121.398775,31.231348],[121.398775,31.231344],[121.398775,31.23134],[121.398775,31.231336],[121.398776,31.231333],[121.398775,31.23133],[121.398774,31.231328],[121.398773,31.231327],[121.39877,31.231327],[121.398767,31.231329],[121.398762,31.231332],[121.398757,31.231336],[121.398751,31.231341],[121.398745,31.231347],[121.398738,31.231354],[121.398731,31.231362],[121.398724,31.231371],[121.398718,31.23138],[121.398712,31.231389],[121.398706,31.231397],[121.398702,31.231404],[121.398698,31.23141],[121.398695,31.231415],[121.398693,31.231418],[121.398691,31.231422],[121.39869,31.231425],[121.398689,31.231428],[121.398688,31.231431],[121.398688,31.231434],[121.398687,31.231437],[121.398687,31.23144],[121.398686,31.231442],[121.398686,31.231443],[121.399394,31.23147],[121.399087,31.230719],[121.399145,31.230867],[121.399095,31.23075],[121.399084,31.230725],[121.399083,31.23072],[121.399081,31.230713],[121.399081,31.230709],[121.399081,31.230705],[121.399082,31.230701],[121.399084,31.230698],[121.399085,31.230695],[121.399087,31.230691],[121.399088,31.230688],[121.39909,31.230685],[121.399091,31.230682],[121.399092,31.23068],[121.399094,31.230678],[121.399094,31.230676],[121.399094,31.230676],[121.399094,31.230676],[121.399093,31.230677],[121.399093,31.230676],[121.399093,31.230675],[121.399094,31.230672],[121.399095,31.230668],[121.399097,31.230664],[121.399099,31.23066],[121.3991,31.230658],[121.399101,31.230657],[121.399102,31.230658],[121.399102,31.23066],[121.399103,31.230662],[121.399104,31.230663],[121.399105,31.230664],[121.399106,31.230665],[121.399106,31.230666],[121.399107,31.230667],[121.399107,31.230668],[121.399108,31.230669],[121.399108,31.230671],[121.399108,31.230673],[121.399109,31.230675],[121.399108,31.230677],[121.399108,31.23068],[121.399108,31.230682],[121.399107,31.230684],[121.399107,31.230687],[121.399105,31.23069],[121.399104,31.230694],[121.399102,31.230699],[121.3991,31.230704],[121.399098,31.23071],[121.399095,31.230717],[121.399093,31.230725],[121.399091,31.230733],[121.399089,31.230743],[121.399088,31.230753],[121.399086,31.230765],[121.399084,31.230779],[121.399082,31.230795],[121.399079,31.230812],[121.399076,31.230828],[121.399073,31.230844],[121.39907,31.230857],[121.399067,31.230868],[121.399063,31.230877],[121.39906,31.230884],[121.399057,31.230889],[121.399054,31.230894],[121.399051,31.230899],[121.399049,31.230903],[121.399048,31.230907],[121.399047,31.230911],[121.399046,31.230915],[121.399045,31.23092],[121.399044,31.230924],[121.399044,31.230929],[121.399043,31.230935],[121.399042,31.23094],[121.399041,31.230945],[121.39904,31.230951],[121.399039,31.230956],[121.399038,31.230961],[121.399036,31.230967],[121.399035,31.230972],[121.399033,31.230978],[121.399031,31.230985],[121.399029,31.230992],[121.399026,31.231002],[121.399023,31.231013],[121.399019,31.231024],[121.399015,31.231037],[121.399011,31.231049],[121.399006,31.231062],[121.399002,31.231075],[121.398997,31.231089],[121.398991,31.231103],[121.398986,31.231117],[121.39898,31.231132],[121.398974,31.231148],[121.398968,31.231164],[121.398962,31.231182],[121.398955,31.231201],[121.398947,31.231222],[121.398938,31.231244],[121.398929,31.231268],[121.398919,31.231293],[121.398908,31.231317],[121.398896,31.231342],[121.398883,31.231366],[121.398869,31.231389],[121.398855,31.231411],[121.398842,31.231433],[121.398828,31.231453],[121.398815,31.231472],[121.398803,31.231491],[121.398791,31.231509],[121.39878,31.231526],[121.39877,31.231544],[121.39876,31.231561],[121.398751,31.231577],[121.398743,31.231593],[121.398737,31.231608],[121.398731,31.231621],[121.398727,31.231634],[121.398724,31.231645],[121.398722,31.231655],[121.398721,31.231664],[121.39872,31.231672],[121.39872,31.231677],[121.398721,31.231682],[121.398722,31.231684],[121.398723,31.231686],[121.398725,31.231687],[121.398727,31.231687],[121.398728,31.231687],[121.39873,31.231688],[121.398731,31.231689],[121.398732,31.231691],[121.398733,31.231693],[121.398734,31.231696],[121.398735,31.231698],[121.398737,31.231701],[121.398738,31.231704],[121.398739,31.231706],[121.398739,31.231708],[121.39874,31.231709],[121.39874,31.231709],[121.39874,31.231709],[121.398739,31.231709],[121.398739,31.231709],[121.398737,31.231708],[121.398736,31.231708],[121.398734,31.231708],[121.398732,31.231708],[121.39873,31.231708],[121.398728,31.231709],[121.398726,31.231709],[121.398724,31.231709],[121.398723,31.231709],[121.398721,31.231709],[121.398721,31.231709],[121.39872,31.231709],[121.39872,31.231709],[121.39872,31.231709],[121.39872,31.231709],[121.398721,31.231708],[121.398721,31.231708],[121.398721,31.231708],[121.398721,31.231707],[121.398721,31.231707],[121.39872,31.231707],[121.398719,31.231707],[121.398718,31.231707],[121.398717,31.231706],[121.398715,31.231706],[121.398713,31.231705],[121.398711,31.231704],[121.398709,31.231702],[121.398707,31.231699],[121.398705,31.231696],[121.398703,31.231694],[121.398701,31.231692],[121.398698,31.231692],[121.398696,31.231692],[121.398692,31.231693],[121.398689,31.231695],[121.398685,31.231698],[121.39868,31.231703],[121.398676,31.231709],[121.398671,31.231716],[121.398666,31.231724],[121.398661,31.231734],[121.398656,31.231745],[121.398651,31.231757],[121.398645,31.231771],[121.398639,31.231787],[121.398633,31.231804],[121.398626,31.231823],[121.398619,31.231842],[121.398612,31.231862],[121.398604,31.231882],[121.398597,31.231901],[121.398589,31.231919],[121.398582,31.231936],[121.398575,31.23195],[121.398567,31.231962],[121.39856,31.231972],[121.398553,31.23198],[121.398547,31.231986],[121.39854,31.23199],[121.398534,31.231994],[121.398528,31.231996],[121.398522,31.231998],[121.398517,31.231998],[121.398513,31.231997],[121.398509,31.231995],[121.398506,31.231992],[121.398503,31.231987],[121.398499,31.231982],[121.398496,31.231976],[121.398493,31.23197],[121.398489,31.231965],[121.398484,31.231959],[121.398479,31.231954],[121.398474,31.231949],[121.398467,31.231944],[121.39846,31.231938],[121.398452,31.231932],[121.398442,31.231926],[121.398431,31.23192],[121.398421,31.231916],[121.39841,31.231913],[121.3984,31.231912],[121.398391,31.231914],[121.398383,31.231919],[121.398376,31.231925],[121.39837,31.231934],[121.398365,31.231943],[121.39836,31.231952],[121.398356,31.23196],[121.398353,31.231967],[121.39835,31.231971],[121.39836,31.232005],[121.398374,31.232045],[121.398392,31.232093],[121.398399,31.232115],[121.398407,31.232136],[121.398412,31.232153],[121.398418,31.23217],[121.398424,31.232188],[121.39843,31.232207],[121.398436,31.232227],[121.398443,31.232248],[121.398449,31.232272],[121.398456,31.232296],[121.398462,31.232323],[121.398468,31.232352],[121.398473,31.232382],[121.398477,31.232412],[121.398477,31.232442],[121.398476,31.23247],[121.398472,31.232494],[121.398468,31.232513],[121.398464,31.232528],[121.398461,31.232537],[121.39846,31.232541],[121.398461,31.23254],[121.398464,31.232536],[121.39847,31.232526],[121.398478,31.232514],[121.398486,31.232501],[121.398493,31.232489],[121.3985,31.232477],[121.398506,31.232465],[121.398512,31.232454],[121.398517,31.232445],[121.398533,31.23238],[121.398549,31.232305],[121.398566,31.232217],[121.398571,31.232181],[121.398575,31.232152],[121.398576,31.232135],[121.398575,31.232122],[121.398575,31.232108],[121.398574,31.232103],[121.398574,31.232101],[121.398542,31.231414],[121.398538,31.231417],[121.398533,31.231423],[121.398528,31.231428],[121.398522,31.231435],[121.398515,31.231443],[121.398506,31.231453],[121.398496,31.231466],[121.398485,31.23148],[121.398475,31.231495],[121.398465,31.231515],[121.398455,31.231536],[121.398446,31.231561],[121.398437,31.231585],[121.39843,31.231612],[121.398422,31.231648],[121.398414,31.231689],[121.398405,31.231743],[121.398396,31.231794],[121.398386,31.231847],[121.398378,31.231889],[121.39837,31.231927],[121.398364,31.23196],[121.398358,31.23199],[121.398352,31.232017],[121.398347,31.232041],[121.398342,31.232065],[121.398337,31.232089],[121.398333,31.232112],[121.398328,31.232135],[121.398325,31.232156],[121.398322,31.232173],[121.398321,31.232183],[121.398321,31.232187],[121.398322,31.232182],[121.398324,31.23217],[121.398326,31.232149],[121.398327,31.232123],[121.398328,31.232092],[121.398329,31.232059],[121.398328,31.232024],[121.398328,31.231989],[121.398327,31.231953],[121.398326,31.231919],[121.398325,31.231886],[121.398324,31.231854],[121.398324,31.231825],[121.398325,31.231799],[121.398326,31.231775],[121.398328,31.231754],[121.39833,31.231737],[121.398333,31.231723],[121.398336,31.231713],[121.39834,31.231706],[121.398345,31.231703],[121.39835,31.231702],[121.398355,31.231704],[121.39836,31.231708],[121.398365,31.231713],[121.39837,31.231719],[121.398376,31.231726],[121.398382,31.231733],[121.398389,31.231739],[121.398393,31.231748],[121.398398,31.231753],[121.398403,31.231757],[121.398413,31.231756],[121.39842,31.231758],[121.398429,31.231759],[121.398437,31.23176],[121.398445,31.231761],[121.398454,31.231761],[121.398462,31.231761],[121.39847,31.231761],[121.398477,31.23176],[121.398485,31.231759],[121.398491,31.231758],[121.398498,31.231757],[121.398505,31.231756],[121.398511,31.231754],[121.398516,31.231753],[121.398522,31.231751],[121.398527,31.231747],[121.398531,31.231746],[121.398534,31.231745],[121.398536,31.231746],[121.398539,31.231746],[121.398541,31.231745],[121.398543,31.231743],[121.398545,31.23174],[121.398547,31.231737],[121.398548,31.231733],[121.39855,31.231728],[121.398551,31.231721],[121.398552,31.231712],[121.398553,31.2317],[121.398554,31.23169],[121.398555,31.231678],[121.398557,31.231666],[121.39856,31.231654],[121.398564,31.231642],[121.398569,31.23163],[121.398574,31.231617],[121.39858,31.231605],[121.398587,31.231593],[121.398594,31.231581],[121.398601,31.231569],[121.398609,31.231558],[121.39862,31.231545],[121.398631,31.23153],[121.398644,31.231516],[121.398655,31.231504],[121.398665,31.231493],[121.398675,31.231484],[121.398684,31.231475],[121.398692,31.231468],[121.398699,31.231461],[121.398705,31.231456],[121.39871,31.231452],[121.398714,31.231449],[121.398717,31.231447],[121.398718,31.231445],[121.398718,31.231444],[121.398716,31.231444],[121.398714,31.231445],[121.398712,31.231446],[121.398709,31.231447],[121.398705,31.231449],[121.398702,31.231453],[121.398699,31.231459],[121.398695,31.231467],[121.398692,31.231478],[121.398689,31.231492],[121.398685,31.231509],[121.398682,31.231529],[121.398679,31.231551],[121.398676,31.231575],[121.398673,31.2316],[121.398669,31.231625],[121.398664,31.231649],[121.39866,31.231671],[121.398656,31.23169],[121.398654,31.231707],[121.398653,31.231723],[121.398652,31.231738],[121.398652,31.231751],[121.398653,31.231764],[121.398654,31.231776],[121.398654,31.231787],[121.398654,31.2318],[121.398654,31.231813],[121.398653,31.231828],[121.398653,31.231841],[121.398653,31.231854],[121.398654,31.231869],[121.398656,31.231884],[121.398659,31.231901],[121.398662,31.231918],[121.398666,31.231935],[121.39867,31.231954],[121.398672,31.231973],[121.398673,31.23199],[121.398673,31.232003],[121.398671,31.232012],[121.398668,31.232017],[121.398665,31.232021],[121.398662,31.232022],[121.398659,31.232024],[121.398656,31.232025],[121.398653,31.232025],[121.398651,31.232026],[121.39865,31.232027],[121.398649,31.232027],[121.398648,31.232028],[121.398648,31.232029],[121.398648,31.232031],[121.398649,31.232033],[121.398651,31.232035],[121.398653,31.232038],[121.398655,31.232041],[121.398658,31.232045],[121.398662,31.232048],[121.398666,31.232051],[121.398671,31.232053],[121.398677,31.232055],[121.398684,31.232055],[121.398691,31.232054],[121.398698,31.232053],[121.398704,31.232053],[121.398711,31.232054],[121.398717,31.232056],[121.398723,31.232058],[121.398729,31.232062],[121.398735,31.232065],[121.39874,31.232069],[121.398746,31.232073],[121.39875,31.232077],[121.398754,31.23208],[121.398785,31.232088],[121.398821,31.232096],[121.398863,31.232103],[121.398879,31.232102],[121.398891,31.232096],[121.398899,31.232082],[121.398904,31.232066],[121.398908,31.232051],[121.398909,31.232038],[121.398909,31.232027],[121.398908,31.232018],[121.398905,31.232011],[121.3989,31.232006],[121.398895,31.232002],[121.39889,31.231999],[121.398884,31.231995],[121.398877,31.231992],[121.398871,31.231989],[121.398865,31.231986],[121.398858,31.231981],[121.398851,31.231975],[121.398845,31.231968],[121.398838,31.231959],[121.39883,31.231948],[121.398823,31.231936],[121.398814,31.231923],[121.398805,31.231911],[121.398797,31.2319],[121.398788,31.231891],[121.398779,31.231883],[121.39877,31.231876],[121.398761,31.23187],[121.398753,31.231865],[121.398746,31.231861],[121.39874,31.231858],[121.398734,31.231855],[121.398731,31.231852],[121.398728,31.231851],[121.398739,31.231849],[121.398753,31.231848],[121.398769,31.231846],[121.398775,31.231847],[121.398784,31.231846],[121.398782,31.23185],[121.398782,31.231851],[121.399399,31.231901],[121.399311,31.231991],[121.39953,31.231886],[121.399565,31.23168],[121.398778,31.231819],[121.398771,31.231822],[121.398765,31.231824],[121.398761,31.231827],[121.398785,31.231827],[121.398753,31.231831],[121.398894,31.231821],[121.398894,31.23182],[121.399844,31.231223],[121.399395,31.231333],[121.399395,31.231262],[121.399304,31.231271],[121.399242,31.231254],[121.399247,31.231255],[121.399255,31.231255],[121.399702,31.231237],[121.398925,31.231439],[121.398951,31.231435],[121.398955,31.231436],[121.39893,31.231445],[121.398926,31.231449],[121.398921,31.231454],[121.39892,31.231458],[121.398919,31.231461],[121.398918,31.231464],[121.398906,31.23148],[121.398891,31.231497],[121.398873,31.231518],[121.398866,31.231527],[121.39886,31.231536],[121.398856,31.231543],[121.398852,31.23155],[121.398846,31.231558],[121.398838,31.231567],[121.398829,31.231576],[121.398819,31.231588],[121.398809,31.231602],[121.398798,31.231618],[121.398788,31.231635],[121.398778,31.231656],[121.398771,31.231676],[121.39876,31.231704],[121.39876,31.231714],[121.398762,31.231724],[121.399184,31.231906],[121.399265,31.231826],[121.399244,31.231906],[121.398949,31.232098],[121.398948,31.232097],[121.398321,31.231649],[121.398323,31.23165],[121.398326,31.231655],[121.398331,31.231661],[121.398339,31.23167],[121.398349,31.231681],[121.398362,31.231694],[121.398376,31.231708],[121.398392,31.231724],[121.398407,31.23174],[121.398423,31.231758],[121.398437,31.231774],[121.398452,31.23179],[121.398465,31.231804],[121.398477,31.231815],[121.398491,31.231829],[121.398501,31.231835],[121.398518,31.23184],[121.398886,31.231864],[121.398886,31.231865],[121.399081,31.23185],[121.398975,31.231886],[121.398842,31.231925],[121.398791,31.23194],[121.398749,31.231951],[121.398725,31.231956],[121.398706,31.231958],[121.398693,31.231957],[121.398683,31.231955],[121.398674,31.231952],[121.398668,31.231948],[121.398663,31.231945],[121.398698,31.231932],[121.398657,31.231939],[121.398844,31.231887],[121.398844,31.231888],[121.398665,31.231573],[121.398661,31.231575],[121.398653,31.231579],[121.398645,31.231581],[121.398638,31.231583],[121.39863,31.231583],[121.398623,31.23158],[121.398615,31.231576],[121.398609,31.231568],[121.398603,31.231558],[121.398597,31.231546],[121.39859,31.231541],[121.398586,31.23153],[121.398582,31.231518],[121.398582,31.231496],[121.398579,31.231478],[121.398577,31.23146],[121.398575,31.231445],[121.398573,31.231433],[121.398571,31.231424],[121.398569,31.231418],[121.398568,31.231415],[121.398567,31.231414],[121.398566,31.231413],[121.398566,31.231414],[121.398567,31.231414],[121.398568,31.231415],[121.398569,31.231416],[121.398571,31.231419],[121.398574,31.231424],[121.398576,31.231432],[121.398578,31.231443],[121.398581,31.23146],[121.398583,31.231481],[121.398585,31.231506],[121.398588,31.231533],[121.398591,31.231561],[121.398594,31.231589],[121.398597,31.231617],[121.398601,31.231644],[121.398605,31.231673],[121.398611,31.231702],[121.398618,31.231732],[121.398625,31.231757],[121.398633,31.231781],[121.398641,31.231804],[121.39865,31.231834],[121.398656,31.231852],[121.398662,31.231869],[121.398666,31.231874],[121.398671,31.231886],[121.398674,31.231895],[121.398676,31.231903],[121.398676,31.231909],[121.398673,31.231911],[121.398669,31.231911],[121.398663,31.231909],[121.398656,31.231906],[121.398648,31.231901],[121.398639,31.231895],[121.39863,31.231887],[121.398621,31.231878],[121.398611,31.231867],[121.398602,31.231854],[121.398593,31.231841],[121.398585,31.231827],[121.398577,31.231814],[121.398569,31.231802],[121.398563,31.231791],[121.398558,31.231779],[121.398554,31.231768],[121.398551,31.231756],[121.398549,31.231743],[121.398548,31.231731],[121.398548,31.231718],[121.39855,31.231706],[121.398553,31.231695],[121.398558,31.231686],[121.398564,31.231681],[121.398571,31.231678],[121.398578,31.231677],[121.398586,31.231678],[121.398593,31.231681],[121.398601,31.231686],[121.398608,31.231693],[121.398615,31.231701],[121.398622,31.231711],[121.398629,31.231722],[121.398637,31.231733],[121.398644,31.231746],[121.398651,31.231758],[121.398658,31.23177],[121.398664,31.231781],[121.398668,31.231791],[121.398672,31.231799],[121.398673,31.231805],[121.398672,31.231809],[121.39867,31.231812],[121.398665,31.231814],[121.398659,31.231816],[121.398652,31.231818],[121.398644,31.231821],[121.398634,31.231824],[121.398624,31.231828],[121.398613,31.231832],[121.398603,31.231837],[121.398592,31.231842],[121.398582,31.231847],[121.398573,31.231853],[121.398565,31.23186],[121.398559,31.231866],[121.398554,31.231874],[121.398551,31.231882],[121.398549,31.23189],[121.398549,31.231898],[121.39855,31.231905],[121.398554,31.231911],[121.39856,31.231914],[121.398567,31.231915],[121.398576,31.231913],[121.398585,31.231909],[121.398594,31.231903],[121.398603,31.231895],[121.398611,31.231885],[121.398619,31.231874],[121.398625,31.231861],[121.39863,31.231846],[121.398634,31.231831],[121.398636,31.231815],[121.398636,31.231799],[121.398634,31.231783],[121.398629,31.231766],[121.398623,31.23175],[121.398616,31.231736],[121.398609,31.231724],[121.398602,31.231716],[121.398597,31.231711],[121.398593,31.231708],[121.39859,31.231706],[121.398588,31.231703],[121.398586,31.231699],[121.398583,31.231695],[121.398581,31.23169],[121.398579,31.231685],[121.398577,31.23168],[121.398574,31.231676],[121.398571,31.231675],[121.398568,31.231675],[121.398565,31.23168],[121.398562,31.231688],[121.39856,31.2317],[121.398557,31.231715],[121.398555,31.231733],[121.398553,31.231753],[121.398551,31.231774],[121.398549,31.231798],[121.398547,31.231824],[121.398545,31.231853],[121.398542,31.231883],[121.398539,31.231913],[121.398535,31.23194],[121.398532,31.231964],[121.398529,31.231986],[121.398526,31.232004],[121.398523,31.232019],[121.398522,31.232031],[121.398521,31.232041],[121.398522,31.232049],[121.398523,31.232054],[121.398524,31.232057],[121.398527,31.23206],[121.398529,31.232061],[121.398532,31.232062],[121.398536,31.232062],[121.39854,31.232063],[121.398544,31.232064],[121.398548,31.232064],[121.398552,31.232065],[121.398557,31.232066],[121.398561,31.232067],[121.398566,31.232067],[121.398571,31.232068],[121.398575,31.232069],[121.39858,31.23207],[121.398585,31.232071],[121.398589,31.232074],[121.398594,31.232077],[121.3986,31.232081],[121.398605,31.232085],[121.39861,31.232089],[121.398615,31.232092],[121.39862,31.232094],[121.398624,31.232094],[121.398628,31.232095],[121.398633,31.232095],[121.398637,31.232096],[121.398641,31.232097],[121.398644,31.232099],[121.398648,31.232101],[121.398652,31.232101],[121.398655,31.232101],[121.398658,31.232099],[121.39866,31.232095],[121.398663,31.232091],[121.398665,31.232085],[121.398667,31.232079],[121.398668,31.232072],[121.398669,31.232066],[121.398669,31.232059],[121.398669,31.232051],[121.398668,31.232044],[121.398666,31.232036],[121.398664,31.232027],[121.398662,31.232017],[121.398658,31.232004],[121.398654,31.231988],[121.398649,31.231968],[121.398643,31.231947],[121.398638,31.231923],[121.398633,31.2319],[121.398628,31.231878],[121.398624,31.231857],[121.39862,31.231839],[121.398616,31.231822],[121.398613,31.231808],[121.39861,31.231797],[121.398608,31.231787],[121.398606,31.231779],[121.398605,31.231774],[121.398604,31.231771],[121.398603,31.231772],[121.398602,31.231776],[121.398601,31.231783],[121.3986,31.231793],[121.3986,31.231805],[121.398599,31.231819],[121.398598,31.231834],[121.398597,31.231849],[121.398597,31.231864],[121.398596,31.231878],[121.398594,31.23189],[121.398593,31.2319],[121.398592,31.231908],[121.39859,31.231915],[121.398588,31.231921],[121.398587,31.231927],[121.398585,31.231933],[121.398584,31.231938],[121.398582,31.231944],[121.398581,31.231949],[121.39858,31.231955],[121.398579,31.231961],[121.398579,31.231967],[121.398578,31.231974],[121.398578,31.23198],[121.398577,31.231987],[121.398575,31.231994],[121.398574,31.232001],[121.398573,31.232009],[121.398573,31.232016],[121.398573,31.232024],[121.398574,31.232031],[121.398575,31.232038],[121.398577,31.232042],[121.398578,31.232045],[121.39858,31.232046],[121.398581,31.232045],[121.398582,31.232043],[121.398584,31.232041],[121.398585,31.232038],[121.398587,31.232036],[121.398588,31.232032],[121.39859,31.232029],[121.398592,31.232024],[121.398593,31.232018],[121.398595,31.232012],[121.398596,31.232005],[121.398597,31.231998],[121.398599,31.231992],[121.3986,31.231987],[121.398601,31.231981],[121.398602,31.231976],[121.398603,31.231971],[121.398604,31.231967],[121.398605,31.231962],[121.398606,31.231957],[121.398608,31.231953],[121.39861,31.231949],[121.398612,31.231945],[121.398614,31.231941],[121.398617,31.231938],[121.39862,31.231936],[121.398623,31.231934],[121.398626,31.231932],[121.39863,31.231934],[121.398633,31.231936],[121.398635,31.231938],[121.398634,31.231937],[121.398631,31.231935],[121.398628,31.231932],[121.398624,31.231929],[121.39862,31.231925],[121.398616,31.231922],[121.398612,31.23192],[121.398608,31.231918],[121.398604,31.231916],[121.3986,31.231914],[121.398596,31.231912],[121.398591,31.23191],[121.398587,31.231908],[121.398582,31.231905],[121.398578,31.231902],[121.398573,31.231898],[121.398568,31.231895],[121.398564,31.231892],[121.39856,31.231888],[121.398556,31.231884],[121.398553,31.23188],[121.39855,31.231876],[121.398548,31.231872],[121.398547,31.231867],[121.398546,31.231864],[121.398545,31.23186],[121.398545,31.231857],[121.398545,31.231854],[121.398546,31.231852],[121.398546,31.23185],[121.398546,31.231848],[121.398545,31.231844],[121.398544,31.231841],[121.398543,31.231837],[121.398541,31.231833],[121.39854,31.231831],[121.398538,31.231828],[121.398537,31.231827],[121.398536,31.231826],[121.398536,31.231825],[121.398536,31.231825],[121.398537,31.231825],[121.398538,31.231825],[121.39854,31.231825],[121.398544,31.231825],[121.398547,31.231825],[121.398552,31.231826],[121.398558,31.231827],[121.398564,31.231828],[121.398571,31.23183],[121.398578,31.231833],[121.398586,31.231837],[121.398593,31.231842],[121.3986,31.231848],[121.398606,31.231855],[121.398612,31.231862],[121.398617,31.23187],[121.398622,31.231878],[121.398626,31.231888],[121.39863,31.231897],[121.398633,31.231906],[121.398636,31.231913],[121.398639,31.231919],[121.398641,31.231923],[121.398644,31.231925],[121.398646,31.231924],[121.398649,31.231921],[121.398653,31.231916],[121.398657,31.231908],[121.398661,31.231898],[121.398666,31.231885],[121.398671,31.231871],[121.398676,31.231856],[121.398683,31.231836],[121.398689,31.231815],[121.398696,31.231794],[121.398702,31.231776],[121.398708,31.231755],[121.398713,31.231736],[121.398719,31.231718],[121.398724,31.231705],[121.398718,31.231696],[121.398709,31.231692],[121.398695,31.231694],[121.398689,31.231699],[121.398683,31.231706],[121.398678,31.231717],[121.398674,31.231729],[121.398669,31.231744],[121.398665,31.231761],[121.39866,31.231779],[121.398655,31.231799],[121.398649,31.231819],[121.398644,31.231838],[121.398638,31.231857],[121.398632,31.231874],[121.398627,31.231889],[121.398622,31.231903],[121.398617,31.231915],[121.398613,31.231925],[121.39861,31.231933],[121.398606,31.231939],[121.398604,31.231944],[121.398601,31.231947],[121.398599,31.231948],[121.398597,31.231949],[121.398595,31.231947],[121.398593,31.231945],[121.398592,31.23194],[121.398591,31.231932],[121.39859,31.231922],[121.398588,31.231909],[121.398586,31.231895],[121.398583,31.23188],[121.39858,31.231867],[121.398576,31.231855],[121.398573,31.231847],[121.39857,31.231844],[121.398567,31.231843],[121.398563,31.231846],[121.39856,31.231851],[121.398557,31.231855],[121.398554,31.23186],[121.398551,31.231863],[121.398548,31.231866],[121.398545,31.231867],[121.398542,31.231867],[121.39854,31.231867],[121.398537,31.231867],[121.398535,31.231866],[121.398533,31.231867],[121.398532,31.231869],[121.398531,31.231873],[121.398531,31.231879],[121.398532,31.231887],[121.398534,31.231896],[121.398536,31.231905],[121.398539,31.231915],[121.398542,31.231926],[121.398545,31.231937],[121.398548,31.231947],[121.398551,31.231957],[121.398553,31.231967],[121.398554,31.231977],[121.398554,31.231986],[121.398555,31.231996],[121.398556,31.232007],[121.398557,31.232019],[121.398558,31.232031],[121.398559,31.232042],[121.398561,31.232053],[121.398563,31.232063],[121.398565,31.232072],[121.398567,31.232081],[121.398569,31.232088],[121.39857,31.232094],[121.39857,31.232097],[121.39857,31.232098],[121.39857,31.232096],[121.398569,31.232091],[121.398568,31.232084],[121.398566,31.232076],[121.398565,31.232068],[121.398564,31.232059],[121.398563,31.232051],[121.398562,31.232043],[121.398562,31.232035],[121.398562,31.232027],[121.398561,31.232019],[121.39856,31.232011],[121.398559,31.232002],[121.398558,31.231993],[121.398556,31.231985],[121.398555,31.231977],[121.398553,31.231971],[121.398552,31.231968],[121.398551,31.231967],[121.39855,31.231968],[121.398549,31.231971],[121.398547,31.231977],[121.398545,31.231984],[121.398544,31.231992],[121.398542,31.232001],[121.39854,31.232012],[121.398538,31.232023],[121.398536,31.232037],[121.398534,31.232051],[121.39853,31.232065],[121.398526,31.232079],[121.398521,31.232092],[121.398516,31.232104],[121.398511,31.232115],[121.398505,31.232125],[121.3985,31.232135],[121.398494,31.232145],[121.398489,31.232157],[121.398483,31.232169],[121.398478,31.232183],[121.398473,31.232197],[121.398469,31.232212],[121.398465,31.232226],[121.398461,31.232239],[121.398458,31.23225],[121.398456,31.232259],[121.398454,31.232266],[121.398454,31.232272],[121.398454,31.232276],[121.398455,31.232279],[121.398456,31.232282],[121.398457,31.232284],[121.398458,31.232284],[121.39846,31.232283],[121.398462,31.232281],[121.398464,31.232277],[121.398466,31.232273],[121.398467,31.232268],[121.398468,31.232263],[121.398469,31.232258],[121.398468,31.232254],[121.398468,31.232249],[121.398466,31.232245],[121.398465,31.232241],[121.398463,31.232237],[121.398462,31.232235],[121.398461,31.232233],[121.398461,31.232231],[121.39846,31.232231],[121.398461,31.23223],[121.398461,31.232229],[121.398462,31.232228],[121.398463,31.232226],[121.398465,31.232222],[121.398467,31.232217],[121.39847,31.232211],[121.398473,31.232204],[121.398476,31.232197],[121.39848,31.232189],[121.398483,31.23218],[121.398487,31.232171],[121.39849,31.232161],[121.398492,31.232152],[121.398495,31.232143],[121.398497,31.232134],[121.398499,31.232126],[121.398501,31.232118],[121.398502,31.23211],[121.398503,31.232102],[121.398504,31.232094],[121.398504,31.232085],[121.398505,31.232076],[121.398505,31.232067],[121.398505,31.232058],[121.398505,31.23205],[121.398505,31.232041],[121.398505,31.232031],[121.398505,31.232022],[121.398506,31.232011],[121.398506,31.232],[121.398507,31.231987],[121.398508,31.231973],[121.398509,31.231959],[121.39851,31.231943],[121.39851,31.231925],[121.398511,31.231907],[121.398511,31.231888],[121.398512,31.231869],[121.398512,31.23185],[121.398512,31.231831],[121.398511,31.231812],[121.398511,31.231793],[121.39851,31.231774],[121.398509,31.231754],[121.398508,31.231733],[121.398507,31.231712],[121.398506,31.23169],[121.398505,31.231668],[121.398504,31.231646],[121.398503,31.231622],[121.398503,31.231598],[121.398502,31.231575],[121.398502,31.231553],[121.398501,31.231533],[121.398501,31.231515],[121.398501,31.2315],[121.3985,31.231488],[121.3985,31.231478],[121.3985,31.231472],[121.3985,31.231469],[121.398499,31.231469],[121.398499,31.231471],[121.398499,31.231474],[121.3985,31.231477],[121.3985,31.231481],[121.398501,31.231487],[121.398502,31.231495],[121.398503,31.231503],[121.398504,31.231511],[121.398506,31.231519],[121.398507,31.231525],[121.398509,31.23153],[121.398512,31.231534],[121.398514,31.231538],[121.398518,31.23154],[121.398521,31.231541],[121.398525,31.231541],[121.398529,31.231541],[121.398533,31.231542],[121.398537,31.231541],[121.398541,31.231541],[121.398544,31.231541],[121.398547,31.23154],[121.398549,31.231539],[121.398552,31.231539],[121.398554,31.231539],[121.398556,31.23154],[121.398558,31.231542],[121.398559,31.231544],[121.39856,31.231545],[121.398561,31.231547],[121.398561,31.231549],[121.398561,31.23155],[121.398561,31.23155],[121.398562,31.231549],[121.398562,31.231548],[121.398563,31.231547],[121.398564,31.231545],[121.398566,31.231544],[121.398568,31.231542],[121.39857,31.23154],[121.398572,31.231538],[121.398574,31.231538],[121.398576,31.231537],[121.398577,31.231537],[121.398579,31.231538],[121.39858,31.231538],[121.39858,31.231539],[121.398581,31.23154],[121.398582,31.231541],[121.398582,31.231541],[121.398582,31.231542],[121.398582,31.231543],[121.398583,31.231544],[121.398583,31.231546],[121.398583,31.231548],[121.398583,31.231552],[121.398583,31.231556],[121.398583,31.231562],[121.398584,31.231567],[121.398584,31.231573],[121.398584,31.231578],[121.398585,31.231583],[121.398585,31.231588],[121.398586,31.231593],[121.398587,31.231598],[121.398587,31.231603],[121.398588,31.231609],[121.398589,31.231614],[121.39859,31.23162],[121.39859,31.231625],[121.39859,31.231629],[121.398589,31.231634],[121.398588,31.231637],[121.398587,31.23164],[121.398586,31.231643],[121.398585,31.231644],[121.398584,31.231645],[121.398583,31.231646],[121.398582,31.231647],[121.398582,31.231647],[121.398581,31.231647],[121.398581,31.231647],[121.39858,31.231647],[121.39858,31.231647],[121.39858,31.231648],[121.39858,31.231649],[121.398579,31.23165],[121.398579,31.23165],[121.398578,31.231651],[121.398578,31.23165],[121.398578,31.231647],[121.398578,31.231643],[121.398579,31.231637],[121.39858,31.23163],[121.398582,31.231622],[121.398584,31.231614],[121.398586,31.231605],[121.39859,31.231596],[121.398594,31.231587],[121.398599,31.231578],[121.398606,31.231568],[121.398613,31.231557],[121.398621,31.231548],[121.398628,31.231539],[121.398635,31.231532],[121.398641,31.231526],[121.398646,31.23152],[121.39865,31.231514],[121.398654,31.231507],[121.398657,31.2315],[121.39866,31.231493],[121.398663,31.231485],[121.398666,31.231478],[121.398668,31.231471],[121.39867,31.231465],[121.398672,31.231458],[121.398674,31.231452],[121.398675,31.231446],[121.398677,31.231441],[121.398678,31.231437],[121.398679,31.231432],[121.39868,31.231429],[121.398681,31.231426],[121.398682,31.231424],[121.398682,31.231423],[121.398682,31.231423],[121.398682,31.231425],[121.398683,31.231429],[121.398683,31.231434],[121.398682,31.231441],[121.398681,31.23145],[121.398678,31.231461],[121.398673,31.231475],[121.398666,31.231492],[121.398658,31.231511],[121.398649,31.23153],[121.39864,31.23155],[121.39863,31.231569],[121.39862,31.231587],[121.398611,31.231604],[121.398602,31.231619],[121.398594,31.231631],[121.398586,31.231642],[121.398579,31.23165],[121.398572,31.231656],[121.398567,31.23166],[121.398562,31.231663],[121.398557,31.231664],[121.398553,31.231664],[121.398549,31.231663],[121.398545,31.231661],[121.398542,31.231658],[121.398539,31.231654],[121.398536,31.231647],[121.398534,31.231639],[121.398531,31.231631],[121.398529,31.231624],[121.398526,31.231617],[121.398525,31.23161],[121.398524,31.231604],[121.398523,31.2316],[121.398523,31.231598],[121.398523,31.231599],[121.398524,31.231603],[121.398525,31.231609],[121.398527,31.231616],[121.398528,31.231625],[121.39853,31.231633],[121.398532,31.23164],[121.398534,31.231645],[121.398536,31.231649],[121.398537,31.231651],[121.398538,31.231651],[121.398539,31.231651],[121.39854,31.231652],[121.398541,31.231653],[121.398542,31.231654],[121.398543,31.231656],[121.398543,31.231658],[121.398544,31.231659],[121.398546,31.231659],[121.398551,31.231657],[121.398556,31.231654],[121.398562,31.231652],[121.398568,31.231651],[121.398574,31.231653],[121.398578,31.231656],[121.398582,31.23166],[121.398585,31.231666],[121.398587,31.231672],[121.398589,31.23168],[121.39859,31.231687],[121.398592,31.231695],[121.398593,31.231702],[121.398595,31.231709],[121.398596,31.231716],[121.398598,31.231724],[121.398599,31.231733],[121.3986,31.231741],[121.3986,31.231749],[121.3986,31.231755],[121.398599,31.231761],[121.398599,31.231766],[121.398599,31.231773],[121.398599,31.23178],[121.398598,31.231788],[121.398598,31.231784],[121.398598,31.231769],[121.398599,31.231739],[121.398599,31.231705],[121.398598,31.23167],[121.398598,31.231638],[121.398599,31.231608],[121.398599,31.231582],[121.398601,31.23156],[121.398604,31.231541],[121.398607,31.231524],[121.398611,31.23151],[121.398611,31.231487],[121.398614,31.231476],[121.398617,31.231467],[121.398625,31.231472],[121.398631,31.231469],[121.398637,31.231467],[121.398643,31.231464],[121.398649,31.231461],[121.398655,31.231457],[121.398662,31.231452],[121.398668,31.231447],[121.398674,31.231442],[121.398681,31.231437],[121.398687,31.231432],[121.398697,31.231425],[121.398704,31.231421],[121.399403,31.231367],[121.399141,31.231384],[121.399092,31.231411],[121.399035,31.231421],[121.39898,31.231436],[121.398988,31.231439],[121.398989,31.231443],[121.399077,31.231087],[121.399077,31.231087],[121.398915,31.231546],[121.398911,31.231641],[121.398948,31.231875],[121.398949,31.231875],[121.39893,31.232611],[121.398915,31.232634],[121.398888,31.232648],[121.398867,31.232656],[121.398844,31.232657],[121.398822,31.232652],[121.3988,31.232642],[121.398779,31.232627],[121.398759,31.232611],[121.39874,31.232593],[121.398723,31.232575],[121.398707,31.232557],[121.398693,31.23254],[121.398681,31.232525],[121.39867,31.232513],[121.398661,31.232504],[121.398652,31.232498],[121.398645,31.232495],[121.398637,31.232496],[121.398631,31.232498],[121.398624,31.232502],[121.398618,31.232504],[121.398613,31.232505],[121.398608,31.232503],[121.398604,31.232497],[121.398601,31.232488],[121.398596,31.232477],[121.398592,31.232463],[121.398586,31.232448],[121.398579,31.23243],[121.398571,31.23241],[121.398563,31.232389],[121.398554,31.232367],[121.398546,31.232344],[121.398538,31.23232],[121.398531,31.232296],[121.398524,31.232273],[121.398518,31.232251],[121.398514,31.232231],[121.39851,31.232213],[121.398508,31.232199],[121.398506,31.232186],[121.398506,31.232173],[121.398506,31.232162],[121.398507,31.23215],[121.398509,31.232139],[121.398511,31.232127],[121.398514,31.232116],[121.398516,31.232105],[121.398519,31.232094],[121.398521,31.232083],[121.398524,31.232072],[121.398528,31.23206],[121.398531,31.23205],[121.398534,31.232041],[121.398538,31.232035],[121.398542,31.232032],[121.398545,31.232032],[121.39855,31.232033],[121.398551,31.232048],[121.398552,31.232064],[121.39855,31.232083],[121.398549,31.23209],[121.398548,31.232095],[121.398546,31.232096],[121.398545,31.232096],[121.398543,31.232093],[121.398541,31.232089],[121.398538,31.232083],[121.398535,31.232075],[121.398532,31.232066],[121.398529,31.232057],[121.398526,31.232047],[121.398523,31.232037],[121.39852,31.232028],[121.398517,31.232018],[121.398514,31.232009],[121.398511,31.232001],[121.398509,31.231992],[121.398508,31.231983],[121.398507,31.231973],[121.398507,31.231963],[121.398508,31.231951],[121.398509,31.231938],[121.39851,31.231923],[121.398511,31.231905],[121.398512,31.231885],[121.398513,31.231863],[121.398514,31.231839],[121.398515,31.231816],[121.398515,31.231792],[121.398516,31.231768],[121.398516,31.231744],[121.398516,31.231721],[121.398516,31.231698],[121.398517,31.231678],[121.398517,31.23166],[121.398517,31.231644],[121.398517,31.231631],[121.398518,31.23162],[121.398518,31.231611],[121.398518,31.231606],[121.398519,31.231603],[121.398519,31.231604],[121.398519,31.231609],[121.398518,31.231617],[121.398517,31.231626],[121.398516,31.231636],[121.398514,31.231645],[121.398512,31.231654],[121.39851,31.231661],[121.398508,31.231667],[121.398505,31.231672],[121.398503,31.231675],[121.3985,31.231677],[121.398497,31.231678],[121.398495,31.231678],[121.398492,31.231676],[121.398489,31.231674],[121.398487,31.231672],[121.398485,31.231671],[121.398482,31.231671],[121.39848,31.231674],[121.398477,31.231677],[121.398474,31.231682],[121.39847,31.231689],[121.398467,31.231696],[121.398463,31.231703],[121.398459,31.231709],[121.398455,31.231714],[121.398452,31.231716],[121.398448,31.231715],[121.398445,31.231712],[121.398442,31.231707],[121.39844,31.231701],[121.398439,31.231697],[121.398439,31.231695],[121.39844,31.231695],[121.398443,31.231698],[121.398445,31.231702],[121.398448,31.231706],[121.398452,31.231699],[121.398455,31.231689],[121.398457,31.231673],[121.398456,31.231664],[121.398454,31.231655],[121.398451,31.231649],[121.398446,31.231647],[121.398442,31.231649],[121.398439,31.231657],[121.398438,31.23167],[121.398438,31.23169],[121.398439,31.231713],[121.39844,31.231738],[121.398443,31.231763],[121.398444,31.231786],[121.398444,31.231804],[121.398443,31.231819],[121.398441,31.231828],[121.398437,31.231831],[121.398432,31.231829],[121.398428,31.23182],[121.398424,31.231806],[121.39842,31.231788],[121.398416,31.231767],[121.398413,31.231746],[121.39841,31.231724],[121.398408,31.231704],[121.398407,31.231685],[121.398406,31.231668],[121.398406,31.231655],[121.398408,31.231645],[121.398411,31.231639],[121.398415,31.231636],[121.398418,31.231636],[121.39842,31.231639],[121.398419,31.231645],[121.398415,31.231652],[121.39841,31.231661],[121.398406,31.231671],[121.398401,31.231684],[121.398398,31.231698],[121.398396,31.231712],[121.398396,31.231726],[121.398398,31.231738],[121.398403,31.231747],[121.398409,31.231754],[121.398418,31.23176],[121.398427,31.231767],[121.39844,31.231776],[121.398453,31.231786],[121.398468,31.231797],[121.398483,31.231809],[121.398497,31.23182],[121.398511,31.231831],[121.398525,31.231844],[121.398538,31.231857],[121.39855,31.231873],[121.39856,31.231891],[121.39857,31.231912],[121.398577,31.231936],[121.398582,31.23196],[121.398586,31.231984],[121.398588,31.232007],[121.39859,31.232029],[121.398592,31.232049],[121.398594,31.232068],[121.398597,31.232085],[121.3986,31.232101],[121.398603,31.232115],[121.398607,31.232128],[121.398611,31.23214],[121.398618,31.232154],[121.398626,31.232169],[121.398635,31.232187],[121.398645,31.232204],[121.398654,31.232225],[121.398664,31.232247],[121.398673,31.232269],[121.398681,31.232291],[121.398688,31.23231],[121.398694,31.232325],[121.398699,31.232337],[121.398704,31.232343],[121.398707,31.232346],[121.39871,31.232344],[121.398712,31.232337],[121.398714,31.232326],[121.398714,31.232309],[121.398714,31.232288],[121.398713,31.232261],[121.398711,31.232231],[121.398707,31.232197],[121.398701,31.23216],[121.398694,31.232121],[121.398687,31.232081],[121.398679,31.23204],[121.398672,31.232001],[121.398665,31.231962],[121.398658,31.231925],[121.398653,31.231889],[121.398649,31.231854],[121.398646,31.231822],[121.398644,31.231795],[121.398643,31.231772],[121.398643,31.231755],[121.398645,31.231743],[121.398647,31.231735],[121.39865,31.23173],[121.398655,31.231727],[121.398661,31.231726],[121.398667,31.231726],[121.398675,31.231728],[121.398683,31.23173],[121.398689,31.231732],[121.398684,31.231716],[121.398675,31.231695],[121.39866,31.231667],[121.398653,31.231651],[121.398646,31.231633],[121.39864,31.231617],[121.398635,31.2316],[121.39863,31.231586],[121.398625,31.231569],[121.398622,31.231561],[121.398621,31.231556],[121.402158,31.23263],[121.40235,31.232692],[121.39928,31.232556],[121.404307,31.231626],[121.399716,31.234057],[121.39952,31.232575],[121.399329,31.232357],[121.399392,31.230233],[121.399387,31.230241],[121.398948,31.230669],[121.398948,31.23067],[121.399006,31.231048],[121.398908,31.231172],[121.398865,31.231383],[121.398877,31.231381],[121.398769,31.231755],[121.398768,31.231756],[121.398835,31.231809],[121.398849,31.231846],[121.398832,31.231864],[121.398799,31.231874],[121.398789,31.231878],[121.398778,31.231875],[121.398769,31.23187],[121.398761,31.231863],[121.398756,31.231861],[121.398755,31.231859],[121.398765,31.231852],[121.398776,31.231845],[121.398803,31.231829],[121.398797,31.231829],[121.398797,31.231829],[121.399317,31.231793],[121.399192,31.231627],[121.398813,31.231741],[121.398712,31.23173],[121.398616,31.23175],[121.398518,31.23176],[121.398519,31.231759],[121.39852,31.231759],[121.399214,31.231702],[121.399198,31.23172],[121.398727,31.231934],[121.398632,31.231975],[121.398522,31.232021],[121.398484,31.232034],[121.398457,31.232043],[121.398489,31.232081],[121.398431,31.232051],[121.39865,31.232222],[121.398651,31.232217],[121.399069,31.231951],[121.39911,31.231664],[121.398782,31.231879],[121.398552,31.231916],[121.398549,31.231917],[121.398261,31.231636],[121.398261,31.231639],[121.398261,31.231644],[121.398262,31.231648],[121.398263,31.231652],[121.398265,31.231656],[121.398267,31.231659],[121.39827,31.231662],[121.398272,31.231665],[121.398275,31.231669],[121.398278,31.231673],[121.398281,31.231678],[121.398284,31.231683],[121.398286,31.231687],[121.398297,31.231692],[121.39831,31.231695],[121.398323,31.231697],[121.398327,31.231697],[121.398329,31.231695],[121.398331,31.231694],[121.398332,31.231692],[121.398334,31.231691],[121.398336,31.231692],[121.398337,31.231693],[121.398337,31.231696],[121.398338,31.2317],[121.398338,31.231706],[121.398339,31.231715],[121.398341,31.231727],[121.398343,31.231739],[121.398346,31.231752],[121.39835,31.231765],[121.398353,31.231776],[121.398358,31.231792],[121.39836,31.231796],[121.399132,31.231907],[121.399055,31.231828],[121.398918,31.231709],[121.398697,31.231569],[121.398626,31.231513],[121.39857,31.231471],[121.39855,31.231451],[121.398542,31.231438],[121.398543,31.23143],[121.398548,31.231423],[121.398554,31.231417],[121.398561,31.231411],[121.398567,31.231407],[121.398572,31.231406],[121.398577,31.231407],[121.398579,31.231411],[121.398577,31.231418],[121.398572,31.231428],[121.398564,31.231439],[121.398554,31.231451],[121.398543,31.231462],[121.398514,31.231498],[121.398486,31.231534],[121.398436,31.231586],[121.398401,31.231617],[121.398365,31.231647],[121.398353,31.231662],[121.398345,31.231676],[121.398342,31.231686],[121.398341,31.231696],[121.39834,31.231706],[121.398338,31.231717],[121.398335,31.231729],[121.398331,31.231741],[121.398325,31.231755],[121.398318,31.231769],[121.398309,31.231784],[121.3983,31.231798],[121.39829,31.231813],[121.39828,31.231827],[121.39827,31.231841],[121.39826,31.231855],[121.39825,31.231869],[121.39824,31.231883],[121.398231,31.231896],[121.39822,31.23191],[121.398214,31.231921],[121.398209,31.231934],[121.397553,31.232128],[121.397553,31.232129],[121.397731,31.232042],[121.39768,31.231941],[121.397654,31.231826],[121.397632,31.231791],[121.397616,31.231771],[121.397605,31.23177],[121.3976,31.231776],[121.397601,31.231786],[121.397608,31.231798],[121.397618,31.231809],[121.39763,31.23182],[121.397643,31.23183],[121.397658,31.231839],[121.397672,31.231847],[121.39771,31.2319],[121.397748,31.23196],[121.397789,31.23203],[121.397804,31.232058],[121.397814,31.23208],[121.397818,31.232094],[121.39782,31.232105],[121.397821,31.232114],[121.397822,31.232123],[121.397823,31.232131],[121.397824,31.232139],[121.397827,31.232147],[121.39783,31.232154],[121.397834,31.23216],[121.397839,31.232165],[121.397846,31.23217],[121.397854,31.232173],[121.397864,31.232176],[121.397874,31.232178],[121.397886,31.23218],[121.3979,31.232182],[121.397915,31.232184],[121.39793,31.232186],[121.397942,31.232188],[121.397952,31.23219],[121.397959,31.232192],[121.397995,31.232198],[121.398035,31.232204],[121.398081,31.232212],[121.398098,31.232214],[121.398112,31.232215],[121.398138,31.232203],[121.398166,31.232189],[121.3982,31.232171],[121.398217,31.232162],[121.398234,31.232154],[121.398248,31.232151],[121.398259,31.232149],[121.398265,31.23215],[121.398268,31.232152],[121.39827,31.232155],[121.398271,31.232159],[121.398271,31.232163],[121.398272,31.232167],[121.398273,31.232169],[121.398317,31.232173],[121.398369,31.232177],[121.398431,31.232159],[121.398456,31.232134],[121.398454,31.232097],[121.398437,31.232077],[121.398391,31.232039],[121.398389,31.23204],[121.39839,31.232041],[121.39835,31.232132],[121.398377,31.232132],[121.398384,31.232132],[121.398351,31.232137],[121.398355,31.232138],[121.398357,31.232138],[121.399221,31.232189],[121.398832,31.231974],[121.398825,31.231967],[121.398637,31.231907],[121.398598,31.231895],[121.398552,31.231882],[121.398533,31.23188],[121.398516,31.231879],[121.398505,31.23188],[121.398496,31.231882],[121.39847,31.231902],[121.398442,31.231926],[121.398411,31.231955],[121.398401,31.231965],[121.398396,31.231971],[121.398396,31.231971],[121.398398,31.231969],[121.398401,31.231964],[121.398405,31.231957],[121.398408,31.231948],[121.39841,31.231938],[121.398412,31.231926],[121.398412,31.231915],[121.398411,31.231904],[121.398408,31.231893],[121.398404,31.231884],[121.398398,31.231876],[121.398391,31.231871],[121.398382,31.23187],[121.398372,31.231872],[121.398363,31.231877],[121.398357,31.231882],[121.398356,31.231887],[121.398358,31.23189],[121.398365,31.231892],[121.398367,31.231894],[121.398387,31.231892],[121.398394,31.231891],[121.398891,31.231782],[121.398494,31.23192],[121.398492,31.231922],[121.398492,31.231923],[121.397785,31.232332],[121.397804,31.232322],[121.39785,31.232301],[121.397888,31.232281],[121.397927,31.232259],[121.397962,31.232239],[121.397992,31.232222],[121.398018,31.232208],[121.398043,31.232195],[121.398067,31.232183],[121.39809,31.232173],[121.398113,31.232163],[121.398135,31.232153],[121.398157,31.232143],[121.398176,31.232134],[121.398253,31.232107],[121.39821,31.232119],[121.398521,31.232015],[121.398521,31.232015],[121.399363,31.23169],[121.399561,31.231591],[121.39897,31.231638],[121.398883,31.231631],[121.39868,31.231647],[121.398629,31.231652],[121.398597,31.231656],[121.398572,31.231661],[121.398552,31.231666],[121.398537,31.231672],[121.398526,31.231679],[121.398518,31.231684],[121.398512,31.231689],[121.398506,31.231707],[121.398502,31.231727],[121.398499,31.231751],[121.398499,31.231761],[121.398499,31.23177],[121.3985,31.231777],[121.398501,31.231783],[121.398501,31.231788],[121.398502,31.231794],[121.398501,31.2318],[121.3985,31.231807],[121.398497,31.231814],[121.398492,31.231822],[121.398487,31.231831],[121.39848,31.231839],[121.398473,31.231846],[121.398466,31.231853],[121.398459,31.231859],[121.398452,31.231864],[121.398446,31.231869],[121.39844,31.231873],[121.398434,31.231877],[121.398427,31.23188],[121.398419,31.231882],[121.398411,31.231883],[121.398403,31.231883],[121.398396,31.231883],[121.398389,31.231883],[121.398384,31.231882],[121.398378,31.23188],[121.398372,31.231879],[121.398366,31.231877],[121.398361,31.231876],[121.398357,31.231875],[121.398352,31.231874],[121.398348,31.231874],[121.398343,31.231875],[121.398338,31.231876],[121.398333,31.231877],[121.398328,31.231879],[121.398323,31.231882],[121.398318,31.231885],[121.398315,31.231889],[121.398312,31.231893],[121.39831,31.231897],[121.398308,31.231901],[121.398307,31.231905],[121.398307,31.231909],[121.398307,31.231913],[121.398306,31.231918],[121.398306,31.231922],[121.398307,31.231927],[121.398308,31.231931],[121.398309,31.231935],[121.39831,31.231939],[121.398311,31.231942],[121.398313,31.231946],[121.39831,31.231952],[121.398311,31.231956],[121.398312,31.231959],[121.398319,31.231961],[121.398323,31.231963],[121.398328,31.231965],[121.398334,31.231966],[121.398339,31.231966],[121.398346,31.231966],[121.398352,31.231965],[121.398359,31.231963],[121.398365,31.23196],[121.398371,31.231956],[121.398377,31.231952],[121.398383,31.231948],[121.398388,31.231944],[121.398394,31.23194],[121.398399,31.231936],[121.398403,31.231931],[121.398408,31.231927],[121.398411,31.231923],[121.398415,31.231919],[121.398418,31.231915],[121.398422,31.23191],[121.398426,31.231906],[121.39843,31.231901],[121.398434,31.231896],[121.398438,31.231891],[121.398442,31.231886],[121.398446,31.231882],[121.39845,31.231878],[121.398455,31.231874],[121.398459,31.231869],[121.398463,31.231866],[121.398466,31.231864],[121.398937,31.231979],[121.398397,31.232032],[121.39829,31.232043],[121.398302,31.232041],[121.398288,31.232041],[121.398292,31.232039],[121.398291,31.232038],[121.398293,31.232036],[121.398294,31.232034],[121.398296,31.232032],[121.398297,31.23203],[121.3983,31.232028],[121.398302,31.232026],[121.398305,31.232025],[121.398308,31.232023],[121.398311,31.23202],[121.398314,31.232016],[121.398319,31.232012],[121.398324,31.232007],[121.398331,31.232002],[121.398339,31.231996],[121.398348,31.23199],[121.398356,31.231985],[121.398364,31.23198],[121.398371,31.231975],[121.398376,31.231972],[121.39838,31.231968],[121.398383,31.231965],[121.398385,31.231963],[121.398385,31.23196],[121.398385,31.231957],[121.398384,31.231953],[121.398383,31.23195],[121.398381,31.231946],[121.39838,31.231942],[121.398378,31.231938],[121.398376,31.231934],[121.398375,31.231931],[121.398373,31.231927],[121.398372,31.231924],[121.39837,31.231922],[121.398368,31.23192],[121.398367,31.231918],[121.398366,31.231916],[121.398365,31.231913],[121.398365,31.231911],[121.398365,31.231909],[121.398365,31.231906],[121.398366,31.231903],[121.398367,31.231899],[121.398368,31.231896],[121.398369,31.231894],[121.39837,31.231892],[121.39837,31.231892],[121.398369,31.231892],[121.398368,31.231894],[121.398366,31.231896],[121.398363,31.231899],[121.39836,31.231902],[121.398357,31.231905],[121.398353,31.231908],[121.39835,31.23191],[121.398347,31.231913],[121.398344,31.231915],[121.398342,31.231917],[121.398342,31.231918],[121.399013,31.232074],[121.398993,31.231967],[121.398907,31.232009],[121.399009,31.231953],[121.398498,31.232097],[121.398991,31.231965],[121.399004,31.231976],[121.398579,31.23207],[121.398496,31.23209],[121.398395,31.232113],[121.398359,31.232121],[121.398333,31.232127],[121.398322,31.232129],[121.398316,31.232131],[121.398314,31.232131],[121.398314,31.232131],[121.398316,31.23213],[121.398319,31.232129],[121.398323,31.232128],[121.398327,31.232127],[121.398347,31.232115],[121.398371,31.232099],[121.398398,31.23208],[121.398409,31.232071],[121.398418,31.232063],[121.398424,31.232056],[121.39843,31.23205],[121.398436,31.232044],[121.398443,31.232038],[121.39845,31.232032],[121.398458,31.232026],[121.398467,31.23202],[121.398476,31.232014],[121.398513,31.231989],[121.398553,31.231961],[121.398554,31.23194],[121.398518,31.23194],[121.398466,31.231946],[121.398448,31.231948],[121.398433,31.231951],[121.398424,31.231953],[121.398418,31.231955],[121.398414,31.231957],[121.39841,31.231959],[121.398408,31.231961],[121.398407,31.231963],[121.398406,31.231964],[121.398406,31.231965],[121.398406,31.231966],[121.398407,31.231966],[121.398409,31.231966],[121.398411,31.231965],[121.398414,31.231963],[121.398416,31.231962],[121.398418,31.23196],[121.39842,31.231958],[121.398421,31.231956],[121.398423,31.231955],[121.398424,31.231954],[121.398425,31.231953],[121.398426,31.231952],[121.398426,31.231952],[121.398427,31.231951],[121.398427,31.231951],[121.398428,31.231951],[121.398424,31.231951],[121.398418,31.231952],[121.398408,31.231954],[121.3984,31.231955],[121.398392,31.231956],[121.398385,31.231956],[121.398379,31.231957],[121.398373,31.231958],[121.39837,31.231959],[121.398374,31.231962],[121.39838,31.231965],[121.398389,31.231969],[121.398394,31.23197],[121.398388,31.231963],[121.398378,31.231954],[121.398363,31.231943],[121.398358,31.231939],[121.398355,31.231936],[121.398354,31.231935],[121.398352,31.231933],[121.398353,31.231933],[121.398355,31.231933],[121.398503,31.231984],[121.39862,31.231972],[121.398504,31.231994],[121.398481,31.232004],[121.398431,31.232019],[121.398481,31.232004],[121.398547,31.231984],[121.39866,31.231934],[121.398725,31.231895],[121.39879,31.231851],[121.398823,31.231831],[121.398851,31.231813],[121.398874,31.231799],[121.398896,31.231784],[121.398917,31.23177],[121.398937,31.231755],[121.398955,31.23174],[121.398972,31.231725],[121.398987,31.231712],[121.398999,31.231699],[121.399009,31.231687],[121.399016,31.231676],[121.39902,31.231665],[121.39902,31.231654],[121.399015,31.231645],[121.399006,31.231639],[121.39899,31.231636],[121.398971,31.231635],[121.39895,31.231637],[121.398931,31.231639],[121.398913,31.231642],[121.398895,31.231646],[121.398879,31.231651],[121.398864,31.231657],[121.39885,31.231662],[121.398837,31.231668],[121.398825,31.231674],[121.398814,31.23168],[121.398805,31.231686],[121.398798,31.231692],[121.398791,31.231698],[121.398786,31.231703],[121.398781,31.231707],[121.398778,31.23171],[121.398775,31.231713],[121.398772,31.231716],[121.39877,31.231717],[121.398768,31.231719],[121.398767,31.23172],[121.398765,31.231721],[121.398763,31.231722],[121.398761,31.231723],[121.398759,31.231724],[121.398757,31.231725],[121.398755,31.231726],[121.398754,31.231726],[121.398752,31.231727],[121.398752,31.231728],[121.398752,31.231728],[121.399356,31.231547],[121.398908,31.231664],[121.398994,31.231643],[121.398901,31.231668],[121.398905,31.231669],[121.399269,31.231671],[121.399083,31.231652],[121.399291,31.231575],[121.399313,31.231541],[121.399496,31.23148],[121.399207,31.231518],[121.399206,31.231518],[121.399659,31.231612],[121.39905,31.23171],[121.39909,31.231673],[121.399086,31.231669],[121.399084,31.231667],[121.399083,31.231664],[121.399081,31.231661],[121.399081,31.23166],[121.399081,31.23166],[121.398624,31.231788],[121.398624,31.231789],[121.398627,31.231789],[121.398629,31.231789],[121.39863,31.231789],[121.398631,31.231789],[121.398632,31.231789],[121.398632,31.231787],[121.398631,31.231783],[121.398629,31.231779],[121.398626,31.231775],[121.398621,31.231771],[121.398616,31.231766],[121.398611,31.231762],[121.398606,31.231757],[121.398601,31.231753],[121.398596,31.231749],[121.398591,31.231745],[121.398587,31.231743],[121.398584,31.231741],[121.398581,31.231741],[121.398579,31.231742],[121.398579,31.231743],[121.398579,31.231743],[121.398581,31.231743],[121.398583,31.231741],[121.398587,31.231738],[121.398591,31.231731],[121.398597,31.231724],[121.398602,31.231715],[121.398607,31.231707],[121.398611,31.2317],[121.398614,31.231693],[121.398617,31.231686],[121.39862,31.231681],[121.398622,31.231676],[121.398625,31.231672],[121.398628,31.23167],[121.398631,31.231668],[121.398642,31.231659],[121.398654,31.23165],[121.398667,31.231639],[121.398672,31.231635],[121.398676,31.231632],[121.39868,31.231628],[121.398681,31.231627],[121.398683,31.231626],[121.398657,31.231601],[121.398682,31.231595],[121.398686,31.231594],[121.398662,31.231598],[121.398657,31.231598],[121.39865,31.231598],[121.398647,31.231598],[121.398645,31.231597],[121.398644,31.231597],[121.398643,31.231598],[121.398644,31.231598],[121.398644,31.231599],[121.398646,31.2316],[121.398647,31.231601],[121.398649,31.231601],[121.398651,31.231602],[121.398691,31.2316],[121.39874,31.231598],[121.398794,31.231588],[121.398812,31.231577],[121.398779,31.231578],[121.398731,31.231589],[121.398669,31.231606],[121.398645,31.231614],[121.398625,31.231622],[121.398615,31.231629],[121.398607,31.231636],[121.398601,31.231642],[121.398597,31.231648],[121.398593,31.231654],[121.398589,31.23166],[121.398586,31.231666],[121.398583,31.231674],[121.398581,31.231681],[121.398579,31.231689],[121.398577,31.231697],[121.398575,31.231705],[121.398573,31.231712],[121.398571,31.23172],[121.39857,31.231727],[121.398568,31.231734],[121.398566,31.231742],[121.398565,31.231749],[121.398563,31.231756],[121.398562,31.231763],[121.398561,31.23177],[121.398561,31.231775],[121.398561,31.231779],[121.398557,31.231798],[121.398624,31.231807],[121.398703,31.231817],[121.398896,31.231808],[121.398895,31.23181],[121.398518,31.231986],[121.398516,31.231995],[121.398514,31.232005],[121.398512,31.232017],[121.39851,31.232031],[121.398508,31.232046],[121.398506,31.232062],[121.398502,31.232083],[121.3985,31.232097],[121.398497,31.23211],[121.398497,31.232116],[121.398495,31.232128],[121.398495,31.232138],[121.398496,31.232146],[121.398499,31.232151],[121.398504,31.232152],[121.398512,31.232152],[121.39852,31.23215],[121.398528,31.232147],[121.398598,31.232119],[121.398541,31.232142],[121.398862,31.232013],[121.398862,31.232012],[121.399444,31.231927],[121.398674,31.232071],[121.399039,31.231632],[121.399033,31.231584],[121.399396,31.231256],[121.399338,31.231876],[121.399233,31.232313],[121.399312,31.232388],[121.399405,31.231512],[121.39892,31.231573],[121.39879,31.231629],[121.398769,31.231662],[121.398734,31.231684],[121.398718,31.2317],[121.398704,31.231713],[121.398695,31.231727],[121.398687,31.23174],[121.398681,31.231752],[121.398675,31.231763],[121.39867,31.23177],[121.398664,31.231773],[121.398658,31.231772],[121.398653,31.23177],[121.398648,31.231769],[121.398645,31.231766],[121.398645,31.231766],[121.39931,31.231818],[121.398877,31.231784],[121.398796,31.231802],[121.398693,31.231799],[121.398657,31.231802],[121.39863,31.231801],[121.398618,31.2318],[121.398612,31.231798],[121.39861,31.231795],[121.39861,31.231792],[121.398613,31.231787],[121.398617,31.231781],[121.398622,31.231774],[121.398627,31.231767],[121.398633,31.231759],[121.398638,31.231752],[121.398643,31.231744],[121.398649,31.231737],[121.398654,31.231731],[121.398659,31.231724],[121.398664,31.231718],[121.398666,31.2317],[121.398664,31.231682],[121.398661,31.231662],[121.398659,31.231654],[121.398657,31.231647],[121.398656,31.231644],[121.398656,31.231642],[121.398657,31.23164],[121.398658,31.231638],[121.398659,31.231637],[121.398665,31.231639],[121.398669,31.231642],[121.398674,31.231646],[121.398674,31.231649],[121.398675,31.23165],[121.398677,31.231652],[121.39868,31.231652],[121.398672,31.231658],[121.398662,31.231665],[121.398647,31.231672],[121.398641,31.231675],[121.398637,31.231677],[121.398634,31.231679],[121.398633,31.231679],[121.398632,31.23168],[121.398632,31.23168],[121.398633,31.23168],[121.398634,31.23168],[121.398635,31.23168],[121.398637,31.23168],[121.39864,31.231679],[121.398643,31.231678],[121.398646,31.231677],[121.39865,31.231676],[121.398655,31.231675],[121.398659,31.231673],[121.398664,31.23167],[121.398667,31.231667],[121.398669,31.231663],[121.39867,31.231663],[121.39867,31.231662],[121.398669,31.231662],[121.398668,31.231663],[121.398667,31.231663],[121.398666,31.231663],[121.398664,31.231662],[121.398662,31.231661],[121.39866,31.23166],[121.398658,31.231659],[121.398656,31.231658],[121.398653,31.231657],[121.39865,31.231657],[121.398647,31.231657],[121.398645,31.231659],[121.398642,31.23166],[121.39864,31.231662],[121.398638,31.231664],[121.398636,31.231667],[121.398633,31.23167],[121.39863,31.231673],[121.398627,31.231677],[121.398624,31.23168],[121.398621,31.231684],[121.398618,31.231686],[121.398616,31.231689],[121.398615,31.231691],[121.398615,31.231692],[121.398615,31.231694],[121.398616,31.231695],[121.398618,31.231696],[121.39862,31.231697],[121.398623,31.231698],[121.398625,31.231699],[121.398628,31.231701],[121.398631,31.231702],[121.398633,31.231704],[121.398634,31.231706],[121.398635,31.231708],[121.398636,31.231711],[121.398636,31.231713],[121.398637,31.231716],[121.398638,31.231719],[121.39864,31.23172],[121.398642,31.231722],[121.398645,31.231722],[121.398649,31.231722],[121.398652,31.231722],[121.398651,31.231734],[121.398648,31.231749],[121.398644,31.231767],[121.398641,31.231774],[121.39864,31.231779],[121.398638,31.231782],[121.398638,31.231784],[121.398637,31.231786],[121.398637,31.231787],[121.398637,31.231789],[121.398637,31.231792],[121.398636,31.231795],[121.398636,31.231798],[121.398635,31.231801],[121.398635,31.231803],[121.398635,31.231804],[121.398635,31.231805],[121.398634,31.231799],[121.398632,31.231791],[121.398628,31.231781],[121.398627,31.231777],[121.398625,31.231773],[121.398625,31.231771],[121.398624,31.231768],[121.398624,31.231765],[121.398623,31.231762],[121.398623,31.231759],[121.398622,31.231756],[121.398622,31.231754],[121.398621,31.231752],[121.398621,31.23175],[121.39862,31.231749],[121.39862,31.231748],[121.398619,31.231747],[121.398619,31.231746],[121.398618,31.231746],[121.398618,31.231745],[121.398617,31.231744],[121.398616,31.231742],[121.398616,31.23174],[121.398615,31.231737],[121.398615,31.231731],[121.398614,31.231725],[121.398613,31.231718],[121.398613,31.231711],[121.398612,31.231705],[121.398611,31.231699],[121.398609,31.231693],[121.398608,31.231687],[121.398607,31.231683],[121.398605,31.231678],[121.398603,31.231675],[121.398601,31.231671],[121.398599,31.231668],[121.398597,31.231665],[121.398595,31.231663],[121.398593,31.23166],[121.398591,31.231658],[121.398589,31.231655],[121.398587,31.231652],[121.398586,31.231649],[121.398584,31.231647],[121.398582,31.231645],[121.39858,31.231645],[121.398578,31.231646],[121.398576,31.231648],[121.398574,31.231652],[121.398572,31.231655],[121.39857,31.231659],[121.398569,31.231662],[121.398568,31.231665],[121.398568,31.231668],[121.398563,31.231667],[121.398557,31.231665],[121.39855,31.231662],[121.398547,31.231661],[121.398545,31.23166],[121.398543,31.231659],[121.398542,31.231659],[121.398541,31.231658],[121.39854,31.231659],[121.398539,31.23166],[121.398539,31.231661],[121.398538,31.231663],[121.398538,31.231666],[121.398538,31.231668],[121.398538,31.231671],[121.398537,31.231675],[121.398537,31.231678],[121.398537,31.231681],[121.398537,31.231685],[121.398537,31.231688],[121.398537,31.231691],[121.398537,31.231694],[121.398537,31.231696],[121.398537,31.231698],[121.398537,31.2317],[121.398538,31.231701],[121.398538,31.231701],[121.398539,31.231702],[121.39854,31.231702],[121.398541,31.231702],[121.398542,31.231703],[121.398544,31.231703],[121.398545,31.231703],[121.398547,31.231704],[121.398548,31.231705],[121.39855,31.231705],[121.398551,31.231706],[121.398552,31.231707],[121.398554,31.231708],[121.398555,31.231708],[121.398557,31.231709],[121.398558,31.231708],[121.398561,31.231708],[121.398563,31.231707],[121.398565,31.231707],[121.398567,31.231706],[121.398569,31.231705],[121.398571,31.231705],[121.398573,31.231705],[121.398575,31.231706],[121.398577,31.231707],[121.398578,31.231708],[121.398579,31.23171],[121.398579,31.231711],[121.39858,31.231712],[121.39858,31.231714],[121.39858,31.231715],[121.39858,31.231716],[121.39858,31.231718],[121.398579,31.231719],[121.398578,31.231721],[121.398577,31.231723],[121.398576,31.231725],[121.398575,31.231727],[121.398574,31.231729],[121.398573,31.231731],[121.398572,31.231733],[121.398571,31.231735],[121.398571,31.231737],[121.39857,31.231739],[121.39857,31.23174],[121.39857,31.231741],[121.39857,31.231742],[121.39857,31.231743],[121.39857,31.231743],[121.39857,31.231744],[121.39857,31.231744],[121.398571,31.231744],[121.398571,31.231744],[121.398572,31.231744],[121.398573,31.231744],[121.398573,31.231744],[121.398576,31.231743],[121.398584,31.231741],[121.398593,31.23174],[121.398598,31.23174],[121.398599,31.231741],[121.3986,31.231742],[121.398613,31.231743],[121.398646,31.231742],[121.398675,31.231743],[121.398681,31.231748],[121.398656,31.231757],[121.398624,31.231764],[121.398599,31.231771],[121.398581,31.231777],[121.39857,31.231781],[121.398565,31.231783],[121.398561,31.231785],[121.398558,31.231785],[121.398556,31.231786],[121.398554,31.231786],[121.398552,31.231787],[121.398549,31.231789],[121.398543,31.231792],[121.398533,31.231796],[121.398523,31.231801],[121.398515,31.231807],[121.398512,31.231812],[121.39851,31.231816],[121.398509,31.231818],[121.398508,31.231818],[121.398508,31.231819],[121.398507,31.231819],[121.398507,31.231821],[121.398507,31.231823],[121.398507,31.231823],[121.398507,31.231824],[121.398507,31.231824],[121.39851,31.231824],[121.398514,31.231823],[121.398519,31.231825],[121.398521,31.231828],[121.398522,31.231832],[121.398523,31.231834],[121.398523,31.231834],[121.398523,31.231835],[121.398523,31.231835],[121.398527,31.231838],[121.39853,31.23184],[121.398535,31.231842],[121.398537,31.231842],[121.398538,31.231841],[121.398539,31.231838],[121.398542,31.231834],[121.398547,31.231827],[121.398551,31.23182],[121.398553,31.231812],[121.398554,31.231804],[121.398555,31.231796],[121.398555,31.231788],[121.398556,31.231785],[121.398556,31.231783]]}}]}