{"type":"FeatureCollection","features":[{"type":"Feature","properties":{"id":"2026-08-16_walking_48","type":"walking","date":"2026-08-16"},"geometry":{"type":"LineString","coordinates":[[120.866769,31.960139],[120.866779,31.96013],[120.866786,31.960121],[120.866791,31.960114],[120.866797,31.960106],[120.866804,31.960097],[120.866812,31.960087],[120.866817,31.960081],[120.866819,31.960075],[120.866824,31.960066],[120.866828,31.960056],[120.866832,31.960039],[120.866838,31.960019],[120.866845,31.960004],[120.866852,31.959993],[120.866859,31.959983],[120.866864,31.959973],[120.866869,31.959963],[120.866874,31.959952],[120.866878,31.959943],[120.866883,31.959932],[120.866889,31.95992],[120.866892,31.959913],[120.866896,31.959905],[120.866901,31.959895],[120.866905,31.959888],[120.86691,31.959881],[120.866915,31.959874],[120.866922,31.959866],[120.866927,31.959859],[120.866931,31.959852],[120.866934,31.959846],[120.866938,31.959838],[120.866944,31.959825],[120.866949,31.959815],[120.866955,31.959807],[120.866963,31.959794],[120.86697,31.959781],[120.866976,31.959772],[120.866979,31.959762],[120.866982,31.959754],[120.866984,31.959746],[120.866987,31.959737],[120.866991,31.959729],[120.866996,31.959721],[120.866999,31.959714],[120.867002,31.959705],[120.867008,31.959695],[120.867012,31.959684],[120.867016,31.959672],[120.867019,31.95966],[120.867024,31.959648],[120.867031,31.959633],[120.867036,31.959621],[120.867041,31.959613],[120.867046,31.959603],[120.867049,31.959595],[120.867053,31.959587],[120.867057,31.959577],[120.867062,31.959568],[120.867067,31.959559],[120.867073,31.95955],[120.867079,31.95954],[120.867085,31.959533],[120.867089,31.959525],[120.867095,31.959515],[120.867099,31.959505],[120.867104,31.959494],[120.867111,31.959484],[120.867118,31.959473],[120.867123,31.959464],[120.867127,31.959455],[120.867132,31.959445],[120.867137,31.959435],[120.867143,31.959426],[120.867148,31.959417],[120.867152,31.959411],[120.867156,31.959404],[120.867162,31.959391],[120.867171,31.959375],[120.867178,31.95936],[120.867184,31.959349],[120.867189,31.959338],[120.867196,31.959324],[120.867203,31.959311],[120.867208,31.959301],[120.867213,31.959291],[120.86722,31.959278],[120.867228,31.959265],[120.867234,31.959253],[120.867241,31.959243],[120.867246,31.959233],[120.867252,31.959224],[120.867258,31.959214],[120.867264,31.959205],[120.867268,31.959197],[120.867272,31.959191],[120.867276,31.959183],[120.867283,31.959172],[120.86729,31.959159],[120.8673,31.959142],[120.867309,31.959127],[120.867315,31.959117],[120.867319,31.95911],[120.867324,31.959103],[120.86733,31.959094],[120.867334,31.959087],[120.867338,31.959079],[120.867344,31.959068],[120.86735,31.959058],[120.867354,31.959051],[120.867359,31.959044],[120.867365,31.959032],[120.867372,31.959021],[120.867378,31.959009],[120.867384,31.958998],[120.86739,31.958988],[120.867396,31.958977],[120.867402,31.958966],[120.867409,31.958955],[120.867416,31.958943],[120.867421,31.958933],[120.867424,31.958928],[120.867428,31.95892],[120.867434,31.958909],[120.86744,31.958898],[120.867447,31.958885],[120.867454,31.958872],[120.86746,31.958861],[120.867469,31.958845],[120.867477,31.958829],[120.867484,31.958816],[120.867491,31.9588],[120.867498,31.958786],[120.867504,31.958775],[120.86751,31.958762],[120.867515,31.958749],[120.867521,31.95874],[120.867527,31.958733],[120.867532,31.958724],[120.86754,31.958715],[120.867547,31.958705],[120.867551,31.958696],[120.867555,31.958687],[120.867561,31.958676],[120.867566,31.958666],[120.86757,31.958655],[120.867578,31.95864],[120.867588,31.958628],[120.867597,31.95862],[120.867603,31.958611],[120.867608,31.958601],[120.867611,31.958591],[120.867617,31.958581],[120.867625,31.958572],[120.867632,31.958563],[120.867635,31.958553],[120.867637,31.958542],[120.867639,31.958534],[120.867642,31.958526],[120.867648,31.958517],[120.867657,31.958509],[120.867666,31.958503],[120.867672,31.958494],[120.867681,31.95848],[120.867691,31.958468],[120.867695,31.95846],[120.867698,31.958451],[120.867703,31.958441],[120.867709,31.958431],[120.867714,31.958422],[120.867719,31.958412],[120.867724,31.958402],[120.867729,31.958395],[120.867734,31.958387],[120.867739,31.958376],[120.867741,31.958362],[120.867742,31.95835],[120.867747,31.958342],[120.867752,31.958335],[120.867756,31.958328],[120.867767,31.958316],[120.867776,31.958302],[120.867782,31.958291],[120.867787,31.958281],[120.86779,31.958272],[120.867794,31.95826],[120.867799,31.95825],[120.867802,31.958241],[120.867806,31.95823],[120.86781,31.95822],[120.867812,31.958211],[120.867816,31.958201],[120.86782,31.958189],[120.867825,31.958178],[120.86783,31.958168],[120.867834,31.958156],[120.867839,31.958143],[120.867845,31.958128],[120.86785,31.958115],[120.867853,31.958108],[120.867857,31.958101],[120.867863,31.958095],[120.867868,31.958086],[120.867873,31.958077],[120.867879,31.958067],[120.867885,31.958057],[120.867888,31.958047],[120.867893,31.958038],[120.867899,31.958027],[120.867906,31.958017],[120.867911,31.958008],[120.867917,31.957998],[120.867925,31.957987],[120.867933,31.957977],[120.867941,31.957966],[120.867948,31.957957],[120.867953,31.95795],[120.867956,31.957942],[120.867958,31.957933],[120.867962,31.957923],[120.867967,31.957915],[120.867972,31.957906],[120.867977,31.957894],[120.867983,31.957884],[120.867987,31.957877],[120.867989,31.95787],[120.867993,31.957859],[120.868001,31.957849],[120.868008,31.957841],[120.868013,31.957831],[120.868017,31.95782],[120.868019,31.957809],[120.868024,31.9578],[120.868029,31.957789],[120.868033,31.957779],[120.868038,31.957771],[120.868044,31.957763],[120.868049,31.957753],[120.868055,31.957744],[120.868059,31.957736],[120.868064,31.957729],[120.868068,31.957719],[120.868073,31.95771],[120.868076,31.957701],[120.86808,31.957693],[120.868087,31.957683],[120.868092,31.957675],[120.868099,31.957667],[120.868106,31.957657],[120.86811,31.957647],[120.868114,31.957639],[120.868119,31.95763],[120.868124,31.95762],[120.868129,31.957612],[120.868134,31.957603],[120.868138,31.957591],[120.868143,31.95758],[120.868147,31.957572],[120.868153,31.957561],[120.868158,31.957551],[120.868163,31.957544],[120.868167,31.957534],[120.868171,31.957525],[120.868174,31.957516],[120.868176,31.957505],[120.868176,31.95749],[120.868177,31.957477],[120.868177,31.957468],[120.868178,31.957458],[120.868179,31.957448],[120.86818,31.957438],[120.868183,31.957428],[120.868188,31.957415],[120.868194,31.957402],[120.868198,31.957393],[120.868202,31.957384],[120.868208,31.957375],[120.868212,31.957367],[120.868214,31.957357],[120.868216,31.957348],[120.86822,31.95734],[120.868226,31.957333],[120.868236,31.957321],[120.868243,31.957309],[120.868246,31.957299],[120.868251,31.957289],[120.868256,31.957279],[120.868259,31.957271],[120.868263,31.957263],[120.868268,31.957252],[120.868273,31.95724],[120.868277,31.957231],[120.86828,31.957225],[120.868285,31.957215],[120.868291,31.957206],[120.868297,31.957196],[120.868301,31.957182],[120.868302,31.957169],[120.868306,31.957162],[120.868314,31.957154],[120.868322,31.957145],[120.86833,31.957135],[120.868337,31.957125],[120.86834,31.957116],[120.868344,31.957107],[120.868351,31.957097],[120.868357,31.957086],[120.868362,31.957077],[120.868367,31.957067],[120.868372,31.957057],[120.868376,31.957048],[120.868378,31.957038],[120.868377,31.957029],[120.868378,31.957019],[120.868381,31.95701],[120.868384,31.957002],[120.868388,31.956991],[120.868391,31.956977],[120.868392,31.956965],[120.868392,31.956954],[120.868392,31.956943],[120.868392,31.956933],[120.868393,31.956922],[120.868393,31.956912],[120.868394,31.956903],[120.868397,31.956892],[120.868399,31.956883],[120.868402,31.956874],[120.868404,31.956867],[120.868407,31.956858],[120.86841,31.956848],[120.868412,31.956837],[120.868416,31.956825],[120.868422,31.956811],[120.868429,31.9568],[120.868431,31.956794],[120.868433,31.956786],[120.868433,31.956775],[120.868432,31.956764],[120.868433,31.956753],[120.868435,31.956744],[120.868439,31.956735],[120.868444,31.956727],[120.868448,31.956721],[120.86845,31.956713],[120.868448,31.956704],[120.868446,31.956694],[120.868445,31.956683],[120.868448,31.956672],[120.868454,31.956663],[120.868456,31.956656],[120.868455,31.956649],[120.868455,31.956642],[120.868456,31.956632],[120.868459,31.956621],[120.868464,31.956612],[120.868467,31.956604],[120.868466,31.956594],[120.868466,31.956582],[120.868468,31.956569],[120.868473,31.956558],[120.86848,31.95655],[120.86849,31.956542],[120.868496,31.956534],[120.868497,31.956525],[120.868499,31.956516],[120.868504,31.956506],[120.868512,31.956495],[120.868519,31.956487],[120.868528,31.956481],[120.868539,31.956475],[120.868546,31.956469],[120.868552,31.956464],[120.868555,31.956459],[120.86856,31.95645],[120.868571,31.956438],[120.868584,31.956427],[120.868593,31.95642],[120.868601,31.956415],[120.868609,31.956412],[120.868614,31.956408],[120.868621,31.956401],[120.868631,31.95639],[120.86864,31.956379],[120.868649,31.95637],[120.868657,31.956365],[120.868667,31.956359],[120.86868,31.956352],[120.868691,31.956345],[120.868697,31.956338],[120.868704,31.956332],[120.868714,31.956326],[120.86872,31.956318],[120.868727,31.956309],[120.868737,31.956303],[120.868747,31.956296],[120.868754,31.956289],[120.868761,31.95628],[120.868772,31.956269],[120.868781,31.956258],[120.868789,31.956247],[120.868794,31.956238],[120.868797,31.956232],[120.8688,31.956226],[120.868804,31.956217],[120.868805,31.956208],[120.868804,31.956201],[120.868803,31.956192],[120.868802,31.956181],[120.8688,31.956173],[120.8688,31.956165],[120.868801,31.956157],[120.868802,31.956149],[120.868801,31.956142],[120.868797,31.956134],[120.868794,31.956123],[120.868792,31.95611],[120.86879,31.956098],[120.86879,31.956085],[120.868791,31.956073],[120.868793,31.956062],[120.868795,31.956051],[120.868795,31.956037],[120.868796,31.956025],[120.868797,31.956015],[120.868799,31.956005],[120.868798,31.955996],[120.868798,31.955987],[120.868801,31.955979],[120.868801,31.955972],[120.868797,31.955966],[120.868792,31.955956],[120.868788,31.955943],[120.868789,31.955929],[120.868791,31.955916],[120.868792,31.955904],[120.868792,31.955896],[120.868794,31.955887],[120.868794,31.955875],[120.868794,31.955865],[120.868794,31.955856],[120.868793,31.955846],[120.86879,31.955834],[120.868787,31.955824],[120.868782,31.955813],[120.868777,31.955803],[120.868775,31.955795],[120.868772,31.955785],[120.868768,31.955776],[120.868765,31.955768],[120.868764,31.955757],[120.868764,31.955746],[120.868762,31.955736],[120.868762,31.955727],[120.868763,31.955714],[120.868762,31.955701],[120.86876,31.955692],[120.868759,31.955681],[120.868758,31.955673],[120.868758,31.955664],[120.868759,31.955653],[120.868757,31.955642],[120.868754,31.955631],[120.868752,31.95562],[120.868753,31.955608],[120.868756,31.955598],[120.868759,31.955587],[120.868762,31.955573],[120.868765,31.955559],[120.868768,31.955546],[120.868774,31.955531],[120.868781,31.955521],[120.868784,31.955513],[120.868786,31.955506],[120.86879,31.955497],[120.868795,31.95549],[120.8688,31.955481],[120.868804,31.955471],[120.868809,31.955462],[120.868814,31.955457],[120.86882,31.955451],[120.868829,31.95544],[120.868844,31.955429],[120.868862,31.955416],[120.868876,31.955403],[120.868885,31.955394],[120.868893,31.955386],[120.8689,31.955378],[120.868906,31.955371],[120.868911,31.955367],[120.868919,31.955362],[120.868931,31.955356],[120.868945,31.955349],[120.868955,31.955342],[120.868962,31.955336],[120.868967,31.955328],[120.868972,31.955322],[120.868979,31.955317],[120.868986,31.95531],[120.868994,31.955302],[120.869,31.955292],[120.869005,31.955284],[120.86901,31.955275],[120.869015,31.955265],[120.869021,31.955254],[120.869028,31.955244],[120.869035,31.955235],[120.869044,31.955226],[120.869056,31.955216],[120.869068,31.955207],[120.869078,31.955198],[120.869086,31.95519],[120.869095,31.955184],[120.869105,31.955178],[120.869113,31.955173],[120.869121,31.955167],[120.86913,31.955159],[120.869141,31.955151],[120.869159,31.955139],[120.869179,31.955128],[120.869191,31.955122],[120.869201,31.955117],[120.869214,31.95511],[120.869225,31.955105],[120.869236,31.9551],[120.869248,31.955096],[120.869257,31.955095],[120.869263,31.955091],[120.86927,31.955086],[120.869277,31.955079],[120.869285,31.955072],[120.869295,31.955066],[120.869307,31.955061],[120.869319,31.955055],[120.869332,31.955048],[120.869349,31.955038],[120.869364,31.95503],[120.869375,31.955024],[120.869386,31.955019],[120.869395,31.955016],[120.869402,31.955012],[120.869407,31.955005],[120.869412,31.954996],[120.869419,31.954986],[120.869428,31.954977],[120.869437,31.954971],[120.869445,31.954966],[120.869454,31.954959],[120.869466,31.95495],[120.86948,31.954942],[120.869498,31.954934],[120.869514,31.954927],[120.86952,31.954919],[120.869523,31.954911],[120.86953,31.954901],[120.869538,31.954891],[120.869547,31.95488],[120.869553,31.954872],[120.869559,31.954863],[120.869565,31.954853],[120.869571,31.954842],[120.869578,31.954832],[120.869586,31.954823],[120.869592,31.954818],[120.869599,31.954813],[120.869607,31.954804],[120.869616,31.954793],[120.869623,31.95478],[120.86963,31.954766],[120.869636,31.954753],[120.86964,31.954742],[120.869646,31.954732],[120.869651,31.95472],[120.869656,31.954709],[120.869658,31.9547],[120.869661,31.954691],[120.869665,31.95468],[120.869671,31.95467],[120.869675,31.954659],[120.86968,31.95465],[120.869684,31.95464],[120.869687,31.954627],[120.86969,31.954614],[120.869693,31.954607],[120.869698,31.954598],[120.869702,31.954586],[120.869706,31.954577],[120.869713,31.95457],[120.869722,31.954565],[120.869731,31.954561],[120.869738,31.954554],[120.869745,31.954547],[120.869754,31.954541],[120.869764,31.954535],[120.869772,31.954531],[120.869781,31.954525],[120.869791,31.954518],[120.869799,31.954511],[120.869808,31.954505],[120.869816,31.9545],[120.869824,31.954496],[120.869837,31.954494],[120.869853,31.954491],[120.86987,31.954486],[120.869884,31.954481],[120.869896,31.954475],[120.869907,31.95447],[120.869917,31.954466],[120.869927,31.954462],[120.869939,31.95446],[120.869948,31.95446],[120.869958,31.95446],[120.869971,31.95446],[120.869984,31.954459],[120.869994,31.954457],[120.870005,31.954453],[120.870019,31.95445],[120.87003,31.954448],[120.870042,31.954445],[120.870055,31.954438],[120.870065,31.954436],[120.870073,31.954437],[120.870084,31.954435],[120.870095,31.954432],[120.870108,31.95443],[120.87012,31.954427],[120.870133,31.954421],[120.870142,31.954418],[120.870148,31.954414],[120.870154,31.95441],[120.870158,31.954409],[120.870163,31.954407],[120.870174,31.954406],[120.870187,31.954404],[120.870203,31.9544],[120.870221,31.954397],[120.870241,31.954391],[120.870259,31.954385],[120.87027,31.954383],[120.870278,31.954383],[120.870289,31.954384],[120.870301,31.954382],[120.870313,31.954379],[120.870325,31.954375],[120.870335,31.954371],[120.870344,31.954368],[120.870351,31.954365],[120.870357,31.954361],[120.870364,31.95436],[120.870375,31.954358],[120.870388,31.954356],[120.870401,31.954355],[120.870419,31.95435],[120.870437,31.954345],[120.87045,31.954341],[120.870463,31.954338],[120.870472,31.954335],[120.870482,31.954331],[120.870494,31.954328],[120.870506,31.954325],[120.870518,31.954322],[120.870532,31.954318],[120.870546,31.954313],[120.87056,31.954309],[120.870579,31.954305],[120.870608,31.954301],[120.870629,31.954297],[120.870635,31.954295],[120.870638,31.954295],[120.870638,31.954296],[120.87064,31.954298],[120.870645,31.9543],[120.870652,31.9543],[120.870662,31.954299],[120.870672,31.954297],[120.870683,31.954295],[120.870698,31.954292],[120.870709,31.954289],[120.870722,31.954286],[120.870735,31.954284],[120.870746,31.954285],[120.870755,31.954287],[120.870765,31.954286],[120.870774,31.954284],[120.870783,31.954282],[120.870796,31.954276],[120.87081,31.954268],[120.870821,31.954263],[120.870834,31.954259],[120.870848,31.954253],[120.870862,31.954248],[120.870877,31.954243],[120.870888,31.954241],[120.870901,31.954238],[120.870916,31.954235],[120.87093,31.954233],[120.870941,31.954231],[120.870948,31.954232],[120.870954,31.954232],[120.870961,31.954229],[120.870971,31.954224],[120.870987,31.954218],[120.871003,31.954214],[120.871014,31.95421],[120.871023,31.954207],[120.871033,31.954206],[120.871042,31.954204],[120.871049,31.954202],[120.871059,31.9542],[120.871073,31.954198],[120.871084,31.954197],[120.871094,31.954195],[120.871101,31.954194],[120.871108,31.954191],[120.871118,31.954186],[120.87113,31.95418],[120.871142,31.954174],[120.871151,31.954168],[120.871164,31.95416],[120.871177,31.954151],[120.871187,31.954145],[120.871196,31.954139],[120.871207,31.954133],[120.87122,31.954128],[120.871234,31.954123],[120.871246,31.954119],[120.871257,31.954116],[120.871272,31.954114],[120.871288,31.954112],[120.871301,31.954111],[120.871311,31.954108],[120.871317,31.954105],[120.871324,31.954103],[120.871328,31.954101],[120.871333,31.954101],[120.87134,31.954104],[120.871348,31.954103],[120.87136,31.954098],[120.871371,31.954094],[120.871382,31.954089],[120.871392,31.954082],[120.871402,31.954076],[120.871412,31.954071],[120.87142,31.954068],[120.871432,31.954065],[120.871442,31.954063],[120.871449,31.954063],[120.87146,31.954063],[120.87147,31.954062],[120.871483,31.954061],[120.871494,31.954059],[120.871506,31.954057],[120.871516,31.954055],[120.871532,31.954052],[120.871554,31.954047],[120.871569,31.954044],[120.871578,31.954043],[120.871587,31.954042],[120.871597,31.95404],[120.871607,31.954037],[120.871618,31.954034],[120.87163,31.954031],[120.871639,31.95403],[120.87165,31.954029],[120.871663,31.954028],[120.871672,31.954026],[120.871682,31.954024],[120.871697,31.954022],[120.871711,31.95402],[120.871723,31.954017],[120.871737,31.954013],[120.871755,31.954006],[120.871771,31.954001],[120.871781,31.953999],[120.87179,31.953999],[120.871798,31.953999],[120.871807,31.953999],[120.871817,31.953997],[120.871826,31.953995],[120.871836,31.953992],[120.871846,31.95399],[120.871857,31.953988],[120.871866,31.953988],[120.871877,31.953986],[120.871891,31.953984],[120.871905,31.95398],[120.87192,31.953974],[120.871934,31.953968],[120.87195,31.953962],[120.871964,31.95396],[120.871975,31.95396],[120.871987,31.95396],[120.871999,31.953958],[120.872012,31.953955],[120.872028,31.953954],[120.872039,31.953953],[120.872049,31.953952],[120.87206,31.953949],[120.872069,31.953947],[120.872079,31.953947],[120.872089,31.953949],[120.872097,31.953951],[120.872108,31.953953],[120.87212,31.953952],[120.872134,31.95395],[120.872153,31.953949],[120.872168,31.953949],[120.872177,31.953949],[120.872187,31.953947],[120.872195,31.953945],[120.872204,31.953944],[120.872213,31.953949],[120.872223,31.953954],[120.872237,31.953956],[120.872252,31.953957],[120.872265,31.953956],[120.872277,31.953957],[120.87229,31.953958],[120.872305,31.953961],[120.872318,31.953964],[120.872333,31.953967],[120.872352,31.95397],[120.872373,31.953974],[120.872394,31.953975],[120.872407,31.953973],[120.872418,31.953972],[120.872427,31.953974],[120.872436,31.953975],[120.872446,31.953978],[120.872457,31.953982],[120.872473,31.953982],[120.872489,31.953981],[120.872498,31.953979],[120.872507,31.953978],[120.872515,31.953978],[120.872523,31.953977],[120.872531,31.953973],[120.872538,31.953969],[120.872542,31.953962],[120.872544,31.953955],[120.87254,31.95395],[120.872533,31.953948],[120.872527,31.953945],[120.872524,31.953941],[120.872524,31.95394],[120.872527,31.953938],[120.872527,31.953937],[120.872529,31.953941],[120.87253,31.953946],[120.872527,31.953949],[120.872524,31.953949],[120.872523,31.953947],[120.872522,31.953946],[120.872522,31.953945],[120.872523,31.953944],[120.872524,31.953941],[120.872524,31.953933],[120.872524,31.953922],[120.872526,31.953914],[120.872526,31.953907],[120.872526,31.953901],[120.872526,31.953892],[120.872522,31.953884],[120.872518,31.953874],[120.872515,31.953858],[120.872511,31.953845],[120.87251,31.95384],[120.872509,31.953838],[120.872506,31.953838],[120.872501,31.953837],[120.872496,31.953833],[120.872491,31.953828],[120.872489,31.953825],[120.872488,31.953821],[120.872487,31.953816],[120.872484,31.953812],[120.872479,31.953809],[120.872475,31.953807],[120.872468,31.953804],[120.872458,31.953801],[120.872446,31.9538],[120.872436,31.953798],[120.872429,31.953797],[120.872424,31.953796],[120.872418,31.953793],[120.872413,31.95379],[120.872408,31.95379],[120.872406,31.953791],[120.872403,31.953791],[120.872396,31.953792],[120.872388,31.95379],[120.872382,31.953787],[120.872377,31.953782],[120.872371,31.953777],[120.872367,31.953771],[120.872364,31.953765],[120.872361,31.953758],[120.872356,31.95375],[120.872352,31.953742],[120.872347,31.953734],[120.872343,31.953727],[120.872342,31.953721],[120.872341,31.953717],[120.872338,31.953712],[120.872336,31.953709],[120.872336,31.953709],[120.872337,31.953708],[120.872336,31.953708],[120.872333,31.953709],[120.87233,31.953708],[120.872328,31.953707],[120.872326,31.953705],[120.872322,31.953703],[120.87232,31.953701],[120.872317,31.953696],[120.87231,31.953689],[120.872306,31.953684],[120.872305,31.953682],[120.872303,31.953678],[120.872298,31.953672],[120.872292,31.953665],[120.872286,31.953659],[120.872277,31.95365],[120.872266,31.95364],[120.872258,31.953634],[120.87225,31.953628],[120.87224,31.95362],[120.872232,31.953612],[120.872226,31.953605],[120.872219,31.953596],[120.87221,31.953586],[120.872203,31.953577],[120.872199,31.953567],[120.872198,31.953559],[120.872199,31.953551],[120.872202,31.953541],[120.872207,31.953531],[120.872213,31.95352],[120.872222,31.953509],[120.872228,31.953501],[120.872231,31.953498],[120.872236,31.953496],[120.872243,31.953494],[120.872249,31.953494],[120.872255,31.953492],[120.872263,31.953491],[120.872272,31.953492],[120.87228,31.953494],[120.872286,31.953496],[120.872293,31.953496],[120.872303,31.953495],[120.872309,31.953495],[120.872313,31.953495],[120.872319,31.953494],[120.872325,31.953495],[120.872333,31.953501],[120.872341,31.95351],[120.87235,31.953517],[120.872356,31.953524],[120.87236,31.953532],[120.872365,31.95354],[120.872371,31.953546],[120.872378,31.95355],[120.872385,31.953553],[120.872393,31.953555],[120.872401,31.953555],[120.872405,31.953555],[120.872409,31.953553],[120.872414,31.953547],[120.872421,31.953543],[120.872426,31.953539],[120.872431,31.953537],[120.872444,31.953537],[120.872464,31.953538],[120.87248,31.953536],[120.872493,31.953533],[120.872506,31.953531],[120.872523,31.953528],[120.87254,31.953521],[120.872554,31.953517],[120.872564,31.953515],[120.872568,31.953514],[120.872574,31.953516],[120.872585,31.953516],[120.872596,31.953515],[120.872605,31.953511],[120.872615,31.953507],[120.872624,31.953505],[120.872633,31.953503],[120.872645,31.953501],[120.872651,31.953501],[120.872652,31.9535],[120.872654,31.953498],[120.872652,31.953496],[120.872648,31.953496],[120.872647,31.9535],[120.872643,31.953505],[120.872634,31.953511],[120.872625,31.953517],[120.872618,31.953523],[120.87261,31.953524],[120.8726,31.953522],[120.872593,31.953518],[120.872591,31.953514],[120.872589,31.953512],[120.872589,31.953509],[120.872588,31.953505],[120.872585,31.953503],[120.872581,31.9535],[120.872575,31.953499],[120.872569,31.9535],[120.872559,31.953503],[120.872548,31.953504],[120.872536,31.953503],[120.87252,31.953503],[120.872506,31.953501],[120.872496,31.953496],[120.872486,31.953489],[120.87248,31.95348],[120.87248,31.953474],[120.872482,31.953469],[120.872484,31.953465],[120.872487,31.953456],[120.872493,31.953443],[120.872506,31.953421],[120.87252,31.9534],[120.872528,31.953391],[120.872535,31.953387],[120.872546,31.953383],[120.872551,31.953379],[120.872552,31.953375],[120.872551,31.953372],[120.87255,31.953371],[120.872548,31.953371],[120.872548,31.95337],[120.872549,31.953372],[120.87255,31.953377],[120.872553,31.953382],[120.872559,31.953385],[120.872567,31.953391],[120.872575,31.953396],[120.872583,31.9534],[120.872594,31.953406],[120.872605,31.953411],[120.872615,31.953416],[120.872623,31.953419],[120.872632,31.953423],[120.87264,31.953428],[120.872645,31.953435],[120.872649,31.953444],[120.872649,31.953451],[120.872645,31.953456],[120.87264,31.953458],[120.872637,31.953461],[120.872639,31.953467],[120.87264,31.953478],[120.87264,31.953495],[120.872641,31.953507],[120.872642,31.953512],[120.872644,31.953515],[120.872642,31.953522],[120.872633,31.95353],[120.87262,31.953537],[120.872606,31.953539],[120.872595,31.95354],[120.872584,31.953543],[120.87257,31.953548],[120.872557,31.953551],[120.872542,31.953552],[120.872527,31.953552],[120.872512,31.953551],[120.872497,31.95355],[120.872482,31.953549],[120.872471,31.953548],[120.872464,31.953552],[120.872457,31.953562],[120.872447,31.953572],[120.872438,31.953576],[120.872425,31.953578],[120.872412,31.953578],[120.872403,31.953575],[120.872398,31.953572],[120.872394,31.953569],[120.872391,31.953566],[120.872385,31.953565],[120.872376,31.953564],[120.872364,31.953562],[120.872353,31.953561],[120.872342,31.953559],[120.872333,31.953557],[120.872325,31.953554],[120.872317,31.953552],[120.872306,31.953548],[120.872296,31.953544],[120.872289,31.953541],[120.872282,31.953538],[120.872276,31.953535],[120.87227,31.953533],[120.872266,31.953531],[120.872262,31.953529],[120.872254,31.953527],[120.872248,31.953528],[120.872243,31.95353],[120.872239,31.953534],[120.872237,31.953538],[120.872236,31.953542],[120.872234,31.953546],[120.872236,31.953554],[120.872239,31.953562],[120.872244,31.953565],[120.872251,31.953567],[120.872256,31.953569],[120.872259,31.953572],[120.872264,31.953576],[120.872267,31.953582],[120.872268,31.953588],[120.872272,31.953595],[120.872278,31.953599],[120.872283,31.953604],[120.872288,31.953612],[120.872294,31.95362],[120.872302,31.953628],[120.87231,31.953633],[120.872319,31.95364],[120.872325,31.953646],[120.872329,31.953654],[120.872332,31.953662],[120.872334,31.953667],[120.872338,31.953673],[120.872342,31.953679],[120.872347,31.953685],[120.872352,31.953692],[120.872357,31.9537],[120.872364,31.953708],[120.872369,31.953716],[120.872371,31.953721],[120.872374,31.953726],[120.87238,31.953734],[120.872386,31.95374],[120.872392,31.953747],[120.8724,31.953754],[120.872409,31.95376],[120.872421,31.953763],[120.872433,31.953765],[120.872439,31.953766],[120.872445,31.953767],[120.872454,31.953771],[120.872462,31.953776],[120.872468,31.953781],[120.872472,31.953785],[120.87248,31.953792],[120.872492,31.9538],[120.8725,31.953805],[120.872509,31.953811],[120.87252,31.953818],[120.872532,31.953825],[120.872541,31.953832],[120.872546,31.95384],[120.872549,31.95385],[120.872553,31.953859],[120.872558,31.953868],[120.872565,31.953877],[120.872572,31.953884],[120.872577,31.953889],[120.87258,31.953892],[120.872581,31.953894],[120.87258,31.953897],[120.872579,31.953902],[120.872578,31.953907],[120.872578,31.953914],[120.872579,31.953921],[120.872581,31.95393],[120.872585,31.953939],[120.87259,31.953948],[120.872599,31.953956],[120.872607,31.95396],[120.872611,31.953961],[120.872613,31.953962],[120.872617,31.953961],[120.872624,31.953963],[120.872634,31.953965],[120.872645,31.953965],[120.872657,31.953966],[120.872671,31.953968],[120.872682,31.953969],[120.872695,31.953969],[120.872707,31.95397],[120.872717,31.95397],[120.87273,31.95397],[120.872743,31.95397],[120.872757,31.95397],[120.872774,31.953969],[120.872786,31.95397],[120.872797,31.953973],[120.872812,31.953978],[120.872833,31.953981],[120.872855,31.953982],[120.872876,31.953983],[120.872895,31.953983],[120.872908,31.953982],[120.87292,31.95398],[120.872933,31.953977],[120.872945,31.953974],[120.872956,31.953972],[120.872969,31.953969],[120.872986,31.953968],[120.873004,31.953968],[120.873021,31.953968],[120.873034,31.953968],[120.873047,31.953968],[120.873055,31.953967],[120.873064,31.953967],[120.873077,31.953967],[120.873091,31.953968],[120.873105,31.953968],[120.873119,31.953969],[120.873131,31.953969],[120.87314,31.95397],[120.873148,31.953971],[120.873161,31.953971],[120.873175,31.953972],[120.87319,31.953973],[120.873205,31.953973],[120.873222,31.953973],[120.87324,31.953973],[120.873255,31.953973],[120.873269,31.953973],[120.873283,31.953973],[120.873297,31.953973],[120.873309,31.953973],[120.873319,31.953972],[120.873327,31.953972],[120.873335,31.953971],[120.873347,31.95397],[120.873358,31.95397],[120.873365,31.95397],[120.873373,31.953969],[120.873386,31.95397],[120.873399,31.95397],[120.873415,31.95397],[120.873436,31.95397],[120.873455,31.95397],[120.87347,31.95397],[120.873485,31.953969],[120.8735,31.953969],[120.873512,31.953969],[120.873519,31.953969],[120.873528,31.953969],[120.87354,31.953968],[120.873551,31.953968],[120.873559,31.953968],[120.873567,31.953967],[120.873581,31.953967],[120.873595,31.953967],[120.873611,31.953966],[120.873628,31.953966],[120.873645,31.953966],[120.873659,31.953967],[120.87367,31.953967],[120.87368,31.953966],[120.873691,31.953965],[120.8737,31.953965],[120.873706,31.953964],[120.873713,31.953964],[120.873724,31.953964],[120.873737,31.953964],[120.873753,31.953963],[120.873771,31.953961],[120.873786,31.95396],[120.873797,31.953958],[120.873811,31.953956],[120.873822,31.953953],[120.873831,31.95395],[120.873838,31.953949],[120.873853,31.953951],[120.873872,31.953952],[120.873886,31.95395],[120.873902,31.953948],[120.873919,31.953945],[120.873933,31.953939],[120.873945,31.953934],[120.873957,31.953932],[120.873968,31.953937],[120.873981,31.953942],[120.873998,31.953941],[120.874014,31.953941],[120.874029,31.95394],[120.874042,31.953938],[120.874055,31.953934],[120.874066,31.953929],[120.874079,31.953927],[120.874092,31.953925],[120.874104,31.953926],[120.874115,31.953929],[120.874126,31.95393],[120.874138,31.95393],[120.874152,31.953932],[120.874166,31.953932],[120.87418,31.953932],[120.874194,31.95393],[120.874206,31.953927],[120.874215,31.953925],[120.874222,31.953923],[120.87423,31.953923],[120.874242,31.953923],[120.874257,31.95392],[120.874272,31.953918],[120.874288,31.953916],[120.874304,31.953913],[120.87432,31.953911],[120.874335,31.953909],[120.874346,31.953906],[120.874356,31.953904],[120.874367,31.953902],[120.87438,31.953899],[120.874389,31.953899],[120.8744,31.953898],[120.874413,31.953896],[120.874428,31.953895],[120.874439,31.953894],[120.874449,31.953892],[120.87446,31.953891],[120.87447,31.953888],[120.874477,31.953885],[120.874489,31.95388],[120.874505,31.953876],[120.874521,31.953873],[120.874541,31.953872],[120.874561,31.953871],[120.874576,31.953869],[120.874588,31.953867],[120.874597,31.953865],[120.874604,31.953863],[120.874613,31.953861],[120.874624,31.953861],[120.874637,31.95386],[120.874654,31.953858],[120.87467,31.953853],[120.874683,31.953847],[120.874693,31.953843],[120.874706,31.95384],[120.87472,31.953835],[120.87473,31.953828],[120.874737,31.95382],[120.874746,31.953813],[120.874756,31.953807],[120.874767,31.953801],[120.874778,31.953795],[120.874788,31.953788],[120.874797,31.95378],[120.874805,31.953771],[120.874811,31.953759],[120.874815,31.953748],[120.874819,31.953741],[120.874823,31.953735],[120.874827,31.953729],[120.874837,31.953718],[120.874847,31.953705],[120.874854,31.953692],[120.874858,31.953679],[120.874861,31.953666],[120.874867,31.95365],[120.874873,31.953636],[120.874876,31.953627],[120.874878,31.953617],[120.874881,31.953607],[120.874886,31.953591],[120.87489,31.953577],[120.874892,31.95357],[120.874897,31.95356],[120.874904,31.95355],[120.874914,31.95354],[120.874922,31.953531],[120.874928,31.95352],[120.874932,31.95351],[120.874936,31.953498],[120.874938,31.953486],[120.874938,31.953472],[120.874939,31.953459],[120.874943,31.953446],[120.874949,31.953435],[120.874955,31.953424],[120.874961,31.953412],[120.874967,31.9534],[120.874971,31.953388],[120.874974,31.953377],[120.874977,31.953367],[120.874982,31.953357],[120.874989,31.953349],[120.874997,31.95334],[120.875004,31.953329],[120.875008,31.953319],[120.875011,31.953307],[120.875014,31.953294],[120.875016,31.953283],[120.875019,31.953276],[120.875026,31.953269],[120.875034,31.95326],[120.875044,31.953248],[120.875054,31.953234],[120.87506,31.953221],[120.875067,31.953211],[120.875076,31.953204],[120.875089,31.953195],[120.8751,31.953186],[120.875108,31.953176],[120.875115,31.953164],[120.87512,31.953153],[120.875124,31.953145],[120.875132,31.953137],[120.875144,31.953131],[120.875157,31.953125],[120.87517,31.953116],[120.875182,31.953105],[120.875193,31.953094],[120.875201,31.953084],[120.875206,31.953075],[120.875213,31.95307],[120.875221,31.953062],[120.875233,31.953053],[120.875252,31.953041],[120.875267,31.95303],[120.875276,31.953023],[120.875287,31.953018],[120.8753,31.953014],[120.875316,31.953012],[120.875327,31.953013],[120.875334,31.953018],[120.87534,31.953025],[120.875343,31.953032],[120.875343,31.953036],[120.87534,31.953036],[120.875339,31.953035],[120.875339,31.953033],[120.875339,31.953029],[120.875339,31.953029],[120.875337,31.953026],[120.875336,31.953017],[120.875337,31.953009],[120.87534,31.953001],[120.875347,31.952991],[120.875358,31.952981],[120.875367,31.952973],[120.875379,31.952962],[120.875396,31.952947],[120.875409,31.952935],[120.875417,31.952926],[120.875424,31.952917],[120.875429,31.952909],[120.875436,31.952902],[120.875447,31.952896],[120.87546,31.952892],[120.875478,31.952887],[120.875496,31.952883],[120.875511,31.95288],[120.875523,31.952876],[120.875532,31.952872],[120.875538,31.952869],[120.875543,31.952866],[120.875547,31.952864],[120.87555,31.952862],[120.875552,31.952861],[120.875557,31.952861],[120.875561,31.952862],[120.875563,31.952865],[120.875563,31.952869],[120.875564,31.952875],[120.875567,31.952877],[120.875568,31.952877],[120.875566,31.952877],[120.875566,31.952876],[120.875565,31.952876],[120.875564,31.952876],[120.875564,31.952876],[120.875564,31.952876],[120.875564,31.952876],[120.875564,31.952876],[120.875563,31.952876],[120.875563,31.952876],[120.875563,31.952876],[120.875563,31.952876],[120.875563,31.952875],[120.875563,31.952875],[120.875564,31.952873],[120.875566,31.95287],[120.875572,31.952865],[120.875581,31.95286],[120.875591,31.952855],[120.8756,31.952848],[120.875608,31.952841],[120.875615,31.952834],[120.875624,31.952825],[120.875632,31.952816],[120.875639,31.952807],[120.875644,31.952798],[120.875649,31.952791],[120.875653,31.952785],[120.875658,31.95278],[120.875662,31.952774],[120.875669,31.952767],[120.875674,31.952759],[120.875677,31.952749],[120.875681,31.952738],[120.875686,31.952729],[120.875691,31.952721],[120.875694,31.952713],[120.875698,31.952706],[120.875702,31.952696],[120.875702,31.952686],[120.875705,31.952676],[120.875713,31.952664],[120.875722,31.952654],[120.875733,31.952646],[120.875744,31.952639],[120.875756,31.95263],[120.875766,31.952622],[120.875776,31.952616],[120.875785,31.952611],[120.875793,31.952606],[120.875801,31.952595],[120.875808,31.952585],[120.875815,31.952579],[120.875825,31.952572],[120.875836,31.952566],[120.875848,31.952558],[120.875857,31.952549],[120.875866,31.95254],[120.875877,31.95253],[120.875886,31.95252],[120.875896,31.952511],[120.875904,31.952502],[120.875914,31.952493],[120.875928,31.95248],[120.875939,31.95247],[120.875946,31.952462],[120.875954,31.95245],[120.875962,31.95244],[120.875967,31.952435],[120.87597,31.952431],[120.875975,31.952426],[120.875983,31.95242],[120.875991,31.952413],[120.875998,31.952404],[120.876003,31.952394],[120.876007,31.952384],[120.876011,31.952374],[120.876016,31.952362],[120.87602,31.952351],[120.876023,31.952341],[120.876026,31.952332],[120.87603,31.952326],[120.876039,31.952317],[120.876056,31.952308],[120.876074,31.952298],[120.876086,31.952289],[120.876095,31.952282],[120.876104,31.952276],[120.876117,31.95227],[120.876129,31.952265],[120.876141,31.952261],[120.876152,31.952257],[120.876164,31.952254],[120.876174,31.95225],[120.876184,31.952246],[120.876195,31.952243],[120.876205,31.952238],[120.876214,31.952229],[120.876225,31.952223],[120.876239,31.952223],[120.876256,31.952221],[120.876275,31.95222],[120.87629,31.95222],[120.876304,31.952219],[120.876317,31.952217],[120.876326,31.952216],[120.876336,31.952214],[120.87635,31.952213],[120.876363,31.952212],[120.876377,31.95221],[120.876392,31.952209],[120.876406,31.952209],[120.876418,31.952209],[120.87643,31.952209],[120.876446,31.952209],[120.876459,31.952209],[120.876472,31.952208],[120.876494,31.952207],[120.876515,31.952206],[120.876528,31.952206],[120.87654,31.952205],[120.876553,31.952202],[120.876562,31.952199],[120.876569,31.952198],[120.876577,31.952197],[120.876585,31.952197],[120.876593,31.952199],[120.876602,31.952198],[120.876613,31.952198],[120.876625,31.952199],[120.876637,31.952198],[120.876647,31.952195],[120.876658,31.95219],[120.876669,31.952186],[120.876681,31.952182],[120.876693,31.952178],[120.876705,31.952177],[120.876719,31.952177],[120.876732,31.952179],[120.876746,31.952179],[120.876757,31.952177],[120.876769,31.952175],[120.876784,31.952174],[120.876797,31.952172],[120.876809,31.952171],[120.876817,31.952171],[120.876824,31.952172],[120.876832,31.952173],[120.876841,31.952176],[120.876849,31.952176],[120.87686,31.952175],[120.876876,31.952173],[120.876891,31.952169],[120.876902,31.952168],[120.876913,31.952165],[120.876924,31.952159],[120.876933,31.952155],[120.876942,31.952154],[120.876955,31.952152],[120.876968,31.952151],[120.876982,31.952151],[120.876996,31.95215],[120.877011,31.952149],[120.877023,31.952148],[120.877035,31.952146],[120.877049,31.952143],[120.877061,31.952139],[120.87707,31.952134],[120.877081,31.952131],[120.877093,31.952132],[120.877106,31.952133],[120.87712,31.952131],[120.877132,31.952125],[120.877144,31.952121],[120.877156,31.952119],[120.877169,31.952117],[120.877178,31.952115],[120.877188,31.952114],[120.877201,31.952113],[120.877212,31.952111],[120.877223,31.952107],[120.877234,31.952102],[120.877245,31.9521],[120.877257,31.952098],[120.877269,31.952094],[120.877281,31.952092],[120.877289,31.952093],[120.877297,31.952097],[120.877311,31.9521],[120.877326,31.9521],[120.877339,31.952098],[120.87735,31.952095],[120.877363,31.952091],[120.877374,31.952087],[120.877384,31.952086],[120.877392,31.952085],[120.8774,31.952082],[120.87741,31.952081],[120.877419,31.952081],[120.877428,31.952079],[120.877441,31.952078],[120.877455,31.952078],[120.877472,31.952072],[120.877488,31.952067],[120.877496,31.952065],[120.877505,31.952063],[120.877516,31.952061],[120.877527,31.95206],[120.877534,31.952059],[120.877542,31.952058],[120.877556,31.952057],[120.877572,31.952055],[120.877581,31.952053],[120.877587,31.952051],[120.877595,31.95205],[120.877601,31.952048],[120.877608,31.952047],[120.877612,31.952046],[120.877616,31.952047],[120.877622,31.952048],[120.877625,31.952047],[120.877628,31.952049],[120.877631,31.952051],[120.877632,31.952049],[120.877633,31.952047],[120.877638,31.952044],[120.877644,31.95204],[120.877652,31.952037],[120.87766,31.952037],[120.877669,31.952037],[120.877682,31.952036],[120.877695,31.952035],[120.877705,31.952035],[120.877717,31.952034],[120.877733,31.952032],[120.877748,31.95203],[120.87776,31.952026],[120.877771,31.952023],[120.877781,31.952021],[120.877791,31.952018],[120.877799,31.952016],[120.877806,31.952013],[120.877813,31.952006],[120.877821,31.952002],[120.877828,31.952],[120.877834,31.951998],[120.877841,31.951993],[120.877849,31.951987],[120.877858,31.951982],[120.877867,31.951975],[120.877874,31.951966],[120.87788,31.951956],[120.877882,31.951945],[120.877883,31.951939],[120.877881,31.951932],[120.877879,31.951924],[120.877878,31.951915],[120.877876,31.951906],[120.877873,31.951898],[120.877871,31.951892],[120.877869,31.951886],[120.877868,31.951877],[120.877865,31.951867],[120.877862,31.95186],[120.877859,31.951852],[120.877855,31.951842],[120.877851,31.951831],[120.877846,31.951821],[120.877842,31.95181],[120.877839,31.951799],[120.877837,31.951788],[120.877835,31.951777],[120.877834,31.951767],[120.877831,31.951757],[120.877828,31.951746],[120.877824,31.951739],[120.877819,31.951729],[120.87781,31.951713],[120.8778,31.951696],[120.877793,31.951683],[120.877787,31.951672],[120.877783,31.951663],[120.87778,31.951655],[120.877778,31.951645],[120.877777,31.951635],[120.877777,31.951626],[120.877776,31.951618],[120.877776,31.95161],[120.877777,31.951605],[120.87778,31.9516],[120.877781,31.951593],[120.877779,31.951587],[120.877776,31.951578],[120.877771,31.951569],[120.877766,31.95156],[120.877762,31.95155],[120.877757,31.951539],[120.877751,31.95153],[120.877745,31.951521],[120.877736,31.951512],[120.877726,31.951504],[120.877717,31.951495],[120.87771,31.951485],[120.877704,31.951476],[120.877699,31.951467],[120.877694,31.951459],[120.87769,31.951451],[120.877686,31.951442],[120.877681,31.951431],[120.877676,31.951424],[120.877671,31.951417],[120.877664,31.951409],[120.877656,31.951402],[120.877648,31.951395],[120.877641,31.951389],[120.877634,31.951385],[120.877627,31.951381],[120.877618,31.951376],[120.87761,31.951371],[120.877602,31.951366],[120.877591,31.951362],[120.877578,31.95136],[120.877568,31.951361],[120.877558,31.951359],[120.877547,31.951356],[120.877535,31.951354],[120.877523,31.951352],[120.877511,31.951349],[120.8775,31.951346],[120.877491,31.951343],[120.877481,31.951338],[120.877469,31.95133],[120.877455,31.951322],[120.87744,31.951317],[120.877424,31.951315],[120.877406,31.95131],[120.87739,31.951306],[120.877376,31.951302],[120.877362,31.951298],[120.877351,31.951294],[120.877338,31.95129],[120.877325,31.951286],[120.877313,31.951283],[120.8773,31.95128],[120.877291,31.951277],[120.877282,31.951273],[120.877271,31.951269],[120.877262,31.951264],[120.877253,31.951259],[120.877242,31.951253],[120.877234,31.951247],[120.877224,31.951238],[120.877207,31.951225],[120.877194,31.951213],[120.877185,31.951202],[120.877174,31.95119],[120.877167,31.95118],[120.877158,31.951173],[120.877147,31.951169],[120.877138,31.951167],[120.87713,31.951163],[120.877125,31.951158],[120.877122,31.951153],[120.877116,31.951145],[120.877107,31.951137],[120.877096,31.951128],[120.877085,31.951119],[120.877075,31.951111],[120.877067,31.951103],[120.877054,31.951093],[120.87704,31.951082],[120.87703,31.951075],[120.877023,31.95107],[120.877018,31.951065],[120.87701,31.951058],[120.877003,31.951052],[120.876994,31.951048],[120.876983,31.951043],[120.876974,31.951039],[120.876965,31.951035],[120.876956,31.95103],[120.876946,31.951025],[120.876934,31.951021],[120.876922,31.951018],[120.87691,31.951011],[120.876899,31.951],[120.876887,31.950996],[120.876874,31.950996],[120.876864,31.950994],[120.876852,31.950992],[120.876839,31.950989],[120.876828,31.950987],[120.876819,31.950982],[120.87681,31.950975],[120.876799,31.950969],[120.876786,31.950966],[120.876773,31.950964],[120.876757,31.950963],[120.87674,31.950961],[120.876724,31.950959],[120.876714,31.950957],[120.876701,31.950956],[120.876688,31.950956],[120.876674,31.950953],[120.876663,31.950949],[120.876654,31.950948],[120.876645,31.950949],[120.876636,31.950951],[120.876625,31.95095],[120.876612,31.950949],[120.876599,31.950948],[120.876586,31.950947],[120.876575,31.950945],[120.876563,31.950941],[120.876549,31.950936],[120.876538,31.950931],[120.876529,31.950926],[120.876519,31.950918],[120.876509,31.950913],[120.876498,31.950909],[120.876487,31.950907],[120.876477,31.950906],[120.876468,31.950906],[120.876459,31.950907],[120.87645,31.950908],[120.876435,31.950907],[120.876423,31.950904],[120.876415,31.9509],[120.876409,31.950896],[120.8764,31.950892],[120.876387,31.950888],[120.876374,31.950885],[120.876361,31.950882],[120.876349,31.950878],[120.876339,31.950874],[120.87633,31.950872],[120.876321,31.950869],[120.876308,31.950866],[120.876298,31.950863],[120.87629,31.95086],[120.876283,31.950857],[120.876275,31.950853],[120.876265,31.950848],[120.876253,31.950844],[120.876238,31.950839],[120.876226,31.950834],[120.876222,31.950832],[120.87622,31.950832],[120.87622,31.950833],[120.87622,31.950835],[120.876222,31.95084],[120.876224,31.950844],[120.876229,31.950849],[120.876238,31.950859],[120.876248,31.950872],[120.876254,31.950882],[120.876257,31.950889],[120.876258,31.950892],[120.876257,31.950895],[120.876258,31.950896],[120.876257,31.950898],[120.876258,31.950901],[120.876259,31.950905],[120.876255,31.950908],[120.876247,31.950909],[120.876235,31.950907],[120.876221,31.9509],[120.876211,31.950891],[120.876205,31.950885],[120.876197,31.950879],[120.876184,31.950869],[120.876172,31.950861],[120.876163,31.950861],[120.876155,31.950864],[120.876149,31.950868],[120.87614,31.950874],[120.87613,31.950881],[120.876121,31.95089],[120.876111,31.950899],[120.8761,31.950906],[120.876092,31.950912],[120.876083,31.950917],[120.876075,31.950923],[120.876066,31.950926],[120.876058,31.950928],[120.876051,31.950929],[120.876046,31.95093],[120.87604,31.950932],[120.876029,31.950937],[120.876019,31.950942],[120.876012,31.950946],[120.876004,31.950952],[120.875995,31.950957],[120.875984,31.95096],[120.875972,31.950964],[120.875962,31.950967],[120.875954,31.950969],[120.875946,31.950973],[120.875937,31.950978],[120.87593,31.950981],[120.875923,31.950985],[120.875917,31.950991],[120.875911,31.950996],[120.875903,31.950999],[120.875893,31.951003],[120.875881,31.951009],[120.87587,31.951012],[120.875862,31.951013],[120.875854,31.951017],[120.875844,31.951022],[120.875833,31.951024],[120.875823,31.951027],[120.875816,31.95103],[120.87581,31.951033],[120.8758,31.951035],[120.875793,31.951037],[120.875782,31.951039],[120.875768,31.951043],[120.875752,31.951047],[120.875733,31.951052],[120.875715,31.951056],[120.8757,31.95106],[120.875689,31.951062],[120.875677,31.951062],[120.875662,31.951062],[120.87565,31.951062],[120.875639,31.951062],[120.87563,31.951061],[120.875624,31.951062],[120.875619,31.951065],[120.875616,31.951067],[120.875613,31.951066],[120.875607,31.951063],[120.8756,31.951058],[120.875593,31.95105],[120.875584,31.951039],[120.875578,31.951029],[120.875574,31.951018],[120.87557,31.951007],[120.875568,31.950998],[120.875567,31.950993],[120.875568,31.950986],[120.87557,31.950978],[120.875573,31.950975],[120.875573,31.950973],[120.87557,31.95097],[120.875563,31.950968],[120.875557,31.950969],[120.875548,31.950969],[120.875535,31.950966],[120.875523,31.950961],[120.875512,31.950954],[120.875503,31.950949],[120.875497,31.950945],[120.875495,31.95094],[120.875492,31.950936],[120.875487,31.950934],[120.875479,31.950934],[120.875473,31.950934],[120.875465,31.950932],[120.875454,31.950929],[120.875442,31.950925],[120.875433,31.950922],[120.875427,31.950919],[120.87542,31.950917],[120.875414,31.950918],[120.87541,31.95092],[120.875405,31.950924],[120.875397,31.950927],[120.875386,31.950929],[120.875375,31.950929],[120.875368,31.950926],[120.875362,31.950921],[120.875355,31.950916],[120.875349,31.950911],[120.875345,31.950908],[120.875344,31.950906],[120.875344,31.950906],[120.875344,31.950906],[120.875343,31.950906],[120.875345,31.950906],[120.875346,31.950905],[120.875346,31.950905],[120.875346,31.950905],[120.875347,31.950902],[120.875348,31.950896],[120.875347,31.950888],[120.875348,31.950879],[120.875352,31.950873],[120.875354,31.950869],[120.875355,31.950866],[120.875356,31.950865],[120.875355,31.950864],[120.875356,31.950865],[120.875354,31.950864],[120.875352,31.950863],[120.875351,31.950861],[120.875351,31.950861],[120.875351,31.950862],[120.875351,31.950861],[120.875351,31.950861],[120.875352,31.950862],[120.875351,31.950862],[120.875351,31.950862],[120.875351,31.950862],[120.875352,31.950862],[120.875352,31.950861],[120.875351,31.950861],[120.87535,31.950861],[120.875352,31.950861],[120.875352,31.95086],[120.87535,31.950859],[120.87535,31.95086],[120.87535,31.95086],[120.87535,31.950859],[120.875349,31.950859],[120.875349,31.95086],[120.875351,31.950859],[120.875351,31.950858],[120.875352,31.950857],[120.875356,31.950856],[120.875363,31.950853],[120.875372,31.95085],[120.875383,31.950849],[120.875396,31.950848],[120.87541,31.950851],[120.875422,31.950855],[120.875431,31.950859],[120.875436,31.950862],[120.875441,31.950866],[120.875445,31.95087],[120.875448,31.950871],[120.875449,31.95087],[120.875451,31.95087],[120.875453,31.950871],[120.875455,31.950873],[120.875457,31.950875],[120.875459,31.950877],[120.875459,31.950879],[120.875458,31.950882],[120.875456,31.950886],[120.875457,31.950889],[120.875458,31.950891],[120.875461,31.950892],[120.875461,31.950893],[120.875459,31.950894],[120.875457,31.950895],[120.875455,31.950894],[120.875456,31.950893],[120.875457,31.950893],[120.875458,31.950893],[120.875458,31.950893],[120.875458,31.950893],[120.875457,31.950893],[120.875454,31.950892],[120.875453,31.950892],[120.87545,31.950891],[120.875449,31.95089],[120.87545,31.95089],[120.875451,31.950891],[120.875451,31.950891],[120.875451,31.950891],[120.875451,31.950891],[120.875451,31.950891],[120.875451,31.950891],[120.875451,31.950891],[120.875451,31.950891],[120.875452,31.950891],[120.875452,31.950891],[120.875452,31.95089],[120.875452,31.95089],[120.875452,31.95089],[120.875453,31.950891],[120.875454,31.950892],[120.875455,31.950892],[120.875457,31.950892],[120.875458,31.950893],[120.875459,31.950893],[120.875459,31.950894],[120.875459,31.950895],[120.875459,31.950895],[120.875458,31.950896],[120.875458,31.950896],[120.875458,31.950896],[120.875458,31.950896],[120.875458,31.950896],[120.875458,31.950896],[120.875458,31.950896],[120.875457,31.950896],[120.875456,31.950895],[120.875454,31.950895],[120.875453,31.950895],[120.875453,31.950895],[120.875454,31.950893],[120.875454,31.950893],[120.875454,31.950894],[120.875453,31.950894],[120.875452,31.950895],[120.87545,31.950896],[120.87545,31.950898],[120.875454,31.950902],[120.875458,31.950905],[120.875465,31.950909],[120.875477,31.950914],[120.875489,31.95092],[120.875502,31.950924],[120.875513,31.950928],[120.875524,31.950932],[120.875537,31.950938],[120.875549,31.950943],[120.875562,31.95095],[120.875572,31.950957],[120.875578,31.950963],[120.875581,31.950967],[120.875586,31.950968],[120.87559,31.950968],[120.875593,31.950967],[120.875595,31.950965],[120.875598,31.95096],[120.875602,31.950953],[120.875609,31.950948],[120.875619,31.950943],[120.875631,31.950938],[120.875643,31.950934],[120.875652,31.950933],[120.875662,31.950932],[120.875673,31.950932],[120.87568,31.950933],[120.875688,31.950936],[120.875697,31.95094],[120.875704,31.950945],[120.875712,31.950951],[120.87572,31.95096],[120.875727,31.950969],[120.875732,31.950977],[120.875734,31.950986],[120.875735,31.950997],[120.875734,31.951008],[120.875732,31.951017],[120.87573,31.951025],[120.875731,31.951033],[120.875736,31.951037],[120.875743,31.951037],[120.875749,31.951034],[120.875757,31.951031],[120.875768,31.951027],[120.875779,31.951024],[120.875788,31.951019],[120.875796,31.951015],[120.875801,31.951012],[120.875807,31.951009],[120.875817,31.951004],[120.875828,31.950999],[120.875839,31.950995],[120.875851,31.950993],[120.875862,31.95099],[120.875874,31.950987],[120.875886,31.950983],[120.875897,31.950979],[120.87591,31.950973],[120.875922,31.950967],[120.87593,31.950963],[120.87594,31.950958],[120.875952,31.950953],[120.875962,31.950948],[120.87597,31.950944],[120.875979,31.950939],[120.875991,31.950933],[120.876001,31.950929],[120.876006,31.950925],[120.876008,31.950923],[120.876008,31.950922],[120.876008,31.950921],[120.876007,31.95092],[120.876007,31.95092],[120.876007,31.95092],[120.876008,31.95092],[120.876008,31.95092],[120.876012,31.950919],[120.876018,31.950917],[120.876026,31.950914],[120.876032,31.950911],[120.876038,31.950908],[120.876046,31.950905],[120.876051,31.950902],[120.876056,31.950901],[120.876061,31.9509],[120.876067,31.950899],[120.876075,31.950897],[120.876083,31.950894],[120.87609,31.950889],[120.876096,31.950884],[120.876101,31.950879],[120.876108,31.950874],[120.876117,31.950867],[120.876127,31.950861],[120.876138,31.950856],[120.876147,31.950854],[120.876156,31.950852],[120.876166,31.950849],[120.876174,31.950848],[120.87618,31.95085],[120.876185,31.950853],[120.876187,31.950859],[120.876191,31.950863],[120.876198,31.950865],[120.876203,31.950869],[120.876207,31.950872],[120.876209,31.950875],[120.876212,31.950879],[120.876219,31.950883],[120.876225,31.950887],[120.876229,31.950893],[120.876237,31.950897],[120.876241,31.950896],[120.876241,31.950888],[120.876242,31.950877],[120.876236,31.950863],[120.876228,31.95085],[120.876221,31.950844],[120.876214,31.950837],[120.876206,31.950828],[120.8762,31.95082],[120.876194,31.950811],[120.876188,31.950798],[120.87618,31.950781],[120.876173,31.950766],[120.876167,31.950755],[120.87616,31.950748],[120.876155,31.950745],[120.876153,31.95074],[120.876155,31.950734],[120.876155,31.950723],[120.876151,31.950711],[120.876147,31.950701],[120.876141,31.950691],[120.876135,31.950683],[120.876129,31.950675],[120.876124,31.950668],[120.876119,31.950661],[120.876112,31.950653],[120.876106,31.950645],[120.876101,31.950637],[120.876095,31.95063],[120.87609,31.950623],[120.876089,31.950616],[120.876087,31.950608],[120.876084,31.950596],[120.876076,31.950585],[120.876066,31.950569],[120.876053,31.95055],[120.876043,31.950539],[120.876036,31.950531],[120.876026,31.950522],[120.876017,31.950513],[120.87601,31.950504],[120.876002,31.950494],[120.875995,31.950484],[120.875989,31.950477],[120.875983,31.950471],[120.875978,31.950463],[120.875973,31.950456],[120.875968,31.950448],[120.875966,31.950441],[120.875963,31.950433],[120.875956,31.950417],[120.875948,31.9504],[120.875941,31.950391],[120.875934,31.950382],[120.875928,31.950375],[120.87592,31.950367],[120.875909,31.950357],[120.875899,31.950348],[120.87589,31.95034],[120.875881,31.950334],[120.875874,31.950327],[120.875869,31.950319],[120.875866,31.950311],[120.875862,31.950299],[120.875855,31.950289],[120.875847,31.950278],[120.875837,31.950264],[120.875823,31.950249],[120.875811,31.950239],[120.875803,31.950232],[120.875799,31.950225],[120.875797,31.950216],[120.875793,31.950206],[120.875785,31.950196],[120.875777,31.950185],[120.875769,31.950174],[120.875762,31.950166],[120.875754,31.950159],[120.875745,31.950149],[120.875738,31.95014],[120.87573,31.95013],[120.87572,31.950119],[120.875709,31.950109],[120.875698,31.9501],[120.87569,31.950092],[120.875685,31.950086],[120.875681,31.950085],[120.875678,31.950086],[120.875676,31.950087],[120.875676,31.950088],[120.875676,31.950088],[120.875675,31.950087],[120.875674,31.950087],[120.875673,31.950087],[120.875671,31.950087],[120.875668,31.950084],[120.875665,31.95008],[120.875663,31.950074],[120.875662,31.950065],[120.875662,31.950055],[120.875659,31.950044],[120.875651,31.950032],[120.875647,31.950021],[120.875649,31.950013],[120.875651,31.950004],[120.87565,31.949995],[120.875644,31.949986],[120.875636,31.949978],[120.875627,31.949972],[120.875621,31.949966],[120.875616,31.949957],[120.87561,31.949948],[120.8756,31.94994],[120.875592,31.949936],[120.87559,31.949934],[120.875589,31.949934],[120.87559,31.949936],[120.875591,31.949938],[120.875594,31.949936],[120.8756,31.949935],[120.875604,31.949931],[120.875608,31.949924],[120.875614,31.949914],[120.875616,31.949902],[120.875616,31.949893],[120.875616,31.949887],[120.875619,31.949882],[120.875625,31.949875],[120.875634,31.949867],[120.87564,31.949859],[120.875645,31.949849],[120.875652,31.949839],[120.875657,31.949828],[120.875664,31.949816],[120.875672,31.949806],[120.875684,31.949795],[120.875696,31.949788],[120.875702,31.949784],[120.875707,31.949781],[120.87571,31.949775],[120.875716,31.949765],[120.875723,31.949751],[120.875727,31.949736],[120.875732,31.949724],[120.875737,31.949713],[120.875741,31.949703],[120.875747,31.949693],[120.875755,31.949683],[120.875763,31.949673],[120.87577,31.949659],[120.875776,31.949644],[120.875781,31.949633],[120.875785,31.949621],[120.875788,31.949609],[120.875793,31.949599],[120.875798,31.94959],[120.875802,31.949584],[120.875808,31.949579],[120.875814,31.949575],[120.875815,31.949574],[120.875813,31.949575],[120.875814,31.949574],[120.875814,31.949574],[120.875815,31.949574],[120.875816,31.949573],[120.875818,31.949571],[120.875822,31.949568],[120.875828,31.949563],[120.875832,31.949555],[120.875837,31.949546],[120.875841,31.949537],[120.875843,31.94953],[120.875847,31.94952],[120.875853,31.94951],[120.875856,31.949505],[120.87586,31.949501],[120.875863,31.949494],[120.875867,31.949487],[120.875871,31.949479],[120.875875,31.94947],[120.875881,31.94946],[120.875886,31.94945],[120.875892,31.949441],[120.8759,31.949432],[120.875911,31.949424],[120.875922,31.949417],[120.87593,31.949413],[120.875935,31.949412],[120.875937,31.949413],[120.875937,31.949413],[120.87594,31.949412],[120.875945,31.949411],[120.875949,31.94941],[120.875956,31.949408],[120.875963,31.949406],[120.875973,31.949401],[120.875986,31.949394],[120.876001,31.949387],[120.876018,31.949382],[120.876032,31.949384],[120.876041,31.949396],[120.876047,31.949415],[120.87605,31.949431],[120.876052,31.949441],[120.876054,31.94945],[120.876056,31.949456],[120.87606,31.949462],[120.876067,31.949467],[120.876076,31.949475],[120.876089,31.949485],[120.876102,31.949492],[120.876117,31.949498],[120.876129,31.949502],[120.876142,31.949505],[120.876156,31.949508],[120.876168,31.949511],[120.876175,31.949513],[120.876178,31.949516],[120.876178,31.949517],[120.876177,31.949518],[120.876177,31.949519],[120.876177,31.949519],[120.876176,31.949519],[120.876176,31.949519],[120.876175,31.949518],[120.876174,31.949515],[120.876172,31.94951],[120.876169,31.949504],[120.876165,31.949501],[120.876161,31.949496],[120.876159,31.949488],[120.87616,31.94948],[120.876162,31.949476],[120.876164,31.94947],[120.876165,31.949463],[120.876165,31.949453],[120.876164,31.949442],[120.876161,31.949429],[120.876159,31.949416],[120.876154,31.9494],[120.876146,31.949381],[120.876136,31.949365],[120.876125,31.949353],[120.876118,31.949344],[120.876114,31.949339],[120.876112,31.949333],[120.876111,31.949323],[120.876111,31.949314],[120.876112,31.949307],[120.876113,31.949302],[120.876115,31.949298],[120.876115,31.94929],[120.876106,31.94927],[120.876095,31.949249],[120.876095,31.949236],[120.8761,31.949227],[120.876105,31.94922],[120.876113,31.949213],[120.876122,31.949206],[120.876132,31.949201],[120.876148,31.949197],[120.876172,31.949194],[120.876181,31.94919],[120.876169,31.949179],[120.876154,31.949167],[120.876135,31.949163],[120.876116,31.949167],[120.8761,31.949174],[120.876087,31.949182],[120.876077,31.949187],[120.876068,31.949191],[120.876056,31.949195],[120.876044,31.949196],[120.876034,31.949196],[120.876025,31.949194],[120.876019,31.949191],[120.876011,31.949187],[120.876001,31.949185],[120.875993,31.949184],[120.875988,31.949183],[120.875983,31.949178],[120.875979,31.949171],[120.87598,31.949164],[120.875981,31.949158],[120.875977,31.949156],[120.875967,31.949154],[120.875956,31.949152],[120.875946,31.949152],[120.875941,31.949154],[120.875937,31.949156],[120.875928,31.949158],[120.875918,31.949159],[120.875908,31.949161],[120.875896,31.949162],[120.875884,31.949163],[120.875872,31.949165],[120.875858,31.949166],[120.87584,31.949169],[120.875827,31.949172],[120.87582,31.949175],[120.875812,31.94918],[120.875803,31.949187],[120.875792,31.949194],[120.875783,31.949202],[120.875776,31.94921],[120.875768,31.949216],[120.875759,31.949223],[120.875752,31.949229],[120.875747,31.949236],[120.875742,31.949244],[120.875734,31.94925],[120.875729,31.949256],[120.875723,31.949266],[120.875711,31.949276],[120.875703,31.94929],[120.875699,31.949303],[120.875688,31.949313],[120.875678,31.94932],[120.875673,31.949326],[120.87567,31.949333],[120.875669,31.949341],[120.875669,31.949349],[120.875667,31.94936],[120.875664,31.949369],[120.875661,31.94938],[120.87566,31.949391],[120.875659,31.949398],[120.875658,31.949405],[120.875656,31.949414],[120.875656,31.949424],[120.875657,31.949435],[120.875656,31.949448],[120.875656,31.949461],[120.875658,31.949467],[120.87566,31.949472],[120.875663,31.949479],[120.875667,31.949489],[120.875675,31.949499],[120.875682,31.949508],[120.875687,31.949517],[120.875691,31.949525],[120.875697,31.949533],[120.875701,31.949538],[120.875706,31.949544],[120.875711,31.949554],[120.875715,31.949562],[120.875719,31.949568],[120.875727,31.949572],[120.87574,31.949582],[120.875755,31.949593],[120.875766,31.949601],[120.875776,31.949606],[120.875786,31.949608],[120.875797,31.949605],[120.875805,31.949601],[120.875814,31.949594],[120.875825,31.949586],[120.875835,31.949579],[120.875843,31.949572],[120.875852,31.949565],[120.875862,31.949556],[120.87587,31.949547],[120.875876,31.94954],[120.875882,31.949533],[120.875888,31.949523],[120.875894,31.949511],[120.875901,31.9495],[120.875905,31.949489],[120.875909,31.949481],[120.875912,31.949474],[120.875916,31.949466],[120.87592,31.949456],[120.875924,31.949446],[120.875928,31.949436],[120.875933,31.949424],[120.875935,31.949414],[120.875937,31.949405],[120.87594,31.949395],[120.875943,31.949386],[120.875949,31.949377],[120.875955,31.949369],[120.87596,31.949359],[120.875963,31.949347],[120.875965,31.949336],[120.875972,31.949329],[120.875978,31.949322],[120.875983,31.949314],[120.87599,31.949305],[120.875998,31.949296],[120.876005,31.949288],[120.876011,31.949279],[120.876017,31.949269],[120.876023,31.949261],[120.876029,31.949251],[120.876035,31.94924],[120.876041,31.949231],[120.876047,31.949222],[120.876054,31.94921],[120.876063,31.949197],[120.876075,31.94918],[120.876085,31.949165],[120.876092,31.949156],[120.876096,31.94915],[120.876101,31.949143],[120.876108,31.949133],[120.876115,31.949122],[120.876122,31.949112],[120.876127,31.949104],[120.876132,31.949095],[120.87614,31.949083],[120.876149,31.949071],[120.876157,31.949059],[120.876165,31.949048],[120.876171,31.94904],[120.876178,31.94903],[120.876188,31.949015],[120.8762,31.948998],[120.876208,31.948986],[120.876214,31.948977],[120.876222,31.948966],[120.87623,31.948954],[120.876238,31.948942],[120.876245,31.948932],[120.876249,31.948925],[120.876255,31.948917],[120.876262,31.948907],[120.876269,31.948898],[120.876274,31.948892],[120.876279,31.948885],[120.876287,31.948875],[120.876296,31.948863],[120.876305,31.948852],[120.876312,31.948842],[120.876322,31.948827],[120.876329,31.948813],[120.876333,31.9488],[120.876338,31.948786],[120.876339,31.948779],[120.876343,31.948772],[120.87635,31.948763],[120.876359,31.948752],[120.876369,31.948741],[120.876377,31.94873],[120.876383,31.948719],[120.876389,31.94871],[120.876398,31.948703],[120.876403,31.948697],[120.876408,31.948688],[120.876411,31.948677],[120.876414,31.948666],[120.87642,31.948649],[120.87643,31.948632],[120.876442,31.948619],[120.876453,31.948606],[120.876462,31.948594],[120.876468,31.948583],[120.876473,31.948573],[120.87648,31.948563],[120.876487,31.948555],[120.876491,31.948549],[120.876495,31.948543],[120.876496,31.948534],[120.876498,31.948523],[120.876505,31.948512],[120.876517,31.948497],[120.876531,31.948482],[120.87654,31.948474],[120.876541,31.948466],[120.876544,31.948454],[120.87655,31.948443],[120.876559,31.948431],[120.876565,31.948418],[120.876572,31.948405],[120.876576,31.948394],[120.876581,31.948386],[120.876586,31.948377],[120.876591,31.948366],[120.876597,31.948356],[120.876602,31.948349],[120.876607,31.948341],[120.876613,31.948331],[120.876619,31.948322],[120.876624,31.948314],[120.87663,31.948306],[120.876636,31.948297],[120.87664,31.948289],[120.876645,31.948281],[120.876652,31.948271],[120.876658,31.948261],[120.876665,31.948252],[120.876669,31.948245],[120.876674,31.948237],[120.87668,31.948228],[120.876685,31.948219],[120.876689,31.948213],[120.876693,31.948206],[120.876699,31.948197],[120.876705,31.948188],[120.876712,31.948179],[120.876718,31.94817],[120.876722,31.948163],[120.876727,31.948156],[120.876734,31.948146],[120.876739,31.948137],[120.876744,31.948131],[120.876748,31.948123],[120.876753,31.948114],[120.876758,31.948106],[120.876763,31.948099],[120.87677,31.94809],[120.876776,31.948083],[120.87678,31.948077],[120.876785,31.948069],[120.876793,31.94806],[120.876799,31.948051],[120.876804,31.948043],[120.876807,31.948034],[120.876812,31.948024],[120.876818,31.948014],[120.876823,31.948004],[120.876829,31.947994],[120.876835,31.947985],[120.87684,31.947977],[120.876845,31.947969],[120.876851,31.94796],[120.876857,31.947952],[120.87686,31.947944],[120.876865,31.947936],[120.876873,31.947928],[120.87688,31.947922],[120.876885,31.947915],[120.876889,31.94791],[120.876893,31.947904],[120.876897,31.947895],[120.876904,31.947886],[120.876911,31.947874],[120.876917,31.947861],[120.876923,31.947847],[120.87693,31.947837],[120.876934,31.947828],[120.87694,31.94782],[120.876945,31.947813],[120.876952,31.947806],[120.876958,31.947795],[120.876959,31.947785],[120.876961,31.947778],[120.876967,31.947769],[120.876975,31.947761],[120.876981,31.947752],[120.876988,31.947744],[120.876994,31.947738],[120.876997,31.947729],[120.877,31.947717],[120.877003,31.947705],[120.877009,31.947692],[120.877016,31.94768],[120.877023,31.94767],[120.877032,31.947659],[120.877044,31.947649],[120.877056,31.947643],[120.877063,31.947636],[120.877069,31.947628],[120.877075,31.94762],[120.877081,31.947609],[120.877089,31.947599],[120.877097,31.947588],[120.877107,31.947578],[120.877117,31.947568],[120.877127,31.947561],[120.877135,31.947554],[120.877143,31.947547],[120.877152,31.94754],[120.877159,31.94753],[120.877166,31.947521],[120.877172,31.947513],[120.877179,31.947505],[120.877187,31.947497],[120.877194,31.94749],[120.877201,31.947483],[120.87721,31.947476],[120.877218,31.947468],[120.877228,31.947461],[120.877235,31.947455],[120.877242,31.947449],[120.87725,31.947442],[120.877258,31.947434],[120.877266,31.947426],[120.877276,31.947416],[120.877287,31.947403],[120.877296,31.947394],[120.877302,31.947388],[120.877311,31.947381],[120.877324,31.947372],[120.877336,31.947362],[120.877347,31.947354],[120.877355,31.947347],[120.877365,31.947338],[120.877376,31.947329],[120.877385,31.947321],[120.877393,31.947315],[120.877401,31.947307],[120.87741,31.947298],[120.877419,31.947288],[120.877427,31.94728],[120.877438,31.94727],[120.877451,31.947258],[120.877462,31.947248],[120.877474,31.94724],[120.877485,31.947232],[120.877495,31.947225],[120.877502,31.947219],[120.877508,31.947213],[120.877518,31.947205],[120.877528,31.947195],[120.877536,31.947186],[120.877543,31.947178],[120.877553,31.94717],[120.877563,31.947166],[120.877572,31.94716],[120.877579,31.947154],[120.877581,31.947145],[120.877585,31.947131],[120.877597,31.947118],[120.877606,31.947108],[120.877615,31.9471],[120.877627,31.947092],[120.877639,31.947086],[120.877649,31.947079],[120.877657,31.947073],[120.877663,31.947068],[120.87767,31.947062],[120.877678,31.947054],[120.877687,31.947044],[120.877696,31.947034],[120.877705,31.947026],[120.877714,31.947019],[120.877724,31.947011],[120.877733,31.947],[120.877742,31.946988],[120.877752,31.946975],[120.877761,31.946965],[120.87777,31.946955],[120.877779,31.946947],[120.877788,31.946938],[120.877797,31.946929],[120.877807,31.94692],[120.877813,31.946914],[120.877819,31.946909],[120.877828,31.9469],[120.877839,31.946889],[120.877848,31.946881],[120.877854,31.946875],[120.877863,31.946866],[120.877869,31.94686],[120.877875,31.946855],[120.877885,31.946844],[120.8779,31.94683],[120.877913,31.946818],[120.877923,31.946808],[120.87793,31.946802],[120.877936,31.946796],[120.877945,31.946788],[120.877955,31.946779],[120.877962,31.946773],[120.877971,31.946764],[120.877986,31.94675],[120.877998,31.946738],[120.878008,31.946728],[120.878018,31.946718],[120.878028,31.946708],[120.878035,31.946701],[120.878045,31.946692],[120.878054,31.946683],[120.878065,31.946673],[120.878077,31.946662],[120.878086,31.946653],[120.878097,31.946643],[120.878108,31.946632],[120.878117,31.946623],[120.878125,31.946616],[120.878135,31.946608],[120.878146,31.946598],[120.878159,31.94659],[120.87817,31.946582],[120.878179,31.946574],[120.878186,31.946569],[120.878195,31.946563],[120.878199,31.946555],[120.878204,31.946544],[120.878214,31.946532],[120.878222,31.946521],[120.878229,31.946514],[120.878236,31.946508],[120.878243,31.946501],[120.87825,31.946493],[120.878258,31.946485],[120.878265,31.946478],[120.878271,31.946473],[120.878279,31.946466],[120.87829,31.94646],[120.878298,31.946453],[120.878306,31.946446],[120.878314,31.946442],[120.878323,31.946437],[120.878331,31.946431],[120.878341,31.946421],[120.878353,31.946409],[120.878362,31.946398],[120.878371,31.946389],[120.878379,31.94638],[120.878386,31.94637],[120.878392,31.946363],[120.878395,31.946359],[120.878396,31.946359],[120.878399,31.94636],[120.878399,31.94636],[120.878399,31.94636],[120.878398,31.94636],[120.878397,31.946361],[120.878396,31.946362],[120.878395,31.946364],[120.878394,31.946365],[120.878393,31.946364],[120.878395,31.946362],[120.878399,31.946357],[120.878407,31.946349],[120.878416,31.94634],[120.878423,31.946333],[120.878427,31.946329],[120.878433,31.946324],[120.878439,31.946319],[120.878444,31.946314],[120.878452,31.946307],[120.878462,31.946299],[120.878472,31.946291],[120.87848,31.946285],[120.878487,31.94628],[120.878496,31.946273],[120.87851,31.946262],[120.878526,31.94625],[120.878535,31.946243],[120.878542,31.946239],[120.87855,31.946232],[120.878559,31.946225],[120.878565,31.946219],[120.87857,31.946215],[120.878578,31.946207],[120.878583,31.946202],[120.878588,31.946197],[120.878594,31.94619],[120.878603,31.946181],[120.878613,31.946172],[120.878619,31.946165],[120.878623,31.946161],[120.87863,31.946154],[120.878643,31.946141],[120.878658,31.946128],[120.878669,31.946118],[120.878676,31.946112],[120.878681,31.946108],[120.878689,31.946101],[120.878695,31.946095],[120.878701,31.946091],[120.878709,31.946084],[120.87872,31.946075],[120.878731,31.946066],[120.878742,31.946057],[120.878752,31.946049],[120.878762,31.94604],[120.87877,31.946029],[120.878777,31.946021],[120.878784,31.946013],[120.87879,31.946005],[120.878799,31.945996],[120.878807,31.945988],[120.878816,31.945981],[120.878825,31.945974],[120.878834,31.945966],[120.878843,31.945955],[120.87885,31.945947],[120.878857,31.94594],[120.878861,31.94593],[120.878863,31.945922],[120.878865,31.945915],[120.878869,31.945909],[120.878875,31.945905],[120.878882,31.945901],[120.878887,31.945895],[120.878892,31.945888],[120.878905,31.945877],[120.878919,31.945867],[120.878929,31.945858],[120.87894,31.945848],[120.878948,31.945836],[120.878954,31.945826],[120.87896,31.945819],[120.878967,31.945813],[120.878971,31.94581],[120.878977,31.945806],[120.878986,31.945802],[120.878997,31.945794],[120.879005,31.945787],[120.87901,31.945781],[120.879013,31.945776],[120.879015,31.945772],[120.879022,31.945765],[120.87903,31.945757],[120.87904,31.945748],[120.879049,31.94574],[120.879059,31.945731],[120.879069,31.945722],[120.879079,31.945714],[120.879085,31.945709],[120.879093,31.945703],[120.879102,31.945696],[120.879112,31.945687],[120.879119,31.945682],[120.879125,31.945677],[120.879134,31.94567],[120.879143,31.945662],[120.879153,31.945654],[120.87916,31.945649],[120.879169,31.945642],[120.879182,31.94563],[120.879195,31.94562],[120.879206,31.945609],[120.879214,31.945603],[120.879219,31.945599],[120.879227,31.945592],[120.879232,31.945587],[120.87924,31.945579],[120.879253,31.945566],[120.879264,31.945555],[120.879271,31.945547],[120.879276,31.945542],[120.879283,31.945534],[120.879291,31.945526],[120.879295,31.945519],[120.879301,31.945511],[120.87931,31.945501],[120.879317,31.945495],[120.879327,31.945489],[120.879336,31.94548],[120.879345,31.94547],[120.879353,31.94546],[120.87936,31.945453],[120.879367,31.945447],[120.879375,31.945438],[120.879384,31.945429],[120.879393,31.945419],[120.8794,31.945412],[120.879406,31.945407],[120.879413,31.9454],[120.87942,31.945392],[120.879427,31.945384],[120.879436,31.945376],[120.879443,31.94537],[120.879452,31.945361],[120.879466,31.945349],[120.879478,31.945338],[120.879488,31.945329],[120.879498,31.94532],[120.879506,31.94531],[120.879515,31.9453],[120.879525,31.94529],[120.879537,31.94528],[120.879548,31.945273],[120.879557,31.945266],[120.879564,31.945259],[120.879568,31.945253],[120.879575,31.945246],[120.879583,31.945239],[120.879589,31.94523],[120.879596,31.94522],[120.879605,31.945212],[120.879618,31.9452],[120.87963,31.945187],[120.879639,31.945177],[120.879647,31.945167],[120.879656,31.945158],[120.879664,31.945149],[120.879673,31.945141],[120.879683,31.945134],[120.879691,31.945126],[120.879699,31.945119],[120.879708,31.94511],[120.879715,31.945103],[120.879723,31.945097],[120.879733,31.945088],[120.879744,31.94508],[120.879756,31.945071],[120.879765,31.945063],[120.879773,31.945055],[120.879783,31.945045],[120.879793,31.945035],[120.8798,31.945026],[120.879806,31.945018],[120.879815,31.945009],[120.879825,31.945001],[120.879836,31.944992],[120.879847,31.944986],[120.879858,31.944979],[120.879866,31.944972],[120.879872,31.944965],[120.879878,31.944956],[120.879886,31.944945],[120.879896,31.944934],[120.879907,31.944922],[120.879916,31.944913],[120.879924,31.944906],[120.879937,31.944893],[120.879952,31.944878],[120.879963,31.944868],[120.879971,31.94486],[120.879979,31.944851],[120.879986,31.94484],[120.879993,31.944832],[120.879999,31.944824],[120.880008,31.944816],[120.880015,31.944809],[120.880025,31.944802],[120.880036,31.944793],[120.880045,31.944786],[120.880056,31.944779],[120.880066,31.944772],[120.880076,31.944764],[120.880086,31.944756],[120.880098,31.944747],[120.880108,31.944738],[120.880115,31.944731],[120.880121,31.944723],[120.880125,31.944718],[120.88013,31.944714],[120.880136,31.944708],[120.880142,31.944702],[120.880149,31.944697],[120.880156,31.944692],[120.880164,31.944686],[120.880173,31.944679],[120.880184,31.94467],[120.880195,31.944661],[120.880207,31.94465],[120.880216,31.94464],[120.880225,31.94463],[120.880232,31.944623],[120.880238,31.944617],[120.880245,31.94461],[120.880256,31.944601],[120.880268,31.94459],[120.880279,31.944582],[120.880285,31.944576],[120.880291,31.944569],[120.8803,31.944559],[120.880311,31.944549],[120.880319,31.944539],[120.880327,31.94453],[120.880338,31.944523],[120.880348,31.944518],[120.880358,31.944513],[120.880366,31.944505],[120.880375,31.944493],[120.88039,31.944479],[120.880401,31.944471],[120.88041,31.944464],[120.880419,31.944455],[120.880428,31.944446],[120.880436,31.944437],[120.880442,31.944429],[120.88045,31.944422],[120.880459,31.944414],[120.880468,31.944406],[120.880476,31.944399],[120.880485,31.94439],[120.880495,31.944376],[120.880504,31.944368],[120.880514,31.944362],[120.880519,31.944351],[120.880523,31.944336],[120.880531,31.944327],[120.880539,31.944322],[120.88055,31.944318],[120.880564,31.944309],[120.880578,31.944296],[120.88059,31.944285],[120.880601,31.944275],[120.880608,31.944267],[120.880619,31.944255],[120.880633,31.944242],[120.880642,31.944233],[120.880649,31.944226],[120.880657,31.944219],[120.880665,31.944211],[120.880677,31.944201],[120.880688,31.94419],[120.880697,31.944183],[120.880706,31.944174],[120.880714,31.944168],[120.880721,31.944161],[120.880731,31.944152],[120.88074,31.944143],[120.880749,31.944133],[120.880757,31.944121],[120.880765,31.944112],[120.880773,31.944103],[120.88078,31.944094],[120.880787,31.944086],[120.880796,31.94408],[120.880806,31.944073],[120.880816,31.944065],[120.880832,31.944053],[120.880846,31.944041],[120.880855,31.944032],[120.880865,31.944022],[120.880875,31.944012],[120.880884,31.944001],[120.880893,31.943993],[120.880901,31.943985],[120.880906,31.943978],[120.880912,31.94397],[120.880919,31.943963],[120.880929,31.943958],[120.880939,31.943953],[120.880947,31.943946],[120.880958,31.943937],[120.880967,31.943928],[120.880976,31.943921],[120.880984,31.943909],[120.880992,31.943895],[120.880999,31.943887],[120.881006,31.943881],[120.881015,31.943877],[120.881023,31.943871],[120.88103,31.943864],[120.881039,31.943857],[120.881047,31.943849],[120.881056,31.94384],[120.881062,31.943833],[120.881068,31.943827],[120.881076,31.943819],[120.881083,31.94381],[120.881091,31.9438],[120.881095,31.94379],[120.881099,31.943781],[120.881108,31.943772],[120.881119,31.943765],[120.881127,31.943759],[120.881135,31.943752],[120.881145,31.943746],[120.881156,31.943739],[120.881165,31.943732],[120.881173,31.943726],[120.881183,31.94372],[120.881193,31.943712],[120.881202,31.943705],[120.881211,31.943698],[120.881222,31.943689],[120.881231,31.943681],[120.88124,31.943675],[120.881251,31.943668],[120.881261,31.94366],[120.881275,31.943648],[120.881288,31.943636],[120.881296,31.943627],[120.881306,31.943614],[120.881313,31.943605],[120.881319,31.943599],[120.881327,31.943591],[120.881336,31.943582],[120.881342,31.943575],[120.881347,31.943569],[120.881355,31.943561],[120.881365,31.94355],[120.881376,31.943539],[120.881383,31.943531],[120.881389,31.943525],[120.881398,31.943516],[120.881408,31.943506],[120.881419,31.943495],[120.881431,31.943484],[120.881442,31.943473],[120.881449,31.943466],[120.881456,31.94346],[120.881464,31.943452],[120.881474,31.943444],[120.881483,31.943435],[120.881491,31.943428],[120.881497,31.943423],[120.881506,31.943416],[120.881516,31.943408],[120.881523,31.943402],[120.88153,31.943397],[120.88154,31.94339],[120.881551,31.943381],[120.881562,31.943372],[120.881574,31.943362],[120.881584,31.943352],[120.881595,31.943343],[120.881605,31.943333],[120.881615,31.943323],[120.881622,31.943315],[120.881628,31.943309],[120.881636,31.9433],[120.881643,31.943294],[120.881649,31.943288],[120.881658,31.943279],[120.881668,31.943269],[120.881678,31.94326],[120.881685,31.943253],[120.881692,31.943247],[120.881702,31.943238],[120.881712,31.943229],[120.881723,31.943219],[120.881734,31.943209],[120.881742,31.943202],[120.881748,31.943196],[120.881757,31.943189],[120.881767,31.94318],[120.881776,31.943171],[120.881787,31.943161],[120.881796,31.94315],[120.881805,31.94314],[120.881814,31.943131],[120.881821,31.943123],[120.881828,31.943114],[120.881837,31.943104],[120.881847,31.943095],[120.881859,31.943087],[120.88187,31.943081],[120.88188,31.943075],[120.881889,31.943066],[120.881896,31.943058],[120.881902,31.943048],[120.881909,31.943037],[120.881919,31.943026],[120.881928,31.943019],[120.881936,31.943014],[120.881946,31.943005],[120.881955,31.942998],[120.881964,31.94299],[120.881975,31.94298],[120.881984,31.942972],[120.881991,31.942966],[120.881997,31.94296],[120.882003,31.942952],[120.88201,31.942944],[120.882018,31.942935],[120.882026,31.942927],[120.882035,31.94292],[120.882043,31.942913],[120.88205,31.942907],[120.882057,31.942902],[120.882063,31.942894],[120.88207,31.942886],[120.882078,31.942879],[120.882083,31.942873],[120.882084,31.942867],[120.882088,31.942861],[120.882094,31.942855],[120.882102,31.94285],[120.882111,31.942843],[120.88212,31.942836],[120.88213,31.942828],[120.882138,31.94282],[120.882146,31.942814],[120.882155,31.942807],[120.882161,31.942799],[120.882167,31.942792],[120.88217,31.94279],[120.88217,31.94279],[120.882172,31.94279],[120.882175,31.942787],[120.882173,31.942783],[120.882169,31.94278],[120.882167,31.942777],[120.882164,31.942775],[120.882162,31.942774],[120.882161,31.942772],[120.882163,31.94277],[120.882169,31.942769],[120.882174,31.942767],[120.882178,31.942765],[120.882183,31.942761],[120.882194,31.942756],[120.882209,31.94275],[120.882218,31.942741],[120.882216,31.94273],[120.88221,31.942721],[120.88222,31.942715],[120.882242,31.94271],[120.88226,31.942705],[120.882276,31.942696],[120.882287,31.942688],[120.882295,31.942679],[120.8823,31.942668],[120.882305,31.942658],[120.882313,31.942651],[120.882321,31.942645],[120.882331,31.942638],[120.882343,31.942629],[120.882352,31.942621],[120.88236,31.942612],[120.882368,31.942603],[120.882377,31.942593],[120.882386,31.942584],[120.882396,31.942577],[120.882404,31.94257],[120.882412,31.942564],[120.882423,31.942557],[120.882434,31.942549],[120.882444,31.94254],[120.882454,31.942531],[120.882464,31.942522],[120.882473,31.942514],[120.882482,31.942507],[120.882493,31.942499],[120.882504,31.94249],[120.882515,31.942481],[120.882527,31.942471],[120.882537,31.942464],[120.882546,31.942457],[120.882558,31.942449],[120.882571,31.94244],[120.882581,31.942433],[120.882591,31.942427],[120.882602,31.942422],[120.882611,31.942416],[120.882618,31.942411],[120.882622,31.942407],[120.882623,31.942403],[120.882623,31.9424],[120.882622,31.942398],[120.882621,31.942395],[120.882625,31.94239],[120.88264,31.942386],[120.882658,31.942386],[120.882673,31.942387],[120.882687,31.942389],[120.882701,31.942389],[120.882714,31.942386],[120.882726,31.94238],[120.882741,31.942374],[120.882758,31.942369],[120.882775,31.942367],[120.882788,31.942368],[120.882796,31.942366],[120.882803,31.942362],[120.882814,31.942358],[120.88283,31.942357],[120.882844,31.942356],[120.882857,31.942361],[120.882868,31.942367],[120.882876,31.94237],[120.882885,31.942372],[120.882895,31.94237],[120.882909,31.942368],[120.882922,31.942367],[120.882935,31.942368],[120.882952,31.942368],[120.882966,31.942369],[120.882978,31.942372],[120.882989,31.942377],[120.882998,31.94238],[120.883008,31.94238],[120.88302,31.94238],[120.883034,31.94238],[120.883047,31.942381],[120.883062,31.942384],[120.883078,31.942389],[120.883093,31.942393],[120.883105,31.942398],[120.883116,31.942402],[120.883129,31.942407],[120.883142,31.942414],[120.883156,31.942421],[120.883167,31.942427],[120.883177,31.942432],[120.883188,31.942439],[120.883199,31.942447],[120.883209,31.942454],[120.883219,31.942461],[120.883227,31.942468],[120.883234,31.942476],[120.883241,31.942484],[120.883253,31.942489],[120.883268,31.942494],[120.88328,31.942498],[120.883291,31.942504],[120.883303,31.942511],[120.883314,31.942519],[120.883325,31.942528],[120.883334,31.942535],[120.883341,31.942542],[120.883345,31.94255],[120.883351,31.942555],[120.883359,31.942562],[120.883369,31.942569],[120.88338,31.942575],[120.883391,31.942583],[120.883401,31.942591],[120.883409,31.942601],[120.883416,31.942614],[120.883422,31.942626],[120.883429,31.942633],[120.883437,31.942639],[120.883447,31.942646],[120.883457,31.942656],[120.883466,31.942663],[120.883473,31.942671],[120.88348,31.942681],[120.883485,31.942688],[120.883496,31.942694],[120.883512,31.9427],[120.883527,31.942706],[120.883541,31.942712],[120.883555,31.942719],[120.883567,31.942727],[120.883577,31.942738],[120.883588,31.94275],[120.883598,31.942757],[120.883608,31.942762],[120.883619,31.942768],[120.88363,31.942775],[120.88364,31.942782],[120.883651,31.942791],[120.883658,31.942798],[120.883665,31.942806],[120.883674,31.942815],[120.883683,31.942825],[120.883694,31.942835],[120.883702,31.942843],[120.883709,31.942849],[120.883719,31.942857],[120.883729,31.942866],[120.883742,31.942877],[120.883757,31.94289],[120.883768,31.942901],[120.883776,31.942909],[120.883783,31.942915],[120.883792,31.942922],[120.8838,31.94293],[120.883808,31.942938],[120.883814,31.942946],[120.88382,31.942953],[120.883825,31.94296],[120.883832,31.94297],[120.88384,31.942979],[120.883847,31.942987],[120.883853,31.942994],[120.883862,31.943002],[120.883871,31.943012],[120.883882,31.943022],[120.883893,31.943031],[120.883904,31.94304],[120.883913,31.943047],[120.883921,31.943053],[120.883931,31.943061],[120.883941,31.943069],[120.883952,31.943077],[120.883962,31.943085],[120.883971,31.943092],[120.883983,31.943099],[120.883995,31.943107],[120.884005,31.943113],[120.884012,31.943117],[120.884022,31.943121],[120.884033,31.943126],[120.884043,31.943129],[120.884059,31.943134],[120.884073,31.943138],[120.884086,31.94314],[120.8841,31.943142],[120.88411,31.943144],[120.884123,31.943147],[120.884133,31.943148],[120.884141,31.943149],[120.884149,31.943149],[120.884158,31.943147],[120.884165,31.943145],[120.884172,31.943145],[120.884178,31.943146],[120.884183,31.943144],[120.884187,31.943143],[120.88419,31.943142],[120.884192,31.943142],[120.884172,31.943167],[120.884146,31.943205],[120.884139,31.943226],[120.884139,31.943242],[120.88414,31.943254],[120.884144,31.943262],[120.884149,31.943269],[120.884154,31.943277],[120.884158,31.943287],[120.884158,31.943297],[120.884158,31.943304],[120.884161,31.943308],[120.884167,31.94331],[120.884175,31.943315],[120.884181,31.943321],[120.884186,31.943327],[120.884189,31.943334],[120.884191,31.943341],[120.884193,31.943347],[120.884201,31.943358],[120.884214,31.94337],[120.884224,31.943378],[120.884231,31.943385],[120.884238,31.943392],[120.884247,31.943398],[120.884258,31.943404],[120.884267,31.943408],[120.884273,31.943411],[120.884277,31.943411],[120.884278,31.943409],[120.884279,31.943406],[120.88428,31.943405],[120.884282,31.943407],[120.884282,31.943406],[120.884281,31.943404],[120.884282,31.943403],[120.884283,31.943405],[120.884288,31.94341],[120.884292,31.943413],[120.884297,31.943418],[120.884305,31.943425],[120.884312,31.943431],[120.884319,31.943438],[120.884327,31.943448],[120.884336,31.943457],[120.884343,31.943464],[120.884349,31.943469],[120.884357,31.943476],[120.884366,31.943484],[120.884374,31.943491],[120.884382,31.943497],[120.884392,31.943506],[120.884401,31.943517],[120.88441,31.943528],[120.884419,31.943536],[120.884429,31.943545],[120.884436,31.943552],[120.88444,31.943558],[120.884445,31.943565],[120.88445,31.943573],[120.884457,31.943581],[120.884466,31.943589],[120.884475,31.943597],[120.884484,31.943606],[120.884493,31.943614],[120.884501,31.94362],[120.884509,31.943628],[120.884516,31.943637],[120.88452,31.943644],[120.884528,31.943652],[120.88454,31.943659],[120.88455,31.943665],[120.884564,31.943673],[120.884576,31.943682],[120.884584,31.943689],[120.884591,31.943696],[120.884598,31.943703],[120.884607,31.943712],[120.884616,31.943721],[120.884624,31.943729],[120.884633,31.943736],[120.884639,31.943745],[120.884644,31.943754],[120.88465,31.943762],[120.884659,31.943769],[120.884667,31.943775],[120.884679,31.943782],[120.884693,31.943792],[120.884705,31.943802],[120.884715,31.94381],[120.884724,31.94382],[120.884732,31.943828],[120.88474,31.943836],[120.884748,31.943846],[120.884756,31.943854],[120.884763,31.94386],[120.884771,31.943867],[120.884779,31.943875],[120.884786,31.943881],[120.884793,31.943888],[120.884802,31.943893],[120.88481,31.943899],[120.884819,31.943905],[120.884832,31.943913],[120.884845,31.943922],[120.884854,31.943931],[120.884862,31.943939],[120.884866,31.943944],[120.88487,31.94395],[120.884876,31.943957],[120.884884,31.943964],[120.884893,31.943972],[120.8849,31.943978],[120.884907,31.943985],[120.884916,31.943993],[120.884926,31.944001],[120.884936,31.944009],[120.884946,31.944016],[120.884953,31.944022],[120.884962,31.944029],[120.884971,31.94404],[120.884979,31.944052],[120.884987,31.944063],[120.884993,31.944072],[120.885,31.94408],[120.885006,31.94409],[120.885012,31.944102],[120.885016,31.944116],[120.885019,31.944127],[120.885019,31.944137],[120.885016,31.944148],[120.885011,31.944159],[120.885005,31.944168],[120.884998,31.944175],[120.884991,31.944183],[120.884982,31.944191],[120.884972,31.944198],[120.884961,31.944204],[120.884949,31.944212],[120.884942,31.94422],[120.884938,31.944227],[120.884936,31.944234],[120.884936,31.944243],[120.884933,31.944252],[120.884928,31.94426],[120.884923,31.944265],[120.884918,31.944271],[120.884912,31.944277],[120.884904,31.944283],[120.884895,31.94429],[120.884886,31.944298],[120.884878,31.944307],[120.884867,31.944313],[120.884858,31.94432],[120.884851,31.94433],[120.884845,31.944342],[120.884841,31.944352],[120.884836,31.944359],[120.884827,31.944369],[120.884816,31.944381],[120.884805,31.94439],[120.884795,31.944398],[120.884787,31.944405],[120.884779,31.944412],[120.884772,31.94442],[120.884763,31.944431],[120.884754,31.944443],[120.884747,31.944456],[120.884743,31.944465],[120.884742,31.94448],[120.884741,31.944498],[120.884744,31.944511],[120.884747,31.944523],[120.884752,31.944534],[120.884758,31.944545],[120.884761,31.944555],[120.884764,31.944564],[120.884767,31.944572],[120.88477,31.94458],[120.884776,31.944588],[120.884784,31.944594],[120.884794,31.944602],[120.884802,31.944609],[120.884809,31.944616],[120.884812,31.944624],[120.884814,31.94463],[120.884823,31.944635],[120.884838,31.944641],[120.88485,31.944649],[120.884861,31.944657],[120.88487,31.944666],[120.884875,31.944674],[120.884882,31.944681],[120.88489,31.944684],[120.884897,31.944687],[120.884908,31.944689],[120.884923,31.944692],[120.884935,31.944697],[120.884946,31.944703],[120.884959,31.944708],[120.88497,31.944714],[120.884979,31.944719],[120.884987,31.944726],[120.884997,31.944736],[120.885008,31.944748],[120.885017,31.944758],[120.885026,31.944767],[120.885034,31.944774],[120.885042,31.944782],[120.885052,31.944789],[120.885061,31.944795],[120.885072,31.944802],[120.885083,31.944808],[120.885097,31.944811],[120.885109,31.944813],[120.88512,31.944815],[120.885128,31.944819],[120.885131,31.944855],[120.885129,31.944903],[120.885127,31.944926],[120.885126,31.944942],[120.885126,31.944954],[120.885128,31.944964],[120.885133,31.944975],[120.885139,31.944987],[120.885146,31.944998],[120.885153,31.94501],[120.885158,31.94502],[120.885161,31.945027],[120.885161,31.945036],[120.885164,31.945046],[120.885171,31.945061],[120.885178,31.945079],[120.885183,31.945093],[120.885186,31.945103],[120.885191,31.945112],[120.8852,31.945123],[120.885217,31.945131],[120.88523,31.945136],[120.885233,31.945142],[120.88523,31.94515],[120.885226,31.945158],[120.885224,31.945168],[120.885224,31.94518],[120.885227,31.945193],[120.885232,31.945206],[120.885234,31.945218],[120.885236,31.945229],[120.885241,31.945245],[120.885248,31.94526],[120.885253,31.945269],[120.885251,31.945272],[120.885242,31.945276],[120.885237,31.945283],[120.885236,31.945293],[120.885237,31.945305],[120.885239,31.945317],[120.885243,31.945328],[120.885248,31.945337],[120.885254,31.945349],[120.885259,31.945362],[120.885262,31.945373],[120.885263,31.945381],[120.885263,31.945386],[120.885265,31.945395],[120.885266,31.945407],[120.885266,31.945421],[120.885268,31.945433],[120.885273,31.945443],[120.885277,31.945451],[120.885282,31.94546],[120.885287,31.945472],[120.885294,31.945486],[120.885301,31.945498],[120.885309,31.945508],[120.885313,31.94552],[120.885317,31.945533],[120.885322,31.945544],[120.885327,31.945553],[120.885331,31.945562],[120.885334,31.945569],[120.885339,31.945575],[120.885347,31.945586],[120.885357,31.945601],[120.885367,31.945612],[120.885373,31.945623],[120.885381,31.945633],[120.885387,31.945643],[120.885392,31.945653],[120.885399,31.945665],[120.885404,31.945675],[120.885407,31.945683],[120.885409,31.945692],[120.885409,31.945699],[120.885407,31.945703],[120.885404,31.945705],[120.885402,31.945708],[120.8854,31.945709],[120.885395,31.945706],[120.885388,31.945701],[120.885382,31.945699],[120.885379,31.945699],[120.885376,31.945702],[120.88537,31.945708],[120.885364,31.945715],[120.885361,31.945723],[120.885358,31.94573],[120.885352,31.945737],[120.885343,31.945742],[120.885336,31.945744],[120.885333,31.945744],[120.885329,31.945746],[120.885328,31.945749],[120.885329,31.945755],[120.885328,31.945763],[120.885327,31.945773],[120.885325,31.945783],[120.885324,31.945794],[120.885325,31.945801],[120.885325,31.945806],[120.885324,31.945809],[120.885323,31.945807],[120.885322,31.945807],[120.885319,31.945807],[120.885315,31.945806],[120.885312,31.945805],[120.885312,31.945801],[120.885313,31.945797],[120.885312,31.94579],[120.885311,31.945779],[120.885308,31.945767],[120.885307,31.945755],[120.885307,31.945741],[120.885311,31.945725],[120.885314,31.945711],[120.885314,31.945698],[120.885309,31.945688],[120.885304,31.945679],[120.885301,31.945673],[120.885302,31.945667],[120.885305,31.945661],[120.885311,31.945654],[120.885319,31.945647],[120.885325,31.945638],[120.885327,31.945629],[120.885326,31.94562],[120.885328,31.94561],[120.88533,31.945599],[120.885331,31.945589],[120.885332,31.945581],[120.885332,31.94557],[120.885332,31.945558],[120.885331,31.945549],[120.885331,31.945542],[120.885332,31.945533],[120.885333,31.945523],[120.885333,31.945515],[120.885334,31.945508],[120.885335,31.945497],[120.885336,31.945485],[120.885337,31.945472],[120.885336,31.945457],[120.885335,31.945443],[120.885337,31.94543],[120.885342,31.945418],[120.885351,31.945408],[120.885359,31.945399],[120.885362,31.945391],[120.885364,31.945382],[120.885366,31.945373],[120.885365,31.945365],[120.88536,31.945359],[120.885352,31.945352],[120.885345,31.945346],[120.88534,31.945339],[120.885337,31.945332],[120.885335,31.945325],[120.885335,31.945316],[120.885336,31.945306],[120.885338,31.945296],[120.885339,31.945286],[120.88534,31.945276],[120.88534,31.945266],[120.88534,31.945257],[120.88534,31.945249],[120.88534,31.945247],[120.88534,31.945243],[120.88534,31.945235],[120.885343,31.945229],[120.885345,31.945222],[120.885345,31.94521],[120.885346,31.945196],[120.885347,31.945184],[120.885349,31.945174],[120.885352,31.945161],[120.885355,31.945147],[120.885356,31.945134],[120.885355,31.945123],[120.885353,31.945114],[120.885352,31.945104],[120.885349,31.945092],[120.885348,31.94508],[120.88535,31.945067],[120.885354,31.945055],[120.885358,31.945043],[120.885363,31.945032],[120.885364,31.945023],[120.885364,31.945014],[120.885367,31.945003],[120.88537,31.944994],[120.885373,31.944984],[120.885375,31.944974],[120.885377,31.944967],[120.885377,31.944959],[120.885377,31.94495],[120.885379,31.94494],[120.88538,31.94493],[120.885384,31.94492],[120.88539,31.944913],[120.885402,31.944905],[120.885419,31.944896],[120.885431,31.944891],[120.885442,31.944888],[120.885454,31.944884],[120.885463,31.944879],[120.885471,31.944876],[120.885482,31.944871],[120.885492,31.944869],[120.885503,31.944866],[120.885514,31.944863],[120.885525,31.944859],[120.885536,31.944856],[120.885546,31.944853],[120.885556,31.944849],[120.885567,31.944844],[120.885578,31.94484],[120.885591,31.944836],[120.885606,31.94483],[120.885618,31.944826],[120.885628,31.944822],[120.885642,31.944816],[120.885656,31.94481],[120.885669,31.944804],[120.885677,31.9448],[120.885684,31.944796],[120.885692,31.944791],[120.885701,31.944785],[120.885711,31.94478],[120.885721,31.944775],[120.885729,31.944771],[120.885737,31.944766],[120.885748,31.94476],[120.885759,31.944753],[120.885773,31.944746],[120.885787,31.944737],[120.885798,31.944731],[120.885808,31.944726],[120.885818,31.944719],[120.885828,31.944714],[120.88584,31.94471],[120.88585,31.944702],[120.885859,31.944694],[120.88587,31.944685],[120.885882,31.944678],[120.885893,31.944674],[120.885904,31.944668],[120.885915,31.944662],[120.885928,31.944656],[120.885937,31.944649],[120.885949,31.944641],[120.885965,31.944632],[120.885975,31.944626],[120.885984,31.94462],[120.885993,31.944614],[120.886001,31.944608],[120.886012,31.944601],[120.886023,31.944593],[120.886035,31.944586],[120.886046,31.944579],[120.886057,31.944572],[120.886066,31.944567],[120.886074,31.944562],[120.886084,31.944556],[120.886095,31.94455],[120.886105,31.944542],[120.886112,31.944536],[120.886119,31.94453],[120.886127,31.944522],[120.886135,31.944513],[120.886144,31.944505],[120.886152,31.944498],[120.88616,31.94449],[120.886168,31.944482],[120.886175,31.944475],[120.886182,31.944468],[120.88619,31.94446],[120.886198,31.944451],[120.886205,31.94444],[120.886211,31.944432],[120.886215,31.944423],[120.88622,31.944411],[120.886225,31.944398],[120.886232,31.944386],[120.886237,31.944377],[120.886241,31.94437],[120.886247,31.944361],[120.886252,31.944354],[120.886255,31.944346],[120.886258,31.944335],[120.88626,31.944326],[120.886263,31.944318],[120.886267,31.944307],[120.886272,31.944297],[120.886279,31.944287],[120.886286,31.944279],[120.886292,31.944273],[120.886299,31.944267],[120.886302,31.944262],[120.886304,31.944256],[120.886305,31.944246],[120.886306,31.944237],[120.886309,31.944226],[120.886313,31.944215],[120.886316,31.944206],[120.886318,31.944197],[120.88632,31.944188],[120.886323,31.94418],[120.886327,31.944174],[120.886333,31.944161],[120.88634,31.944146],[120.886344,31.944133],[120.886347,31.944122],[120.886348,31.944113],[120.886349,31.944104],[120.886353,31.944097],[120.886357,31.944091],[120.886363,31.944083],[120.88637,31.944067],[120.886376,31.94405],[120.886379,31.944037],[120.886382,31.944026],[120.886386,31.944016],[120.886389,31.944004],[120.886392,31.943995],[120.886396,31.943986],[120.886399,31.943974],[120.8864,31.943962],[120.886398,31.943949],[120.886397,31.943938],[120.886397,31.943929],[120.886399,31.943923],[120.886405,31.943916],[120.886412,31.943906],[120.886415,31.943896],[120.886419,31.943882],[120.886424,31.943868],[120.886427,31.943857],[120.886432,31.943845],[120.886437,31.943833],[120.886444,31.943824],[120.886451,31.943816],[120.886459,31.943806],[120.886468,31.943798],[120.886477,31.943792],[120.886486,31.943786],[120.886493,31.94378],[120.886501,31.943774],[120.886505,31.94377],[120.886506,31.943763],[120.886511,31.943754],[120.886516,31.943742],[120.886521,31.943728],[120.886523,31.943716],[120.886523,31.943706],[120.886523,31.943698],[120.886524,31.943686],[120.886524,31.943673],[120.886525,31.943663],[120.886525,31.943653],[120.886526,31.943642],[120.886527,31.94363],[120.886527,31.943617],[120.886527,31.943606],[120.886527,31.943596],[120.886528,31.943584],[120.886528,31.943573],[120.886528,31.943563],[120.886527,31.94355],[120.886527,31.943535],[120.886526,31.943524],[120.886527,31.943515],[120.886527,31.943504],[120.886528,31.943493],[120.886532,31.943484],[120.886535,31.943476],[120.886538,31.943465],[120.886539,31.943455],[120.886542,31.943445],[120.886545,31.943436],[120.886547,31.943428],[120.886551,31.94342],[120.886554,31.94341],[120.886557,31.9434],[120.886563,31.943389],[120.886568,31.943373],[120.886572,31.943358],[120.886575,31.943347],[120.886579,31.943336],[120.886583,31.943324],[120.886585,31.943312],[120.886588,31.943301],[120.88659,31.943291],[120.886591,31.943281],[120.886594,31.943271],[120.886598,31.943264],[120.886603,31.943256],[120.886605,31.943247],[120.886605,31.943238],[120.886607,31.943228],[120.88661,31.943218],[120.886612,31.943209],[120.886616,31.9432],[120.886622,31.943185],[120.886627,31.943169],[120.886631,31.943158],[120.886635,31.943148],[120.886639,31.943137],[120.886643,31.943128],[120.886645,31.943121],[120.886649,31.943112],[120.886655,31.943102],[120.886663,31.943094],[120.88667,31.943086],[120.886676,31.943077],[120.886681,31.943067],[120.886684,31.943057],[120.886683,31.94305],[120.886683,31.943043],[120.886689,31.943034],[120.886698,31.943025],[120.886705,31.943013],[120.88671,31.943001],[120.886712,31.94299],[120.886715,31.942979],[120.886719,31.942971],[120.88672,31.942964],[120.886721,31.942957],[120.886726,31.942947],[120.886735,31.942937],[120.886741,31.942924],[120.886743,31.942914],[120.886744,31.942904],[120.886746,31.942892],[120.886749,31.94288],[120.886752,31.942867],[120.886759,31.942854],[120.886766,31.942842],[120.886773,31.94283],[120.88678,31.94282],[120.886785,31.942811],[120.886786,31.942804],[120.886786,31.942799],[120.886787,31.942793],[120.88679,31.942787],[120.886795,31.942783],[120.886799,31.942779],[120.886803,31.942773],[120.886807,31.942765],[120.886812,31.942757],[120.886816,31.942748],[120.88682,31.942739],[120.886824,31.942729],[120.886826,31.942715],[120.886828,31.942701],[120.886829,31.942689],[120.886831,31.942679],[120.886832,31.942671],[120.886835,31.942659],[120.886838,31.942648],[120.886842,31.942637],[120.886848,31.942626],[120.886852,31.942617],[120.886856,31.94261],[120.886858,31.9426],[120.886861,31.942588],[120.886863,31.942577],[120.886866,31.942567],[120.88687,31.942555],[120.886872,31.942545],[120.886875,31.942532],[120.88688,31.942516],[120.886884,31.942503],[120.886887,31.942493],[120.88689,31.942485],[120.886894,31.942474],[120.886899,31.942465],[120.886903,31.942457],[120.886906,31.942448],[120.886907,31.942438],[120.886907,31.942428],[120.886907,31.942417],[120.886906,31.942409],[120.886907,31.942401],[120.88691,31.942391],[120.886915,31.94238],[120.886919,31.94237],[120.886925,31.942357],[120.886934,31.942341],[120.886941,31.942328],[120.886948,31.942318],[120.886955,31.942309],[120.886962,31.942298],[120.886967,31.942285],[120.886971,31.942275],[120.886975,31.942266],[120.886979,31.942255],[120.886982,31.942244],[120.886987,31.942234],[120.886991,31.942223],[120.886997,31.942211],[120.887005,31.9422],[120.887013,31.942191],[120.887019,31.942186],[120.887026,31.94218],[120.887031,31.94217],[120.887033,31.942162],[120.887037,31.942153],[120.887042,31.942145],[120.887046,31.942138],[120.88705,31.942131],[120.887059,31.942123],[120.88707,31.942116],[120.887082,31.942112],[120.887092,31.942107],[120.887101,31.9421],[120.887108,31.942093],[120.887113,31.942085],[120.887121,31.942075],[120.887132,31.942065],[120.887145,31.942054],[120.887164,31.942042],[120.887186,31.942035],[120.887202,31.94203],[120.887213,31.942025],[120.887225,31.94202],[120.887237,31.942013],[120.887249,31.942004],[120.887261,31.941996],[120.887273,31.941987],[120.887283,31.941979],[120.887298,31.94197],[120.887316,31.94196],[120.88733,31.941953],[120.887342,31.941946],[120.887354,31.94194],[120.887366,31.941935],[120.887381,31.941928],[120.887397,31.941922],[120.887408,31.941918],[120.887419,31.941915],[120.887432,31.941911],[120.887446,31.941906],[120.887458,31.941901],[120.887471,31.941897],[120.887486,31.94189],[120.887495,31.941882],[120.887502,31.941875],[120.887515,31.941872],[120.887529,31.941872],[120.887543,31.94187],[120.887557,31.941867],[120.887572,31.941863],[120.887583,31.941858],[120.887597,31.941853],[120.887616,31.941846],[120.887629,31.941841],[120.887641,31.941836],[120.887655,31.94183],[120.887669,31.941826],[120.887685,31.941822],[120.887697,31.941819],[120.887709,31.941816],[120.887722,31.941811],[120.887737,31.941805],[120.887752,31.941797],[120.887768,31.941788],[120.887783,31.941781],[120.887799,31.941775],[120.887811,31.941773],[120.887821,31.941774],[120.887833,31.941773],[120.887846,31.941771],[120.88786,31.941768],[120.887872,31.941767],[120.887882,31.941765],[120.887895,31.941762],[120.887907,31.941759],[120.887919,31.941756],[120.887929,31.941755],[120.887938,31.941753],[120.88795,31.941751],[120.887963,31.941749],[120.887975,31.941746],[120.887988,31.941744],[120.888002,31.941743],[120.888015,31.941742],[120.888029,31.941741],[120.888047,31.94174],[120.888064,31.941741],[120.888078,31.941743],[120.888088,31.941743],[120.888094,31.941744],[120.88811,31.941735],[120.888132,31.941721],[120.888145,31.941713],[120.888155,31.94171],[120.888164,31.941716],[120.888176,31.941716],[120.888193,31.941708],[120.888209,31.941701],[120.888223,31.941699],[120.888235,31.941699],[120.888249,31.941699],[120.888264,31.9417],[120.888284,31.941705],[120.888303,31.941713],[120.888316,31.941719],[120.888327,31.941726],[120.888336,31.94173],[120.888347,31.941733],[120.88836,31.941737],[120.88837,31.941739],[120.888381,31.94174],[120.888392,31.941742],[120.888405,31.941743],[120.888416,31.941744],[120.888427,31.941746],[120.888441,31.941746],[120.888454,31.941745],[120.888463,31.941744],[120.888472,31.941745],[120.88849,31.941747],[120.888512,31.941748],[120.888528,31.941749],[120.888542,31.941749],[120.888553,31.941746],[120.888561,31.941746],[120.888571,31.941747],[120.888583,31.941747],[120.888598,31.941749],[120.888613,31.94175],[120.888628,31.94175],[120.888642,31.941749],[120.888652,31.941748],[120.888662,31.941747],[120.888675,31.941745],[120.888691,31.941742],[120.888704,31.94174],[120.888719,31.941739],[120.888736,31.941737],[120.888751,31.941737],[120.888766,31.941738],[120.888779,31.94174],[120.888792,31.941742],[120.888804,31.941745],[120.888814,31.941747],[120.888826,31.94175],[120.888836,31.941751],[120.888845,31.941751],[120.888856,31.94175],[120.888868,31.94175],[120.888884,31.94175],[120.888899,31.941751],[120.888908,31.941751],[120.888919,31.941751],[120.888939,31.941751],[120.888961,31.941749],[120.888975,31.941749],[120.888988,31.94175],[120.889001,31.94175],[120.889013,31.941751],[120.88903,31.941753],[120.889045,31.941754],[120.889055,31.941754],[120.889068,31.941753],[120.889083,31.941752],[120.889101,31.941751],[120.889116,31.941749],[120.88913,31.941748],[120.889146,31.941747],[120.889159,31.941746],[120.88917,31.941747],[120.889185,31.941747],[120.889201,31.941749],[120.889214,31.94175],[120.889226,31.94175],[120.889239,31.94175],[120.889253,31.94175],[120.889264,31.941751],[120.889275,31.941751],[120.889289,31.941752],[120.889301,31.941751],[120.889312,31.94175],[120.889327,31.941748],[120.889342,31.941746],[120.889354,31.941746],[120.889365,31.941747],[120.889379,31.941749],[120.889394,31.94175],[120.889413,31.941751],[120.889431,31.941752],[120.889444,31.941753],[120.889454,31.941755],[120.889467,31.941756],[120.88948,31.941757],[120.889494,31.941757],[120.889504,31.941757],[120.889513,31.941757],[120.889525,31.941754],[120.889539,31.941751],[120.889553,31.941749],[120.889565,31.941747],[120.889577,31.941747],[120.889592,31.941746],[120.889607,31.941745],[120.889622,31.941745],[120.889638,31.941746],[120.889651,31.941748],[120.889663,31.94175],[120.889675,31.941751],[120.889687,31.941756],[120.889698,31.941758],[120.889708,31.941758],[120.88972,31.94176],[120.889734,31.94176],[120.889746,31.94176],[120.889757,31.941758],[120.889769,31.941756],[120.889785,31.941752],[120.8898,31.941749],[120.889811,31.941747],[120.88982,31.941747],[120.889825,31.941748],[120.889832,31.941748],[120.889841,31.941749],[120.88985,31.941753],[120.889859,31.941755],[120.889871,31.941755],[120.889884,31.941757],[120.889898,31.94176],[120.889909,31.941761],[120.889919,31.941763],[120.889938,31.941766],[120.889956,31.941768],[120.88997,31.941769],[120.889985,31.94177],[120.889999,31.941771],[120.890012,31.941772],[120.890022,31.941772],[120.89003,31.941772],[120.890042,31.941772],[120.890054,31.941772],[120.890067,31.941771],[120.890078,31.94177],[120.890088,31.941768],[120.890101,31.941767],[120.890114,31.941766],[120.890128,31.941766],[120.89014,31.941766],[120.890153,31.941765],[120.890166,31.941767],[120.890177,31.941769],[120.890186,31.941768],[120.890198,31.941765],[120.890211,31.941759],[120.890227,31.941753],[120.890243,31.941748],[120.890263,31.941743],[120.89028,31.941741],[120.890291,31.941743],[120.890302,31.941744],[120.890313,31.941745],[120.890325,31.941746],[120.890335,31.941746],[120.890345,31.941745],[120.890358,31.941744],[120.890373,31.941742],[120.890384,31.941741],[120.890395,31.941742],[120.890409,31.941744],[120.890421,31.941748],[120.890432,31.941752],[120.890443,31.941757],[120.890455,31.941762],[120.89047,31.941769],[120.890486,31.941773],[120.8905,31.941773],[120.890514,31.941772],[120.890528,31.941771],[120.890538,31.94177],[120.890549,31.941768],[120.890568,31.941766],[120.890582,31.941764],[120.890591,31.941762],[120.890601,31.941762],[120.890611,31.941761],[120.890624,31.941761],[120.890634,31.941761],[120.890646,31.94176],[120.890658,31.94176],[120.890676,31.941759],[120.890696,31.941758],[120.890712,31.941758],[120.890726,31.941759],[120.890741,31.94176],[120.89076,31.94176],[120.890777,31.94176],[120.89079,31.941759],[120.890804,31.941758],[120.89082,31.941756],[120.890835,31.941752],[120.89085,31.941751],[120.890863,31.94175],[120.890871,31.941749],[120.890879,31.94175],[120.890887,31.941749],[120.890908,31.941749],[120.890933,31.941749],[120.890949,31.941748],[120.890966,31.941748],[120.89098,31.941747],[120.890994,31.941746],[120.891007,31.941749],[120.891018,31.941753],[120.891026,31.941756],[120.891039,31.941758],[120.891061,31.941759],[120.891082,31.941761],[120.891097,31.941762],[120.891111,31.941763],[120.891119,31.941765],[120.891128,31.941765],[120.891145,31.941766],[120.891159,31.941766],[120.89117,31.941766],[120.891184,31.941767],[120.891199,31.941767],[120.891213,31.941767],[120.891227,31.941766],[120.891243,31.941764],[120.891257,31.941761],[120.891269,31.941756],[120.891285,31.941753],[120.891303,31.94175],[120.891319,31.941749],[120.891331,31.94175],[120.891344,31.941751],[120.891357,31.941751],[120.891376,31.941748],[120.891399,31.941748],[120.891415,31.94175],[120.891429,31.94175],[120.891441,31.94175],[120.891449,31.94175],[120.891459,31.941749],[120.891472,31.941746],[120.891488,31.941743],[120.891503,31.941741],[120.891517,31.941741],[120.891533,31.941741],[120.891548,31.941745],[120.891559,31.941749],[120.891574,31.941749],[120.891592,31.941748],[120.891611,31.941746],[120.89163,31.941744],[120.891641,31.941743],[120.89165,31.941745],[120.891654,31.94175],[120.891656,31.941755],[120.891656,31.941764],[120.891658,31.94177],[120.891662,31.941774],[120.891666,31.941777],[120.891673,31.941779],[120.891682,31.941778],[120.891691,31.941774],[120.8917,31.941771],[120.891711,31.941769],[120.891724,31.941764],[120.891743,31.94176],[120.891761,31.941758],[120.891774,31.941757],[120.891788,31.941757],[120.891806,31.941758],[120.891825,31.94176],[120.891842,31.94176],[120.891858,31.941758],[120.891871,31.941757],[120.891882,31.941755],[120.891895,31.941755],[120.891905,31.941755],[120.891914,31.941754],[120.891932,31.941757],[120.891953,31.941758],[120.891972,31.941756],[120.891988,31.941752],[120.891997,31.941752],[120.892005,31.941753],[120.892016,31.941755],[120.892028,31.941756],[120.892037,31.941755],[120.892046,31.941756],[120.892055,31.941757],[120.892068,31.941757],[120.892082,31.941756],[120.892097,31.941755],[120.892108,31.941755],[120.892119,31.941756],[120.892133,31.941753],[120.892147,31.941752],[120.892158,31.941752],[120.892174,31.941751],[120.89219,31.941748],[120.892204,31.941742],[120.892217,31.94174],[120.892226,31.941739],[120.892238,31.941738],[120.892252,31.941739],[120.892265,31.941737],[120.892278,31.941733],[120.892292,31.941731],[120.892306,31.941732],[120.892316,31.941732],[120.892325,31.941731],[120.892336,31.941728],[120.892348,31.941723],[120.892358,31.941719],[120.892368,31.941718],[120.892387,31.94172],[120.892409,31.941721],[120.892421,31.941723],[120.89243,31.941724],[120.892442,31.941725],[120.892455,31.941726],[120.892468,31.941727],[120.892477,31.941728],[120.892485,31.941729],[120.892496,31.94173],[120.892509,31.94173],[120.892523,31.941731],[120.892538,31.941732],[120.892547,31.941732],[120.892554,31.941732],[120.892565,31.941732],[120.892583,31.941733],[120.892605,31.941733],[120.892621,31.941732],[120.892634,31.941732],[120.892648,31.941731],[120.892666,31.941731],[120.892685,31.941731],[120.892701,31.941731],[120.892712,31.941731],[120.89272,31.941731],[120.892732,31.941731],[120.892744,31.941731],[120.892758,31.941731],[120.89277,31.94173],[120.892782,31.941729],[120.892796,31.941731],[120.892808,31.941732],[120.892822,31.941734],[120.892837,31.941736],[120.892849,31.941738],[120.892863,31.941738],[120.892875,31.941735],[120.892889,31.941732],[120.892903,31.94173],[120.892915,31.94173],[120.892927,31.94173],[120.892942,31.94173],[120.892957,31.941733],[120.89297,31.941735],[120.892981,31.941735],[120.892991,31.941735],[120.893,31.941735],[120.893015,31.941736],[120.893034,31.941739],[120.89305,31.941741],[120.893061,31.941741],[120.893069,31.941741],[120.893075,31.941739],[120.893082,31.941734],[120.893088,31.941733],[120.893091,31.941732],[120.893093,31.941732],[120.893098,31.941734],[120.893103,31.941737],[120.893107,31.941743],[120.893111,31.941751],[120.893119,31.941753],[120.89313,31.941749],[120.893141,31.941747],[120.893152,31.941748],[120.89317,31.941751],[120.893188,31.941754],[120.893204,31.941757],[120.893217,31.94176],[120.893228,31.94176],[120.893238,31.941757],[120.893248,31.941753],[120.893259,31.94175],[120.893274,31.94175],[120.89329,31.94175],[120.893303,31.94175],[120.893315,31.94175],[120.893327,31.941753],[120.893335,31.941757],[120.893344,31.941758],[120.893354,31.941757],[120.893364,31.941754],[120.893377,31.941752],[120.893392,31.941751],[120.893404,31.94175],[120.893415,31.941748],[120.893428,31.941747],[120.893442,31.941746],[120.893452,31.941745],[120.89346,31.941745],[120.893468,31.941749],[120.893477,31.941754],[120.893488,31.941754],[120.893501,31.941753],[120.893516,31.941751],[120.89353,31.941752],[120.893544,31.941754],[120.893558,31.941756],[120.893571,31.941759],[120.893589,31.941761],[120.893609,31.941764],[120.893625,31.941765],[120.893641,31.941767],[120.893654,31.941768],[120.893664,31.941768],[120.893676,31.941768],[120.893688,31.941769],[120.893698,31.94177],[120.893708,31.941771],[120.89372,31.941772],[120.893736,31.941774],[120.89375,31.941777],[120.89376,31.941779],[120.893772,31.941782],[120.893786,31.941786],[120.8938,31.94179],[120.893817,31.941796],[120.893836,31.941803],[120.893849,31.941808],[120.893859,31.941812],[120.89387,31.941817],[120.89388,31.941821],[120.89389,31.941827],[120.893901,31.941835],[120.893911,31.941842],[120.893919,31.941849],[120.893929,31.941856],[120.893943,31.941863],[120.893959,31.94187],[120.893972,31.941877],[120.893981,31.941883],[120.89399,31.941886],[120.893997,31.941889],[120.894007,31.941895],[120.894021,31.941904],[120.894033,31.941911],[120.894045,31.941918],[120.894055,31.941923],[120.894064,31.94193],[120.894073,31.941935],[120.894082,31.941938],[120.894094,31.941943],[120.894105,31.941949],[120.894116,31.941953],[120.894131,31.941958],[120.894143,31.941963],[120.894151,31.941968],[120.894161,31.941975],[120.89417,31.941983],[120.894179,31.941992],[120.894191,31.942002],[120.894204,31.942012],[120.894218,31.942022],[120.894231,31.942031],[120.894243,31.942039],[120.894254,31.942047],[120.894264,31.942054],[120.894274,31.942059],[120.894286,31.942067],[120.894299,31.942076],[120.894311,31.942084],[120.894321,31.942095],[120.894333,31.942108],[120.894341,31.942117],[120.894346,31.942125],[120.894351,31.942134],[120.894362,31.942148],[120.894375,31.942165],[120.894382,31.942175],[120.894387,31.942184],[120.894393,31.942194],[120.8944,31.942205],[120.894407,31.942215],[120.894412,31.942221],[120.894419,31.94223],[120.894426,31.942239],[120.894431,31.942246],[120.894437,31.942254],[120.894441,31.942263],[120.894446,31.942273],[120.894451,31.942282],[120.894455,31.942292],[120.89446,31.942302],[120.894466,31.942315],[120.89447,31.942328],[120.894472,31.942338],[120.894475,31.942351],[120.894477,31.942363],[120.894478,31.942372],[120.894481,31.942385],[120.894486,31.942399],[120.894489,31.942411],[120.894495,31.942423],[120.894501,31.942434],[120.894507,31.942442],[120.894512,31.942451],[120.894515,31.942461],[120.894516,31.942471],[120.894516,31.942481],[120.894516,31.942491],[120.89452,31.942506],[120.894527,31.942523],[120.89453,31.942535],[120.894532,31.942544],[120.894535,31.942551],[120.894538,31.942558],[120.894542,31.942567],[120.89454,31.942577],[120.894537,31.942591],[120.894538,31.942601],[120.894541,31.942609],[120.894544,31.94262],[120.894546,31.942629],[120.894548,31.942638],[120.894551,31.94265],[120.894554,31.942662],[120.894555,31.942673],[120.894559,31.942685],[120.894562,31.942695],[120.894561,31.942704],[120.894563,31.942713],[120.894566,31.942725],[120.894568,31.94274],[120.894571,31.942755],[120.894574,31.942769],[120.894577,31.942782],[120.894582,31.942795],[120.894589,31.942807],[120.894594,31.942818],[120.894597,31.942829],[120.8946,31.942838],[120.894601,31.942849],[120.894601,31.942861],[120.894604,31.94287],[120.894609,31.942886],[120.894616,31.942907],[120.894622,31.942923],[120.894626,31.942936],[120.894629,31.942946],[120.894636,31.942955],[120.89464,31.942964],[120.89464,31.942974],[120.894639,31.942985],[120.894639,31.942995],[120.894642,31.943004],[120.894643,31.943014],[120.894644,31.943028],[120.894646,31.943044],[120.894647,31.943055],[120.894649,31.943064],[120.894655,31.943075],[120.894661,31.943087],[120.894666,31.9431],[120.894667,31.943113],[120.894663,31.943124],[120.894664,31.943137],[120.894664,31.94315],[120.894664,31.943162],[120.894667,31.943175],[120.89467,31.943188],[120.894673,31.943197],[120.894675,31.943206],[120.894678,31.943217],[120.89468,31.943228],[120.894683,31.943238],[120.894686,31.943248],[120.894689,31.943258],[120.894691,31.943266],[120.894694,31.943278],[120.8947,31.943295],[120.894705,31.943309],[120.894708,31.943322],[120.894712,31.943334],[120.894716,31.943345],[120.894719,31.943358],[120.894723,31.943371],[120.894725,31.943384],[120.894726,31.943397],[120.89473,31.943408],[120.894733,31.943419],[120.894734,31.943429],[120.894735,31.943442],[120.894737,31.943454],[120.894738,31.943464],[120.894739,31.943472],[120.894743,31.943485],[120.894748,31.9435],[120.894754,31.943512],[120.894759,31.943524],[120.894762,31.943535],[120.894764,31.943547],[120.894765,31.943558],[120.894766,31.943569],[120.894767,31.94358],[120.894766,31.94359],[120.894767,31.943602],[120.89477,31.943613],[120.894772,31.943623],[120.894776,31.943634],[120.894782,31.943646],[120.894788,31.943659],[120.894794,31.943672],[120.894797,31.943684],[120.894801,31.943694],[120.894806,31.943703],[120.894809,31.943712],[120.894813,31.94372],[120.894818,31.94373],[120.894823,31.943742],[120.894829,31.943752],[120.894836,31.943761],[120.894841,31.943771],[120.894847,31.943782],[120.894852,31.94379],[120.894857,31.943799],[120.894864,31.943809],[120.89487,31.943819],[120.894878,31.943831],[120.894884,31.943844],[120.894884,31.943855],[120.894884,31.943862],[120.894888,31.943867],[120.894894,31.943874],[120.894903,31.943879],[120.894912,31.943886],[120.89492,31.943895],[120.89493,31.943904],[120.89494,31.943913],[120.894948,31.943921],[120.894955,31.943928],[120.894964,31.943935],[120.894974,31.943944],[120.894982,31.943951],[120.894989,31.943956],[120.894997,31.943963],[120.895005,31.943971],[120.895015,31.943982],[120.895024,31.943993],[120.89503,31.944],[120.895036,31.944005],[120.895044,31.944011],[120.895056,31.944019],[120.895074,31.944031],[120.895086,31.944041],[120.895097,31.94405],[120.895108,31.944059],[120.895115,31.944067],[120.895126,31.944075],[120.895139,31.944081],[120.895149,31.944085],[120.895158,31.94409],[120.895166,31.944095],[120.895171,31.944106],[120.895179,31.94412],[120.89519,31.944128],[120.895202,31.944134],[120.895218,31.944139],[120.895233,31.944143],[120.895243,31.944147],[120.895253,31.944153],[120.895261,31.944158],[120.895271,31.944162],[120.895282,31.944168],[120.895291,31.944173],[120.895301,31.944179],[120.895312,31.944185],[120.895321,31.94419],[120.89533,31.944195],[120.895341,31.944199],[120.89535,31.944202],[120.895359,31.944205],[120.89537,31.944207],[120.895382,31.944211],[120.895393,31.944214],[120.895403,31.944216],[120.895414,31.94422],[120.895425,31.944225],[120.895436,31.94423],[120.895445,31.944235],[120.895453,31.94424],[120.895463,31.944243],[120.895472,31.944245],[120.895479,31.944247],[120.895489,31.944249],[120.895503,31.944251],[120.895514,31.944253],[120.895525,31.944255],[120.895539,31.944258],[120.895554,31.944262],[120.895567,31.944267],[120.895581,31.944273],[120.895595,31.94428],[120.895607,31.944286],[120.895618,31.944291],[120.895631,31.944297],[120.895643,31.944302],[120.895654,31.944305],[120.895664,31.944308],[120.895677,31.944312],[120.895691,31.944315],[120.895705,31.944318],[120.895721,31.944322],[120.895736,31.944325],[120.895749,31.944328],[120.89576,31.944332],[120.895775,31.944335],[120.895789,31.944338],[120.895803,31.944342],[120.895814,31.944345],[120.895824,31.944347],[120.895836,31.94435],[120.895849,31.944352],[120.895863,31.944353],[120.895876,31.944354],[120.89589,31.944354],[120.895901,31.944355],[120.895913,31.944355],[120.895925,31.944351],[120.895929,31.944342],[120.895944,31.944342],[120.895971,31.944348],[120.895987,31.94435],[120.895989,31.944349],[120.895999,31.944353],[120.896027,31.944363],[120.896048,31.94437],[120.896061,31.944373],[120.896074,31.944376],[120.896082,31.944378],[120.896088,31.944376],[120.896097,31.944374],[120.896106,31.944373],[120.896117,31.944371],[120.896128,31.944371],[120.896136,31.944368],[120.896142,31.944365],[120.89616,31.94437],[120.896183,31.944379],[120.896199,31.944385],[120.896211,31.944386],[120.89622,31.944384],[120.896232,31.944382],[120.896247,31.944381],[120.89626,31.944381],[120.896273,31.944382],[120.896287,31.944384],[120.896301,31.944388],[120.896311,31.944392],[120.896322,31.944394],[120.896333,31.944394],[120.896345,31.944393],[120.896359,31.94439],[120.896374,31.944389],[120.896385,31.94439],[120.896396,31.944393],[120.896411,31.944396],[120.896427,31.944399],[120.896443,31.944402],[120.89646,31.944405],[120.896478,31.944409],[120.896495,31.944412],[120.896508,31.94441],[120.896519,31.944403],[120.896536,31.9444],[120.896559,31.944404],[120.896577,31.944407],[120.896592,31.944411],[120.896611,31.944412],[120.896628,31.944413],[120.896643,31.944413],[120.896654,31.944411],[120.896664,31.944409],[120.896674,31.944409],[120.896682,31.944413],[120.896693,31.944417],[120.896704,31.944418],[120.896719,31.944418],[120.896737,31.944417],[120.896751,31.944415],[120.896764,31.944414],[120.896778,31.944414],[120.896792,31.944417],[120.896806,31.944421],[120.896816,31.944423],[120.896825,31.944424],[120.896836,31.944427],[120.896848,31.94443],[120.89686,31.944433],[120.896871,31.944435],[120.896884,31.944439],[120.896895,31.944442],[120.896904,31.944444],[120.896916,31.944446],[120.896931,31.944447],[120.896948,31.944449],[120.896964,31.94445],[120.89698,31.944451],[120.896994,31.944452],[120.897008,31.944455],[120.89702,31.944452],[120.897031,31.944448],[120.897042,31.944448],[120.89705,31.944451],[120.897062,31.944454],[120.897077,31.944456],[120.897093,31.944457],[120.897107,31.944459],[120.897122,31.94446],[120.897138,31.944459],[120.897149,31.944458],[120.897161,31.944461],[120.897179,31.944467],[120.897201,31.944471],[120.897218,31.944473],[120.89723,31.944472],[120.89724,31.944469],[120.897248,31.944469],[120.897257,31.944471],[120.897272,31.944475],[120.897289,31.944476],[120.897304,31.944478],[120.897317,31.944477],[120.897332,31.944476],[120.897344,31.944477],[120.897357,31.944478],[120.897371,31.944481],[120.897387,31.944486],[120.89741,31.944489],[120.897433,31.944491],[120.897448,31.944491],[120.89746,31.944488],[120.89747,31.944487],[120.89748,31.94449],[120.897489,31.944498],[120.897509,31.944518],[120.897524,31.944526],[120.897528,31.944516],[120.897538,31.944508],[120.897551,31.944503],[120.897564,31.944502],[120.897573,31.9445],[120.897584,31.944498],[120.897594,31.944498],[120.897602,31.9445],[120.897619,31.944503],[120.897641,31.944505],[120.897658,31.944506],[120.897673,31.944506],[120.897691,31.944505],[120.897712,31.944502],[120.897728,31.944499],[120.897737,31.944501],[120.897747,31.944503],[120.897759,31.944504],[120.897773,31.944508],[120.897786,31.944511],[120.897798,31.944513],[120.897811,31.944514],[120.897827,31.944515],[120.897846,31.944516],[120.897866,31.944518],[120.897885,31.944519],[120.897903,31.944522],[120.89792,31.944525],[120.897935,31.944528],[120.897955,31.944533],[120.89798,31.944536],[120.898001,31.944539],[120.898015,31.944542],[120.898025,31.944544],[120.898037,31.944547],[120.898051,31.944549],[120.898065,31.944551],[120.89808,31.944551],[120.898092,31.944552],[120.898101,31.944551],[120.898117,31.94455],[120.898131,31.944549],[120.898142,31.944549],[120.898155,31.94455],[120.898167,31.944552],[120.89818,31.944554],[120.898195,31.944555],[120.89821,31.944556],[120.898225,31.944557],[120.898241,31.944558],[120.898255,31.944558],[120.898267,31.944558],[120.898278,31.944559],[120.898288,31.944561],[120.898295,31.944566],[120.898303,31.944575],[120.898313,31.944597],[120.898331,31.944605],[120.89835,31.944592],[120.898366,31.944586],[120.898384,31.944585],[120.898401,31.944586],[120.898417,31.944587],[120.898433,31.944589],[120.898446,31.944591],[120.898458,31.944592],[120.898472,31.944594],[120.898488,31.944596],[120.898502,31.944598],[120.898515,31.944599],[120.898531,31.9446],[120.898547,31.944603],[120.898557,31.944607],[120.898564,31.94462],[120.898582,31.944625],[120.898613,31.944617],[120.898638,31.944614],[120.898658,31.944613],[120.898679,31.944614],[120.898695,31.944615],[120.898709,31.944616],[120.898723,31.944616],[120.898737,31.944617],[120.898753,31.944618],[120.898767,31.944619],[120.898781,31.944621],[120.898795,31.944625],[120.898806,31.944631],[120.898814,31.944635],[120.898829,31.944637],[120.89885,31.944637],[120.898869,31.944637],[120.898885,31.944637],[120.898898,31.944638],[120.898912,31.94464],[120.898925,31.944643],[120.89894,31.944647],[120.898954,31.944649],[120.898968,31.944652],[120.898979,31.944657],[120.898988,31.94466],[120.898998,31.94466],[120.89901,31.94466],[120.899022,31.944662],[120.899033,31.944666],[120.899042,31.944678],[120.89906,31.944683],[120.899086,31.944676],[120.899107,31.944673],[120.899122,31.944673],[120.899135,31.944674],[120.899149,31.944675],[120.899164,31.944676],[120.899178,31.944678],[120.899192,31.944679],[120.899205,31.944681],[120.899219,31.944684],[120.899233,31.944687],[120.899248,31.94469],[120.899261,31.944692],[120.899273,31.944694],[120.899288,31.944696],[120.899303,31.944697],[120.89932,31.944697],[120.899338,31.944698],[120.899353,31.944698],[120.899365,31.944698],[120.899377,31.944698],[120.899391,31.9447],[120.899405,31.944702],[120.899416,31.944703],[120.899427,31.944704],[120.89944,31.944704],[120.899453,31.944705],[120.899465,31.944705],[120.899476,31.944705],[120.89949,31.944706],[120.899499,31.944708],[120.899508,31.944711],[120.899515,31.944711],[120.899525,31.944709],[120.899541,31.944708],[120.899557,31.944709],[120.899572,31.944711],[120.899583,31.944712],[120.899594,31.944713],[120.899607,31.944714],[120.89962,31.944715],[120.899633,31.944717],[120.899649,31.944719],[120.899664,31.944721],[120.899676,31.944723],[120.899686,31.944724],[120.899699,31.944726],[120.899713,31.944728],[120.899724,31.944731],[120.899735,31.944734],[120.899751,31.944737],[120.899769,31.94474],[120.899781,31.944743],[120.899792,31.944744],[120.899805,31.944745],[120.899819,31.944746],[120.899833,31.944747],[120.899848,31.944747],[120.89986,31.944747],[120.899871,31.944748],[120.899885,31.944748],[120.899899,31.944749],[120.899914,31.944751],[120.899928,31.944751],[120.899941,31.94475],[120.899957,31.944751],[120.899973,31.944752],[120.899991,31.944755],[120.900009,31.944759],[120.900022,31.94476],[120.900033,31.944759],[120.900044,31.944758],[120.900056,31.944758],[120.900068,31.944759],[120.900081,31.94476],[120.900096,31.944762],[120.900112,31.944766],[120.900126,31.944768],[120.90015,31.944774],[120.900177,31.944784],[120.900194,31.944792],[120.900207,31.944798],[120.900218,31.944802],[120.900231,31.944804],[120.900248,31.944805],[120.900265,31.944804],[120.900278,31.944803],[120.900288,31.944802],[120.900299,31.944801],[120.900312,31.9448],[120.900324,31.944801],[120.900335,31.944803],[120.900347,31.944805],[120.900356,31.944809],[120.900363,31.944814],[120.900371,31.944818],[120.90038,31.944821],[120.900392,31.944822],[120.900406,31.944823],[120.90042,31.944824],[120.900432,31.944828],[120.900441,31.944835],[120.900448,31.944843],[120.900452,31.944852],[120.900454,31.944858],[120.900453,31.944865],[120.900451,31.94487],[120.900449,31.944873],[120.900449,31.944876],[120.90045,31.944876],[120.900455,31.944874],[120.900461,31.944872],[120.900463,31.94487],[120.900464,31.944869],[120.900466,31.944868],[120.900468,31.944868],[120.90047,31.944867],[120.90047,31.944868],[120.90047,31.944869],[120.90047,31.944868],[120.90047,31.944867],[120.90047,31.944868],[120.90047,31.944869],[120.90047,31.944869],[120.90047,31.944869],[120.900469,31.944869],[120.900469,31.944869],[120.900468,31.944869],[120.900468,31.944869],[120.900468,31.944869],[120.900468,31.944869],[120.900468,31.944869],[120.900468,31.944869],[120.900469,31.944868],[120.900469,31.944869],[120.900469,31.944869],[120.900468,31.944869],[120.900469,31.944869],[120.900469,31.944869],[120.90047,31.944869],[120.900469,31.944869],[120.900467,31.944868],[120.900467,31.944868],[120.900468,31.944868],[120.900468,31.944868],[120.900467,31.944868],[120.900466,31.944868],[120.900467,31.944868],[120.900469,31.94487],[120.900468,31.944869],[120.900469,31.944869],[120.90047,31.94487],[120.900469,31.944869],[120.900468,31.944869],[120.900467,31.944869],[120.900466,31.944869],[120.900468,31.944869],[120.900467,31.944869],[120.900467,31.944869],[120.900469,31.944869],[120.900471,31.944868],[120.900469,31.944868],[120.900467,31.944868],[120.900466,31.944868],[120.900466,31.944868],[120.900467,31.944869],[120.90047,31.94487],[120.90047,31.94487],[120.90047,31.94487],[120.900471,31.944871],[120.900472,31.944871],[120.900472,31.944869],[120.900469,31.944867],[120.900469,31.944866],[120.900468,31.944867],[120.900466,31.944867],[120.900466,31.944867],[120.900465,31.944867],[120.900466,31.944864],[120.900466,31.944859],[120.900466,31.944854],[120.900465,31.944849],[120.900464,31.944846],[120.900462,31.944843],[120.900458,31.944844],[120.900449,31.944847],[120.90043,31.94485],[120.900395,31.944846],[120.900343,31.944832],[120.900282,31.944824],[120.900213,31.944831],[120.900137,31.944824],[120.900042,31.944809],[120.899949,31.944808],[120.89988,31.944802],[120.899821,31.944792],[120.89977,31.94478],[120.899724,31.944771],[120.899678,31.944763],[120.899633,31.944756],[120.899592,31.94475],[120.899556,31.944746],[120.899533,31.944743],[120.899525,31.944741],[120.89952,31.944736],[120.899516,31.944727],[120.899515,31.944715],[120.899518,31.944703],[120.899525,31.944692],[120.899538,31.944684],[120.899559,31.944681],[120.899602,31.944672],[120.899663,31.944664],[120.899736,31.944691],[120.899823,31.944718],[120.899908,31.944716],[120.899987,31.944732],[120.900062,31.94476],[120.900132,31.944766],[120.900195,31.944765],[120.90025,31.944772],[120.900296,31.944781],[120.900341,31.944786],[120.900377,31.944789],[120.900393,31.944793],[120.9004,31.944797],[120.900401,31.9448],[120.900402,31.944802],[120.900403,31.944803],[120.900403,31.944804],[120.900403,31.944804],[120.900404,31.944805],[120.900403,31.944805],[120.900402,31.944804],[120.900402,31.944804],[120.900402,31.944804],[120.900402,31.944804],[120.900402,31.944804],[120.900403,31.944804],[120.900403,31.944804],[120.900403,31.944804],[120.900403,31.944805],[120.900403,31.944805],[120.900403,31.944805],[120.900403,31.944804],[120.900403,31.944804],[120.900403,31.944804],[120.900403,31.944804],[120.900403,31.944804],[120.900403,31.944804],[120.900403,31.944804],[120.900403,31.944804],[120.900403,31.944804],[120.900403,31.944804],[120.900403,31.944804],[120.900403,31.944804],[120.900403,31.944804],[120.900403,31.944804],[120.900403,31.944804],[120.900403,31.944804],[120.900403,31.944804],[120.900403,31.944804],[120.900403,31.944804],[120.900403,31.944804],[120.900403,31.944804],[120.900403,31.944804],[120.900403,31.944804],[120.900403,31.944804],[120.900403,31.944804]]}}]}