{"type":"FeatureCollection","features":[{"type":"Feature","properties":{"id":"2026-09-12_cycling_49","type":"cycling","date":"2026-09-12"},"geometry":{"type":"LineString","coordinates":[[108.938273,34.253462],[108.938279,34.253461],[108.938285,34.253459],[108.93829,34.253456],[108.938301,34.253464],[108.938299,34.253461],[108.938294,34.253461],[108.938285,34.253462],[108.938273,34.253465],[108.938249,34.25346],[108.938233,34.253466],[108.938213,34.253473],[108.938191,34.253478],[108.938167,34.253481],[108.938139,34.253481],[108.938111,34.253481],[108.93807,34.25348],[108.938026,34.25348],[108.93798,34.253482],[108.937934,34.253485],[108.937887,34.25349],[108.937849,34.253495],[108.937812,34.253498],[108.937777,34.253498],[108.937742,34.253495],[108.937708,34.253487],[108.937674,34.253476],[108.93764,34.253466],[108.937606,34.253456],[108.93757,34.253451],[108.937533,34.25345],[108.937493,34.253453],[108.937451,34.253457],[108.937402,34.253461],[108.937351,34.253464],[108.937299,34.253465],[108.937247,34.253463],[108.937195,34.253461],[108.937151,34.25346],[108.937108,34.253459],[108.937066,34.253459],[108.937026,34.253461],[108.936987,34.253462],[108.936949,34.253465],[108.936912,34.253469],[108.936874,34.253474],[108.936833,34.25348],[108.93679,34.253486],[108.936743,34.253492],[108.936694,34.253496],[108.936645,34.253491],[108.93659,34.253487],[108.936535,34.253483],[108.936482,34.253476],[108.93643,34.253469],[108.93638,34.253467],[108.936338,34.253462],[108.936298,34.253458],[108.93626,34.253454],[108.936222,34.253451],[108.936184,34.253448],[108.93615,34.253449],[108.936112,34.253447],[108.936073,34.253444],[108.936039,34.253445],[108.936001,34.253443],[108.935962,34.25344],[108.935922,34.25344],[108.935882,34.253442],[108.935835,34.253445],[108.93579,34.253451],[108.935741,34.253455],[108.935697,34.25346],[108.93565,34.253465],[108.935605,34.253466],[108.935561,34.253466],[108.935518,34.253467],[108.935474,34.253466],[108.935429,34.253463],[108.935386,34.253463],[108.935343,34.253465],[108.935301,34.253468],[108.935259,34.25347],[108.93522,34.253476],[108.935174,34.253481],[108.935127,34.253483],[108.93508,34.253481],[108.935035,34.253478],[108.93499,34.25347],[108.934954,34.253462],[108.93492,34.253453],[108.934887,34.253445],[108.934856,34.25344],[108.934826,34.253437],[108.934795,34.253432],[108.934762,34.25343],[108.934726,34.253428],[108.934685,34.253426],[108.934641,34.253425],[108.934594,34.253424],[108.934547,34.253425],[108.934492,34.253428],[108.934441,34.253431],[108.93439,34.253435],[108.934341,34.253438],[108.934292,34.25344],[108.934252,34.253441],[108.934211,34.25344],[108.93417,34.25344],[108.934127,34.253439],[108.934083,34.253438],[108.934039,34.253438],[108.933994,34.253439],[108.933948,34.253439],[108.933903,34.253438],[108.933863,34.253436],[108.933821,34.253432],[108.933781,34.253427],[108.933732,34.25342],[108.933683,34.253414],[108.933631,34.25341],[108.93358,34.253409],[108.93353,34.253411],[108.93349,34.253414],[108.933451,34.253418],[108.933411,34.253422],[108.933371,34.253426],[108.93333,34.25343],[108.933291,34.253432],[108.933251,34.253433],[108.93321,34.253434],[108.93317,34.253435],[108.933127,34.253435],[108.933084,34.253435],[108.933041,34.253436],[108.932991,34.253436],[108.932942,34.253435],[108.932895,34.253436],[108.932847,34.253434],[108.932797,34.253432],[108.932754,34.253431],[108.932711,34.25343],[108.932669,34.25343],[108.932629,34.253431],[108.93259,34.253433],[108.932551,34.253436],[108.932511,34.25344],[108.932472,34.253443],[108.932431,34.253447],[108.93239,34.253449],[108.93235,34.253451],[108.932311,34.253452],[108.932267,34.253454],[108.932224,34.253454],[108.932183,34.253455],[108.932142,34.253452],[108.932103,34.253452],[108.93207,34.253451],[108.932037,34.253449],[108.932003,34.253447],[108.93197,34.253447],[108.931935,34.253445],[108.9319,34.253443],[108.931863,34.253443],[108.931826,34.253443],[108.931789,34.253443],[108.931751,34.253441],[108.931714,34.25344],[108.931678,34.253438],[108.931636,34.253437],[108.931593,34.253433],[108.931551,34.253431],[108.931509,34.253428],[108.931467,34.253426],[108.931432,34.253424],[108.931398,34.253426],[108.931364,34.253428],[108.931332,34.253431],[108.931299,34.253434],[108.931265,34.253436],[108.931232,34.253437],[108.931197,34.253437],[108.931163,34.253438],[108.931128,34.253439],[108.931093,34.253441],[108.931058,34.253443],[108.931015,34.253446],[108.930973,34.25345],[108.930931,34.253453],[108.93089,34.253454],[108.930847,34.253455],[108.93081,34.253454],[108.930772,34.253453],[108.930733,34.253452],[108.930693,34.253451],[108.930653,34.25345],[108.930614,34.25345],[108.930575,34.253449],[108.930537,34.253448],[108.930499,34.253447],[108.930462,34.253446],[108.930425,34.253444],[108.930389,34.253442],[108.930347,34.25344],[108.930306,34.253439],[108.930265,34.253438],[108.930222,34.253437],[108.930177,34.253436],[108.930138,34.253434],[108.930097,34.253431],[108.930058,34.253428],[108.930018,34.253424],[108.92998,34.25342],[108.929941,34.253418],[108.929901,34.253418],[108.929861,34.253421],[108.929822,34.253428],[108.929783,34.253437],[108.929745,34.253446],[108.929709,34.253455],[108.929665,34.253461],[108.929622,34.253466],[108.929578,34.253468],[108.929534,34.253468],[108.929491,34.253468],[108.929455,34.253467],[108.92942,34.253465],[108.929385,34.253462],[108.92935,34.253459],[108.929314,34.253456],[108.929278,34.253453],[108.929242,34.25345],[108.929206,34.253449],[108.929169,34.253449],[108.929133,34.25345],[108.929096,34.253453],[108.929059,34.253456],[108.929016,34.253457],[108.928972,34.253457],[108.928928,34.253456],[108.928883,34.253452],[108.928838,34.253448],[108.928798,34.253443],[108.928757,34.253438],[108.928715,34.253434],[108.928675,34.253429],[108.928637,34.253424],[108.9286,34.253419],[108.928564,34.253415],[108.928529,34.253412],[108.928494,34.253411],[108.928461,34.253412],[108.928429,34.253414],[108.928399,34.253416],[108.92836,34.253418],[108.928318,34.253421],[108.928271,34.253423],[108.92822,34.253426],[108.928167,34.253426],[108.928123,34.253423],[108.928079,34.253416],[108.928038,34.253407],[108.927998,34.253396],[108.927958,34.253387],[108.927919,34.253378],[108.927877,34.253371],[108.927835,34.253367],[108.927793,34.253364],[108.927754,34.253361],[108.927716,34.253357],[108.927682,34.253353],[108.927645,34.253349],[108.927611,34.253347],[108.927578,34.25335],[108.927547,34.253357],[108.927518,34.25337],[108.927494,34.253383],[108.927468,34.253396],[108.92744,34.253407],[108.927408,34.253417],[108.927375,34.253425],[108.927339,34.253432],[108.927304,34.253439],[108.92727,34.253446],[108.927236,34.253452],[108.927202,34.253457],[108.927168,34.253461],[108.927133,34.253464],[108.927089,34.253467],[108.927043,34.25347],[108.926996,34.253472],[108.926949,34.253474],[108.9269,34.253474],[108.926858,34.253474],[108.926817,34.253472],[108.926776,34.25347],[108.926734,34.253469],[108.926693,34.253467],[108.926653,34.253466],[108.926613,34.253466],[108.926574,34.253467],[108.926535,34.253467],[108.926497,34.253467],[108.926459,34.253465],[108.926422,34.253462],[108.926379,34.253456],[108.926335,34.253449],[108.926291,34.253442],[108.926245,34.253437],[108.926199,34.253434],[108.926159,34.253435],[108.926119,34.253438],[108.926079,34.253442],[108.926039,34.253447],[108.926,34.253451],[108.925962,34.253454],[108.925925,34.253455],[108.925888,34.253456],[108.925851,34.253455],[108.925814,34.253454],[108.925778,34.253452],[108.925742,34.25345],[108.925698,34.253449],[108.925654,34.253448],[108.925609,34.253448],[108.925563,34.253448],[108.925517,34.253449],[108.925479,34.253449],[108.925441,34.253449],[108.925403,34.253449],[108.925365,34.25345],[108.925328,34.25345],[108.925292,34.253451],[108.925256,34.253452],[108.925221,34.253454],[108.925186,34.253454],[108.925151,34.253452],[108.925115,34.253449],[108.925081,34.253446],[108.92504,34.253445],[108.925,34.253446],[108.924962,34.253449],[108.924924,34.253455],[108.924886,34.253461],[108.924857,34.253465],[108.924827,34.253466],[108.924798,34.253466],[108.924768,34.253464],[108.924739,34.25346],[108.924708,34.253457],[108.924677,34.253454],[108.924645,34.253451],[108.924611,34.253449],[108.924577,34.253447],[108.92454,34.253445],[108.924503,34.253443],[108.924457,34.253442],[108.924409,34.253442],[108.92436,34.253443],[108.92431,34.253444],[108.92426,34.253446],[108.924217,34.253446],[108.924175,34.253447],[108.924134,34.253446],[108.924093,34.253446],[108.924052,34.253445],[108.924011,34.253444],[108.92397,34.253443],[108.923929,34.253443],[108.92389,34.253443],[108.923852,34.253443],[108.923814,34.253445],[108.923777,34.253447],[108.923731,34.253451],[108.923683,34.253455],[108.923634,34.253459],[108.923586,34.253465],[108.923539,34.253467],[108.9235,34.253469],[108.923461,34.253469],[108.923424,34.253469],[108.923387,34.253468],[108.923349,34.253467],[108.923312,34.253464],[108.923275,34.253461],[108.923238,34.253459],[108.923201,34.253457],[108.923164,34.253456],[108.923129,34.253456],[108.923093,34.253455],[108.923049,34.253453],[108.923004,34.253452],[108.922961,34.253451],[108.922917,34.253451],[108.922874,34.253451],[108.922839,34.253453],[108.922805,34.253456],[108.92277,34.253459],[108.922735,34.253464],[108.922702,34.253468],[108.922671,34.253472],[108.922639,34.253474],[108.922607,34.253474],[108.922575,34.253473],[108.922542,34.253472],[108.922507,34.253471],[108.922473,34.25347],[108.922431,34.253465],[108.922389,34.25346],[108.922347,34.253454],[108.922305,34.253448],[108.922262,34.253443],[108.922228,34.253443],[108.922194,34.253444],[108.922159,34.253447],[108.922123,34.253449],[108.922087,34.253452],[108.922049,34.253456],[108.922013,34.253458],[108.921978,34.25346],[108.921944,34.253462],[108.921912,34.253463],[108.92188,34.253463],[108.921848,34.253463],[108.921809,34.253462],[108.92177,34.25346],[108.921731,34.253457],[108.921693,34.253455],[108.921657,34.253452],[108.921629,34.253449],[108.921601,34.253446],[108.921571,34.253444],[108.92154,34.25344],[108.921508,34.253436],[108.921476,34.253432],[108.921444,34.253427],[108.921413,34.253422],[108.921382,34.253418],[108.92135,34.253414],[108.921316,34.25341],[108.921283,34.253406],[108.921243,34.253401],[108.921205,34.253399],[108.921168,34.253398],[108.921132,34.253402],[108.921098,34.253408],[108.92107,34.253417],[108.921044,34.253426],[108.921019,34.253436],[108.920998,34.253446],[108.920979,34.253456],[108.920964,34.253466],[108.92095,34.253478],[108.920938,34.253492],[108.920928,34.253507],[108.92092,34.253522],[108.920912,34.253537],[108.920905,34.25355],[108.920893,34.253565],[108.920879,34.253578],[108.920863,34.253591],[108.920845,34.253604],[108.920828,34.253617],[108.920815,34.25363],[108.920806,34.253644],[108.9208,34.253657],[108.920796,34.253668],[108.920795,34.253676],[108.920796,34.25368],[108.920797,34.25368],[108.920798,34.253677],[108.920799,34.253673],[108.920799,34.253669],[108.920799,34.253666],[108.920798,34.253664],[108.920798,34.253663],[108.920798,34.253662],[108.920798,34.253662],[108.920798,34.253662],[108.920798,34.253662],[108.920798,34.253662],[108.920798,34.253662],[108.920798,34.253662],[108.920798,34.253662],[108.920798,34.253662],[108.920798,34.253662],[108.920798,34.253662],[108.920798,34.253662],[108.920798,34.253662],[108.920798,34.253662],[108.920798,34.253662],[108.920798,34.253662],[108.920798,34.253662],[108.920798,34.253662],[108.920798,34.253662],[108.920798,34.253662],[108.920798,34.253662],[108.920798,34.253662],[108.920798,34.253662],[108.920798,34.253662],[108.920798,34.253662],[108.920798,34.253662],[108.920798,34.253662],[108.920798,34.253662],[108.920798,34.253662],[108.920798,34.253662],[108.920797,34.253661],[108.920796,34.253661],[108.920795,34.25366],[108.920795,34.25366],[108.920794,34.25366],[108.920794,34.25366],[108.920794,34.25366],[108.920794,34.25366],[108.920794,34.25366],[108.920794,34.25366],[108.920794,34.25366],[108.920794,34.25366],[108.920794,34.25366],[108.920794,34.25366],[108.920794,34.25366],[108.920794,34.25366],[108.920794,34.25366],[108.920794,34.25366],[108.920794,34.25366],[108.920794,34.25366],[108.920794,34.25366],[108.920794,34.25366],[108.920794,34.25366],[108.920794,34.25366],[108.920794,34.25366],[108.920795,34.25366],[108.920795,34.253663],[108.920795,34.253667],[108.920795,34.253674],[108.920793,34.253685],[108.920789,34.253698],[108.920783,34.253714],[108.920777,34.253731],[108.92077,34.253751],[108.920764,34.253772],[108.920761,34.253796],[108.920761,34.25382],[108.920761,34.253849],[108.920762,34.253879],[108.920762,34.253909],[108.920761,34.253939],[108.920758,34.253969],[108.920755,34.253994],[108.920753,34.25402],[108.920752,34.254047],[108.920751,34.254074],[108.920752,34.254102],[108.920752,34.254129],[108.920753,34.254156],[108.920754,34.254183],[108.920754,34.254209],[108.920754,34.254236],[108.920754,34.254264],[108.920754,34.254293],[108.920752,34.254328],[108.920751,34.254364],[108.920749,34.254399],[108.920747,34.254434],[108.920747,34.254468],[108.920749,34.254496],[108.920752,34.254525],[108.920755,34.254554],[108.920757,34.254584],[108.920759,34.254614],[108.920759,34.254644],[108.920758,34.254674],[108.920755,34.254704],[108.920751,34.254734],[108.920746,34.254764],[108.920742,34.254793],[108.920738,34.254823],[108.920737,34.25486],[108.920736,34.254897],[108.920736,34.254934],[108.920736,34.254972],[108.920737,34.25501],[108.920736,34.25504],[108.920735,34.255069],[108.920734,34.255099],[108.920733,34.255128],[108.920732,34.255158],[108.92073,34.255188],[108.92073,34.255218],[108.92073,34.255248],[108.92073,34.255278],[108.920731,34.255309],[108.920732,34.255339],[108.920734,34.25537],[108.920736,34.255407],[108.920737,34.255444],[108.920739,34.25548],[108.92074,34.255516],[108.920741,34.255552],[108.92074,34.255583],[108.920738,34.255616],[108.920737,34.25565],[108.920735,34.255685],[108.920734,34.255721],[108.920733,34.255758],[108.920732,34.255794],[108.920731,34.255829],[108.920731,34.255864],[108.920733,34.2559],[108.920737,34.255935],[108.920743,34.25597],[108.920749,34.256013],[108.920755,34.256056],[108.920757,34.2561],[108.920757,34.256144],[108.920754,34.256187],[108.920751,34.256224],[108.920748,34.256259],[108.920747,34.256294],[108.920745,34.256328],[108.920744,34.256362],[108.920743,34.256397],[108.920742,34.256431],[108.92074,34.256465],[108.920739,34.256499],[108.920737,34.256531],[108.920735,34.256564],[108.920732,34.256596],[108.920732,34.256633],[108.920732,34.256673],[108.920734,34.256713],[108.920737,34.256753],[108.920741,34.256794],[108.920743,34.25683],[108.920745,34.256866],[108.920745,34.256901],[108.920743,34.256937],[108.920741,34.256971],[108.920738,34.257005],[108.920735,34.257038],[108.920731,34.257071],[108.920727,34.257104],[108.920723,34.257137],[108.920721,34.25717],[108.920719,34.257203],[108.92072,34.257243],[108.920722,34.257282],[108.920724,34.257322],[108.920724,34.25736],[108.920724,34.257397],[108.920723,34.257427],[108.920722,34.257457],[108.920721,34.257487],[108.920719,34.257518],[108.920716,34.257549],[108.920713,34.257579],[108.92071,34.257609],[108.920706,34.257639],[108.920703,34.257669],[108.9207,34.2577],[108.920697,34.257731],[108.920695,34.257763],[108.920695,34.257803],[108.920695,34.257843],[108.920696,34.257882],[108.920699,34.257921],[108.920701,34.25796],[108.920703,34.257991],[108.920705,34.258022],[108.920707,34.258054],[108.920709,34.258086],[108.920711,34.258118],[108.920712,34.258152],[108.920713,34.258187],[108.920714,34.258223],[108.920715,34.258259],[108.920716,34.258295],[108.920716,34.25833],[108.920718,34.258364],[108.920721,34.258404],[108.920723,34.258443],[108.920726,34.258483],[108.92073,34.258523],[108.920732,34.258563],[108.920734,34.258596],[108.920734,34.258628],[108.920734,34.25866],[108.920732,34.258692],[108.920729,34.258723],[108.920725,34.258753],[108.920721,34.258783],[108.920717,34.258812],[108.920713,34.258842],[108.920708,34.258871],[108.920704,34.258901],[108.9207,34.258929],[108.920696,34.258963],[108.920694,34.258997],[108.920692,34.259031],[108.920691,34.259066],[108.92069,34.259103],[108.92069,34.259134],[108.92069,34.259165],[108.920689,34.259195],[108.920688,34.259223],[108.920687,34.259249],[108.920684,34.259273],[108.92068,34.259298],[108.920675,34.259324],[108.920668,34.259352],[108.920662,34.25938],[108.920657,34.25941],[108.920653,34.25944],[108.920652,34.259475],[108.920653,34.25951],[108.920655,34.259546],[108.92066,34.259583],[108.920666,34.25962],[108.920673,34.259652],[108.920682,34.259685],[108.92069,34.259718],[108.920698,34.25975],[108.920705,34.259784],[108.92071,34.259817],[108.920714,34.259851],[108.920717,34.259884],[108.920719,34.259917],[108.920723,34.259949],[108.920726,34.259981],[108.92073,34.260012],[108.920734,34.260048],[108.920737,34.260084],[108.92074,34.26012],[108.920741,34.260155],[108.920742,34.260189],[108.920743,34.260217],[108.920744,34.260245],[108.920743,34.260273],[108.920742,34.260301],[108.92074,34.260329],[108.920737,34.260357],[108.920734,34.260384],[108.920731,34.260411],[108.920726,34.260437],[108.920719,34.260463],[108.920712,34.260489],[108.920705,34.260514],[108.920692,34.260543],[108.920675,34.260568],[108.920652,34.260589],[108.920622,34.260604],[108.920585,34.260613],[108.920547,34.260612],[108.920506,34.26061],[108.920465,34.260607],[108.920423,34.260603],[108.920384,34.2606],[108.920349,34.260597],[108.920319,34.260594],[108.920291,34.26059],[108.920264,34.260587],[108.920239,34.260586],[108.920214,34.260585],[108.92019,34.260586],[108.920163,34.260587],[108.920139,34.260587],[108.920117,34.260588],[108.920098,34.260589],[108.920082,34.26059],[108.920069,34.260594],[108.920056,34.2606],[108.920043,34.260608],[108.920031,34.260619],[108.92002,34.260633],[108.920012,34.260647],[108.920005,34.26066],[108.92,34.260671],[108.919995,34.260682],[108.919989,34.260692],[108.919986,34.260701],[108.919983,34.260712],[108.919984,34.260725],[108.919988,34.260739],[108.919993,34.260754],[108.919997,34.26077],[108.92,34.260788],[108.920001,34.260805],[108.920001,34.260824],[108.920002,34.260846],[108.920002,34.260868],[108.920001,34.260892],[108.920002,34.260915],[108.920002,34.260939],[108.920001,34.260961],[108.920001,34.260984],[108.920002,34.261005],[108.920004,34.261026],[108.920006,34.261047],[108.920009,34.261074],[108.92001,34.261104],[108.920008,34.261135],[108.920006,34.261167],[108.920003,34.261199],[108.920001,34.261226],[108.920002,34.261254],[108.920009,34.26128],[108.920022,34.261304],[108.920043,34.261326],[108.920069,34.261342],[108.920102,34.261352],[108.920141,34.261358],[108.920181,34.261359],[108.920221,34.261358],[108.92026,34.261356],[108.920297,34.261354],[108.920338,34.261352],[108.920378,34.261353],[108.920417,34.261356],[108.920455,34.261361],[108.920493,34.261367],[108.920522,34.261373],[108.920549,34.261378],[108.92057,34.26138],[108.920588,34.261382],[108.920601,34.261383],[108.92061,34.261384],[108.920617,34.261386],[108.920625,34.261389],[108.920635,34.261393],[108.920645,34.261397],[108.920656,34.261403],[108.920666,34.261412],[108.920669,34.261426],[108.920667,34.261442],[108.92066,34.261458],[108.92065,34.261474],[108.92064,34.261488],[108.920634,34.261495],[108.920631,34.261498],[108.920631,34.261499],[108.920633,34.261498],[108.920635,34.261497],[108.920636,34.261495],[108.920637,34.261494],[108.920637,34.261494],[108.920637,34.261494],[108.920637,34.261494],[108.920637,34.261494],[108.920637,34.261494],[108.920637,34.261494],[108.920637,34.261494],[108.920637,34.261494],[108.920637,34.261494],[108.920637,34.261494],[108.920637,34.261494],[108.920637,34.261494],[108.920637,34.261494],[108.920637,34.261494],[108.920637,34.261494],[108.920637,34.261494],[108.920637,34.261494],[108.920637,34.261494],[108.920637,34.261494],[108.920638,34.261494],[108.920638,34.261494],[108.920638,34.261493],[108.920638,34.261493],[108.920638,34.261492],[108.920638,34.261492],[108.920638,34.261492],[108.920638,34.261492],[108.920638,34.261492],[108.920638,34.261492],[108.920638,34.261492],[108.920638,34.261492],[108.920638,34.261492],[108.920638,34.261492],[108.920638,34.261492],[108.920638,34.261492],[108.920638,34.261492],[108.920638,34.261492],[108.920638,34.261492],[108.920638,34.261492],[108.920638,34.261492],[108.920638,34.261492],[108.920638,34.261492],[108.920638,34.261492],[108.920638,34.261492],[108.920638,34.261492],[108.920638,34.261492],[108.920638,34.261492],[108.920638,34.261492],[108.920638,34.261492],[108.920638,34.261492],[108.920638,34.261492],[108.920638,34.261492],[108.920638,34.261492],[108.920638,34.261492],[108.920638,34.261492],[108.920638,34.261492],[108.920638,34.261492],[108.920638,34.261492],[108.920638,34.261492],[108.920638,34.261492],[108.920638,34.261492],[108.920638,34.261492],[108.920638,34.261492],[108.920638,34.261492],[108.920638,34.261492],[108.920638,34.261492],[108.920638,34.261492],[108.920638,34.261492],[108.920638,34.261492],[108.920638,34.261492],[108.920638,34.261492],[108.920638,34.261492],[108.920638,34.261492],[108.920638,34.261492],[108.920638,34.261492],[108.920638,34.261492],[108.920637,34.261492],[108.920639,34.261493],[108.920642,34.261497],[108.920646,34.261503],[108.920653,34.261513],[108.920662,34.261528],[108.92067,34.261545],[108.920678,34.261564],[108.920686,34.261586],[108.920692,34.261608],[108.920696,34.261632],[108.9207,34.261657],[108.920703,34.261682],[108.920706,34.261708],[108.920709,34.261739],[108.920712,34.26177],[108.920714,34.261802],[108.920716,34.261833],[108.920718,34.261864],[108.920718,34.261891],[108.920717,34.261919],[108.920716,34.261949],[108.920714,34.26198],[108.920711,34.262012],[108.920708,34.262045],[108.920705,34.262077],[108.920703,34.26211],[108.9207,34.262143],[108.920699,34.262177],[108.920698,34.262211],[108.920699,34.262245],[108.920702,34.262287],[108.920704,34.262329],[108.920707,34.262372],[108.920711,34.262415],[108.920714,34.262458],[108.920716,34.262495],[108.920717,34.262531],[108.920718,34.262567],[108.920716,34.262604],[108.920713,34.262638],[108.92071,34.262671],[108.920706,34.262704],[108.920703,34.262736],[108.920702,34.262768],[108.920702,34.262801],[108.920704,34.262835],[108.920706,34.262868],[108.920709,34.262907],[108.920713,34.262946],[108.920716,34.262985],[108.920717,34.263024],[108.920718,34.263063],[108.920717,34.263097],[108.920716,34.263131],[108.920715,34.263165],[108.920715,34.263199],[108.920716,34.263234],[108.920718,34.263269],[108.92072,34.263304],[108.920722,34.263339],[108.920723,34.263374],[108.920723,34.263409],[108.92072,34.263443],[108.920716,34.263477],[108.920713,34.263519],[108.920712,34.26356],[108.920713,34.263601],[108.920715,34.263642],[108.920718,34.263684],[108.920718,34.263718],[108.920718,34.263752],[108.920718,34.263785],[108.920717,34.263819],[108.920717,34.263854],[108.920717,34.263891],[108.920717,34.263928],[108.920717,34.263967],[108.920717,34.264006],[108.920717,34.264046],[108.920717,34.264085],[108.920717,34.264123],[108.920717,34.264169],[108.920716,34.264215],[108.920715,34.264259],[108.920715,34.264304],[108.920717,34.26435],[108.92072,34.264388],[108.920725,34.264426],[108.920729,34.264465],[108.920732,34.264505],[108.920733,34.264545],[108.920732,34.264585],[108.92073,34.264624],[108.920726,34.264664],[108.920721,34.264704],[108.920718,34.264743],[108.920715,34.264782],[108.920714,34.26482],[108.920714,34.264867],[108.920714,34.264914],[108.920714,34.264962],[108.920714,34.26501],[108.920714,34.265059],[108.920713,34.265099],[108.920712,34.265138],[108.920711,34.265175],[108.92071,34.265212],[108.920708,34.265248],[108.920706,34.265283],[108.920704,34.265318],[108.920704,34.265352],[108.920704,34.265386],[108.920705,34.265419],[108.920706,34.265452],[108.920708,34.265485],[108.92071,34.265524],[108.920712,34.265564],[108.920714,34.265606],[108.920716,34.265647],[108.920717,34.265689],[108.920717,34.265725],[108.920717,34.265761],[108.920717,34.265797],[108.920718,34.265834],[108.920719,34.26587],[108.92072,34.265906],[108.920722,34.265941],[108.920722,34.265975],[108.920723,34.266009],[108.920724,34.266042],[108.920724,34.266075],[108.920724,34.266109],[108.920723,34.266151],[108.920721,34.266193],[108.920718,34.266236],[108.920715,34.26628],[108.920712,34.266323],[108.920709,34.266359],[108.920707,34.266395],[108.920703,34.26643],[108.9207,34.266465],[108.920698,34.266499],[108.920696,34.266533],[108.920694,34.266567],[108.920692,34.266601],[108.92069,34.266634],[108.920689,34.266668],[108.920688,34.266701],[108.920689,34.266733],[108.920691,34.266771],[108.920695,34.26681],[108.920699,34.266849],[108.920702,34.266891],[108.920705,34.266932],[108.920707,34.266966],[108.920708,34.267001],[108.920709,34.267034],[108.920708,34.267067],[108.920707,34.267101],[108.920706,34.267136],[108.920706,34.26717],[108.920706,34.267204],[108.920706,34.267238],[108.920705,34.267271],[108.920705,34.267303],[108.920704,34.267337],[108.920704,34.267377],[108.920704,34.26742],[108.920705,34.267462],[108.920706,34.267503],[108.920707,34.267544],[108.920706,34.267577],[108.920704,34.267608],[108.920701,34.26764],[108.9207,34.267671],[108.920699,34.267702],[108.9207,34.267735],[108.920701,34.267768],[108.920702,34.267802],[108.920703,34.267837],[108.920703,34.267873],[108.920702,34.267907],[108.920702,34.267941],[108.920704,34.267981],[108.920706,34.26802],[108.920707,34.268059],[108.920709,34.268099],[108.92071,34.268138],[108.92071,34.268171],[108.920709,34.268204],[108.920708,34.268237],[108.920708,34.268269],[108.920709,34.268302],[108.920712,34.268336],[108.920715,34.26837],[108.920719,34.268404],[108.920721,34.268438],[108.920723,34.268471],[108.920725,34.268504],[108.920726,34.268536],[108.920725,34.268574],[108.920722,34.268611],[108.920718,34.268647],[108.920712,34.268685],[108.920706,34.268722],[108.920701,34.268755],[108.920698,34.268787],[108.920696,34.268819],[108.920694,34.268851],[108.920692,34.268881],[108.920691,34.26891],[108.92069,34.26894],[108.920689,34.26897],[108.920689,34.269],[108.920689,34.26903],[108.92069,34.269061],[108.920692,34.26909],[108.920695,34.269127],[108.920698,34.269163],[108.920701,34.269199],[108.920703,34.269234],[108.920703,34.269271],[108.920702,34.269301],[108.920701,34.269331],[108.920701,34.269362],[108.920701,34.269392],[108.920702,34.269423],[108.920704,34.269454],[108.920706,34.269487],[108.920707,34.26952],[108.920706,34.269552],[108.920706,34.269584],[108.920706,34.269616],[108.920706,34.269647],[108.920708,34.269685],[108.92071,34.269724],[108.920713,34.269764],[108.920715,34.269805],[108.920717,34.269846],[108.920719,34.269879],[108.920721,34.269911],[108.920725,34.269943],[108.92073,34.269975],[108.920735,34.270007],[108.92074,34.27004],[108.920744,34.270073],[108.920745,34.270106],[108.920744,34.270139],[108.92074,34.270173],[108.920735,34.270207],[108.920729,34.270242],[108.920723,34.270275],[108.920718,34.270309],[108.920715,34.270342],[108.920713,34.270374],[108.920714,34.270406],[108.920716,34.270438],[108.92072,34.270471],[108.920724,34.270504],[108.920728,34.270536],[108.920731,34.270568],[108.920733,34.270599],[108.920734,34.27063],[108.920732,34.27066],[108.92073,34.270691],[108.920726,34.270722],[108.920722,34.270752],[108.920718,34.270782],[108.920715,34.270814],[108.920713,34.270853],[108.920711,34.270892],[108.92071,34.270931],[108.92071,34.27097],[108.920711,34.271007],[108.920712,34.271039],[108.920714,34.27107],[108.920717,34.271103],[108.920719,34.271136],[108.920721,34.271168],[108.920722,34.2712],[108.920723,34.271231],[108.920723,34.271263],[108.920723,34.271296],[108.920724,34.271329],[108.920725,34.271362],[108.920726,34.271395],[108.920726,34.271434],[108.920725,34.271473],[108.920723,34.271513],[108.92072,34.271553],[108.920717,34.271594],[108.920714,34.271629],[108.920712,34.271663],[108.920711,34.271697],[108.920709,34.27173],[108.920708,34.271764],[108.920705,34.271797],[108.920704,34.271831],[108.920703,34.271865],[108.920702,34.271902],[108.920702,34.271939],[108.920702,34.271977],[108.920701,34.272016],[108.920701,34.272062],[108.920702,34.272107],[108.920702,34.272152],[108.920703,34.272196],[108.920703,34.27224],[108.920703,34.272279],[108.920702,34.272319],[108.920702,34.272361],[108.920702,34.272404],[108.920702,34.272449],[108.920702,34.272495],[108.920703,34.272539],[108.920704,34.272583],[108.920703,34.272624],[108.920702,34.272662],[108.920697,34.272695],[108.920689,34.272721],[108.920672,34.272739],[108.920655,34.272749],[108.920639,34.272753],[108.920625,34.272753],[108.920616,34.272751],[108.920616,34.272751],[108.920618,34.272751],[108.920621,34.272751],[108.920624,34.27275],[108.920624,34.272748],[108.920622,34.272745],[108.92062,34.272741],[108.920615,34.272738],[108.920612,34.272736],[108.920609,34.272735],[108.920607,34.272734],[108.920606,34.272733],[108.920606,34.272734],[108.920606,34.272734],[108.920606,34.272734],[108.920606,34.272734],[108.920607,34.272734],[108.920609,34.272735],[108.920609,34.272735],[108.92061,34.272734],[108.920611,34.272733],[108.920612,34.272732],[108.920613,34.272732],[108.920616,34.272734],[108.920618,34.272736],[108.920619,34.272738],[108.92062,34.27274],[108.92062,34.272741],[108.92062,34.272741],[108.920624,34.272741],[108.920631,34.272742],[108.920638,34.272745],[108.920644,34.272748],[108.920649,34.272751],[108.920648,34.272754],[108.920644,34.272756],[108.920637,34.272756],[108.920631,34.272756],[108.920626,34.272754],[108.920622,34.272752],[108.920619,34.272749],[108.920618,34.272745],[108.920619,34.272742],[108.92062,34.272738],[108.920622,34.272737],[108.920624,34.272737],[108.920624,34.272738],[108.920624,34.27274],[108.920624,34.272742],[108.920624,34.272743],[108.920623,34.272743],[108.920624,34.272744],[108.920624,34.272744],[108.920624,34.272745],[108.920624,34.272745],[108.920624,34.272745],[108.920624,34.272745],[108.920624,34.272746],[108.920623,34.272747],[108.920623,34.272748],[108.920623,34.272749],[108.920623,34.27275],[108.920623,34.27275],[108.920623,34.27275],[108.920623,34.27275],[108.920623,34.27275],[108.920623,34.27275],[108.920623,34.27275],[108.920623,34.27275],[108.920623,34.27275],[108.920623,34.27275],[108.920623,34.27275],[108.920623,34.27275],[108.920624,34.27275],[108.920625,34.272751],[108.920628,34.272752],[108.92063,34.272753],[108.920633,34.272753],[108.920634,34.272754],[108.920635,34.272754],[108.920635,34.272753],[108.920635,34.272753],[108.920635,34.272754],[108.920635,34.272754],[108.920635,34.272753],[108.920634,34.272752],[108.920633,34.27275],[108.920631,34.272749],[108.920629,34.272748],[108.920628,34.272747],[108.920627,34.272748],[108.920627,34.27275],[108.920627,34.27275],[108.920626,34.272749],[108.920625,34.272748],[108.920624,34.272746],[108.920625,34.272745],[108.920627,34.272745],[108.920628,34.272747],[108.920629,34.272749],[108.92063,34.272752],[108.92063,34.272756],[108.92063,34.272758],[108.92063,34.272762],[108.92063,34.272766],[108.920631,34.272773],[108.920633,34.272781],[108.920637,34.272791],[108.920641,34.272803],[108.920647,34.272819],[108.920653,34.272837],[108.920659,34.272857],[108.920666,34.272886],[108.920674,34.272923],[108.920683,34.272962],[108.920691,34.273003],[108.920698,34.273048],[108.920702,34.273089],[108.920703,34.273126],[108.920702,34.273163],[108.920702,34.2732],[108.920701,34.273235],[108.920701,34.273269],[108.920701,34.273303],[108.920701,34.273335],[108.9207,34.273368],[108.920697,34.2734],[108.920695,34.273433],[108.920693,34.273467],[108.920691,34.273503],[108.920691,34.273545],[108.920693,34.273589],[108.920695,34.273632],[108.920697,34.273674],[108.920699,34.273715],[108.920699,34.273749],[108.920699,34.273782],[108.920699,34.273815],[108.920698,34.273848],[108.920696,34.27388],[108.920695,34.273912],[108.920693,34.273945],[108.920691,34.273978],[108.92069,34.27401],[108.92069,34.274042],[108.920691,34.274075],[108.920691,34.274108],[108.920693,34.274149],[108.920695,34.274193],[108.920697,34.274237],[108.920698,34.274282],[108.920698,34.274328],[108.920697,34.274365],[108.920694,34.274403],[108.920691,34.27444],[108.920688,34.274477],[108.920686,34.274514],[108.920684,34.274552],[108.920684,34.27459],[108.920683,34.274629],[108.920683,34.274668],[108.920683,34.274707],[108.920683,34.274746],[108.920682,34.274785],[108.920681,34.274832],[108.92068,34.27488],[108.920679,34.274929],[108.920678,34.274981],[108.920676,34.275034],[108.920675,34.27508],[108.920674,34.275125],[108.920672,34.275171],[108.92067,34.275217],[108.920668,34.275263],[108.920666,34.27531],[108.920665,34.275358],[108.920665,34.275406],[108.920668,34.275455],[108.920671,34.275504],[108.920674,34.275552],[108.920677,34.2756],[108.920679,34.275654],[108.920679,34.275705],[108.920678,34.275755],[108.920678,34.275804],[108.920678,34.275851],[108.920677,34.275889],[108.920676,34.275929],[108.920674,34.27597],[108.920672,34.27601],[108.92067,34.27605],[108.920669,34.27609],[108.920669,34.276131],[108.920671,34.27617],[108.920673,34.27621],[108.920674,34.27625],[108.920674,34.276291],[108.920672,34.276332],[108.92067,34.276381],[108.920668,34.276431],[108.920666,34.276481],[108.920665,34.27653],[108.920663,34.276579],[108.920661,34.276618],[108.920658,34.276655],[108.920655,34.276694],[108.920653,34.276734],[108.920652,34.276774],[108.92065,34.276816],[108.920648,34.276858],[108.920643,34.276901],[108.920635,34.276943],[108.920622,34.276983],[108.920606,34.277022],[108.920588,34.27706],[108.920572,34.277099],[108.92056,34.277134],[108.920551,34.277165],[108.920542,34.277191],[108.92053,34.277212],[108.920513,34.277224],[108.920489,34.277233],[108.920463,34.27724],[108.92044,34.277243],[108.920425,34.277244],[108.920417,34.277247],[108.920417,34.277248],[108.920421,34.27725],[108.920426,34.277251],[108.920432,34.277253],[108.920438,34.277255],[108.920442,34.277257],[108.920448,34.27726],[108.920455,34.277263],[108.920463,34.277267],[108.920474,34.277271],[108.920488,34.277276],[108.920503,34.277281],[108.92052,34.277288],[108.920539,34.277294],[108.920557,34.277299],[108.920576,34.277303],[108.920596,34.277303],[108.920617,34.2773],[108.920637,34.277297],[108.920657,34.277295],[108.920674,34.277294],[108.920684,34.277294],[108.92069,34.277294],[108.920694,34.277294],[108.920694,34.277293],[108.920694,34.277292],[108.920694,34.277292],[108.920694,34.277292],[108.920694,34.277292],[108.920694,34.277292],[108.920694,34.277292],[108.920695,34.277293],[108.920696,34.277296],[108.920698,34.277302],[108.9207,34.27731],[108.920699,34.277323],[108.920697,34.277337],[108.920693,34.277351],[108.920689,34.277365],[108.920684,34.277375],[108.920682,34.277381],[108.920681,34.277384],[108.92068,34.277385],[108.920679,34.277384],[108.920676,34.277383],[108.920671,34.277382],[108.920664,34.277378],[108.920656,34.277373],[108.920648,34.277365],[108.920642,34.277354],[108.920637,34.277341],[108.920635,34.277327],[108.920635,34.277312],[108.920637,34.277299],[108.920642,34.277287],[108.920649,34.277276],[108.920658,34.277269],[108.920671,34.277265],[108.920685,34.277265],[108.920701,34.277266],[108.920717,34.27727],[108.920732,34.277274],[108.920745,34.277277],[108.92076,34.277279],[108.920779,34.27728],[108.920807,34.27728],[108.920841,34.277279],[108.920884,34.277277],[108.920932,34.277277],[108.920981,34.277277],[108.921026,34.277279],[108.921068,34.27728],[108.921108,34.277281],[108.921146,34.277281],[108.921191,34.27728],[108.921237,34.277278],[108.921282,34.277275],[108.921326,34.277272],[108.921366,34.277266],[108.921398,34.27726],[108.921428,34.277253],[108.92146,34.277247],[108.921492,34.27724],[108.921526,34.277235],[108.921563,34.277231],[108.921602,34.277228],[108.921641,34.277227],[108.921679,34.277227],[108.921718,34.277227],[108.921755,34.277227],[108.921791,34.277228],[108.921831,34.277227],[108.921868,34.277228],[108.921907,34.277228],[108.921945,34.277229],[108.921983,34.27723],[108.922018,34.277229],[108.922054,34.277228],[108.922091,34.277226],[108.922128,34.277225],[108.922165,34.277223],[108.922202,34.277223],[108.922239,34.277223],[108.922277,34.277223],[108.922317,34.277225],[108.922357,34.277226],[108.922397,34.277227],[108.922438,34.277228],[108.922487,34.27723],[108.922535,34.277231],[108.922581,34.277232],[108.922627,34.277232],[108.922672,34.277231],[108.92271,34.277229],[108.922748,34.277227],[108.922788,34.277226],[108.922828,34.277227],[108.922866,34.277229],[108.922903,34.27723],[108.92294,34.27723],[108.922976,34.277229],[108.923013,34.277227],[108.92305,34.277227],[108.923089,34.277227],[108.923129,34.277228],[108.923175,34.277229],[108.923221,34.27723],[108.923266,34.27723],[108.923311,34.277231],[108.923356,34.277232],[108.923392,34.277232],[108.92343,34.277233],[108.923468,34.277235],[108.923507,34.277238],[108.923545,34.27724],[108.923584,34.277242],[108.923622,34.277243],[108.923659,34.277243],[108.923694,34.277242],[108.923729,34.277241],[108.923764,34.277239],[108.923799,34.277238],[108.923843,34.277239],[108.923887,34.277239],[108.923931,34.277241],[108.923975,34.277242],[108.924021,34.277245],[108.924059,34.277248],[108.924099,34.277252],[108.92414,34.277254],[108.924179,34.277257],[108.924217,34.27726],[108.924252,34.277262],[108.924284,34.277262],[108.924317,34.277263],[108.92435,34.277262],[108.924385,34.277262],[108.924423,34.277261],[108.924461,34.277261],[108.924508,34.277261],[108.924553,34.277262],[108.924599,34.277262],[108.924645,34.277264],[108.924692,34.277266],[108.924731,34.277268],[108.924772,34.277272],[108.924812,34.277273],[108.924853,34.277275],[108.924896,34.277276],[108.924938,34.277275],[108.924979,34.277274],[108.92502,34.277273],[108.925061,34.277273],[108.925102,34.277275],[108.925142,34.277278],[108.925183,34.277283],[108.92523,34.277288],[108.925277,34.277292],[108.925325,34.277296],[108.925373,34.277298],[108.925422,34.277299],[108.925464,34.277299],[108.925506,34.277299],[108.925548,34.277301],[108.92559,34.277302],[108.925634,34.277303],[108.925677,34.277305],[108.925721,34.277307],[108.925765,34.277311],[108.925811,34.277315],[108.925857,34.27732],[108.925904,34.277326],[108.925953,34.277332],[108.926011,34.277337],[108.92607,34.27734],[108.926128,34.277342],[108.926185,34.277342],[108.926243,34.277341],[108.926291,34.277341],[108.926338,34.277341],[108.926386,34.277342],[108.926432,34.277343],[108.926478,34.277343],[108.926524,34.277342],[108.926569,34.277341],[108.926613,34.27734],[108.926657,34.277339],[108.926703,34.277339],[108.926748,34.277338],[108.926793,34.277338],[108.926844,34.277338],[108.926896,34.277338],[108.926947,34.277339],[108.926999,34.277339],[108.927049,34.277339],[108.92709,34.277337],[108.927131,34.277336],[108.927171,34.277334],[108.927211,34.277331],[108.927251,34.277329],[108.92729,34.277327],[108.927329,34.277327],[108.927368,34.277327],[108.927407,34.277326],[108.927448,34.277326],[108.927488,34.277325],[108.927527,34.277323],[108.927575,34.277321],[108.927623,34.27732],[108.927671,34.277319],[108.927719,34.277318],[108.927768,34.277317],[108.927809,34.277317],[108.92785,34.277315],[108.927892,34.277314],[108.927932,34.277313],[108.927972,34.277311],[108.928012,34.27731],[108.928052,34.277309],[108.928092,34.277309],[108.928132,34.27731],[108.928173,34.277311],[108.928213,34.277312],[108.928252,34.277313],[108.928298,34.277313],[108.928344,34.277312],[108.928389,34.277312],[108.928434,34.277311],[108.928482,34.277311],[108.928525,34.277312],[108.928568,34.277313],[108.928611,34.277316],[108.928656,34.277319],[108.928699,34.277321],[108.928743,34.277323],[108.928786,34.277324],[108.928827,34.277325],[108.928867,34.277327],[108.928907,34.27733],[108.928946,34.277331],[108.928984,34.277333],[108.929029,34.277334],[108.929073,34.277333],[108.929116,34.277331],[108.92916,34.27733],[108.929204,34.277328],[108.929243,34.277325],[108.92928,34.277322],[108.929319,34.277319],[108.929359,34.277316],[108.929398,34.277312],[108.929438,34.277308],[108.929477,34.277305],[108.929515,34.277303],[108.929552,34.277303],[108.929588,34.277304],[108.929623,34.277307],[108.929658,34.27731],[108.929699,34.277314],[108.929741,34.277318],[108.929784,34.277322],[108.929827,34.277326],[108.929873,34.27733],[108.929912,34.277332],[108.929953,34.277334],[108.929996,34.277336],[108.930039,34.277339],[108.930082,34.277342],[108.930125,34.277344],[108.930168,34.277347],[108.930209,34.277349],[108.930249,34.277351],[108.930287,34.277353],[108.930324,34.277355],[108.930359,34.277356],[108.930402,34.277356],[108.930444,34.277356],[108.930488,34.277355],[108.930532,34.277353],[108.930578,34.277351],[108.930618,34.277349],[108.93066,34.277347],[108.930703,34.277345],[108.930746,34.277342],[108.930789,34.277341],[108.930833,34.277342],[108.930877,34.277343],[108.930919,34.277345],[108.930961,34.277347],[108.931002,34.277349],[108.931042,34.277349],[108.931082,34.277348],[108.93113,34.277342],[108.931178,34.277333],[108.931227,34.277323],[108.931276,34.277314],[108.931325,34.277308],[108.931365,34.277309],[108.931407,34.277313],[108.931448,34.277318],[108.93149,34.277324],[108.931532,34.277328],[108.931575,34.277331],[108.931617,34.277333],[108.931661,34.277335],[108.931706,34.277336],[108.931749,34.277338],[108.931794,34.277341],[108.93184,34.277343],[108.931885,34.277345],[108.931928,34.277347],[108.931974,34.27735],[108.932019,34.277352],[108.932063,34.277355],[108.932104,34.277357],[108.932143,34.277359],[108.93218,34.277361],[108.932216,34.277363],[108.932251,34.277366],[108.932285,34.277369],[108.93232,34.27737],[108.932353,34.277368],[108.932386,34.277363],[108.932417,34.277356],[108.932447,34.277347],[108.932476,34.277338],[108.932508,34.277332],[108.932539,34.277327],[108.932571,34.277324],[108.9326,34.277324],[108.932628,34.277326],[108.932648,34.277328],[108.932663,34.277331],[108.932672,34.277333],[108.932674,34.277335],[108.932673,34.277336],[108.932671,34.277337],[108.932668,34.277337],[108.932667,34.277336],[108.932667,34.277336],[108.932667,34.277336],[108.932667,34.277336],[108.932667,34.277336],[108.932663,34.277334],[108.93266,34.277333],[108.932657,34.277331],[108.932653,34.277329],[108.93265,34.277328],[108.93265,34.277328],[108.93265,34.277328],[108.93265,34.277328],[108.93265,34.277328],[108.93265,34.277328],[108.93265,34.277328],[108.93265,34.277328],[108.93265,34.277328],[108.93265,34.277328],[108.93265,34.277328],[108.93265,34.277328],[108.93265,34.277328],[108.93265,34.277328],[108.93265,34.277328],[108.93265,34.277328],[108.93265,34.277328],[108.93265,34.277328],[108.93265,34.277328],[108.93265,34.277328],[108.93265,34.277328],[108.93265,34.277328],[108.93265,34.277328],[108.93265,34.277328],[108.93265,34.277328],[108.93265,34.277328],[108.93265,34.277328],[108.93265,34.277328],[108.93265,34.277328],[108.93265,34.277328],[108.93265,34.277328],[108.93265,34.277328],[108.93265,34.277328],[108.93265,34.277328],[108.93265,34.277328],[108.93265,34.277328],[108.93265,34.277328],[108.93265,34.277328],[108.93265,34.277328],[108.93265,34.277328],[108.93265,34.277328],[108.93265,34.277328],[108.93265,34.277328],[108.932649,34.277328],[108.932648,34.277328],[108.932648,34.277328],[108.932647,34.277328],[108.932646,34.277328],[108.932646,34.277328],[108.932646,34.277328],[108.932646,34.277328],[108.932646,34.277328],[108.932646,34.277328],[108.932646,34.277328],[108.932646,34.277328],[108.932646,34.277328],[108.932646,34.277328],[108.932646,34.277328],[108.932646,34.277328],[108.932646,34.277328],[108.932646,34.277328],[108.932646,34.277328],[108.932646,34.277328],[108.932646,34.277328],[108.932646,34.277328],[108.932646,34.277328],[108.932646,34.277328],[108.932646,34.277328],[108.932646,34.277328],[108.932646,34.277328],[108.932646,34.277328],[108.932646,34.277328],[108.932646,34.277328],[108.932646,34.277328],[108.932646,34.277328],[108.932646,34.277328],[108.932646,34.277328],[108.932646,34.277328],[108.932646,34.277328],[108.932646,34.277328],[108.932647,34.277328],[108.93265,34.277327],[108.932655,34.277327],[108.932663,34.277327],[108.932672,34.277327],[108.932682,34.277329],[108.932692,34.277331],[108.932699,34.277333],[108.932704,34.277335],[108.932707,34.277335],[108.932708,34.277335],[108.932708,34.277335],[108.932708,34.277335],[108.932708,34.277335],[108.932708,34.277335],[108.932708,34.277335],[108.932708,34.277335],[108.932708,34.277335],[108.932708,34.277335],[108.932708,34.277335],[108.932708,34.277335],[108.932708,34.277335],[108.932708,34.277335],[108.932708,34.277335],[108.932708,34.277335],[108.932708,34.277335],[108.932708,34.277335],[108.932708,34.277335],[108.932708,34.277335],[108.932708,34.277335],[108.932708,34.277335],[108.932708,34.277335],[108.932708,34.277335],[108.932708,34.277335],[108.932708,34.277335],[108.932708,34.277335],[108.932708,34.277335],[108.932708,34.277335],[108.932707,34.277335],[108.932707,34.277335],[108.932707,34.277335],[108.932706,34.277335],[108.932706,34.277335],[108.932706,34.277335],[108.932706,34.277335],[108.932706,34.277335],[108.932706,34.277335],[108.932706,34.277335],[108.932706,34.277335],[108.932706,34.277335],[108.932706,34.277335],[108.932706,34.277335],[108.932706,34.277335],[108.932706,34.277335],[108.932706,34.277335],[108.932706,34.277335],[108.932706,34.277335],[108.932706,34.277335],[108.932706,34.277335],[108.932706,34.277335],[108.932706,34.277335],[108.932706,34.277335],[108.932706,34.277335],[108.932706,34.277335],[108.932706,34.277335],[108.932706,34.277335],[108.932706,34.277335],[108.932706,34.277335],[108.932706,34.277335],[108.932706,34.277335],[108.932706,34.277335],[108.932706,34.277335],[108.932706,34.277335],[108.932706,34.277335],[108.932706,34.277335],[108.932706,34.277335],[108.932706,34.277335],[108.932706,34.277335],[108.932706,34.277335],[108.932706,34.277335],[108.932706,34.277335],[108.932706,34.277335],[108.932706,34.277335],[108.932706,34.277335],[108.932706,34.277335],[108.932706,34.277335],[108.932707,34.277336],[108.932707,34.277337],[108.932707,34.277337],[108.932708,34.277338],[108.932708,34.277338],[108.932708,34.277338],[108.932708,34.277338],[108.932708,34.277338],[108.932708,34.277338],[108.932708,34.277338],[108.932708,34.277338],[108.932708,34.277338],[108.932708,34.277338],[108.932708,34.277338],[108.932708,34.277338],[108.932708,34.277338],[108.932709,34.277338],[108.932711,34.277339],[108.932714,34.277339],[108.932718,34.27734],[108.932723,34.277342],[108.932727,34.277344],[108.932731,34.277346],[108.932733,34.277348],[108.932734,34.277349],[108.932734,34.27735],[108.932734,34.27735],[108.932734,34.27735],[108.932734,34.27735],[108.932734,34.277349],[108.932732,34.277349],[108.932728,34.277347],[108.932724,34.277346],[108.932719,34.277345],[108.932715,34.277343],[108.932712,34.277342],[108.932711,34.277341],[108.932711,34.27734],[108.932711,34.277339],[108.932711,34.277339],[108.932711,34.277339],[108.932711,34.277339],[108.932711,34.277339],[108.932711,34.277339],[108.932711,34.277339],[108.932711,34.277339],[108.932711,34.277339],[108.932712,34.277339],[108.932712,34.277338],[108.932711,34.277337],[108.93271,34.277336],[108.932707,34.277334],[108.932703,34.277333],[108.932699,34.277333],[108.932696,34.277332],[108.932694,34.277332],[108.932694,34.277331],[108.932694,34.277331],[108.932694,34.277331],[108.932695,34.277331],[108.932695,34.277331],[108.932695,34.277331],[108.932694,34.277331],[108.932694,34.277331],[108.932694,34.277331],[108.932694,34.277331],[108.932694,34.277331],[108.932696,34.27733],[108.932697,34.27733],[108.932699,34.277329],[108.932702,34.277328],[108.932703,34.277328],[108.932704,34.277329],[108.932704,34.277329],[108.932704,34.27733],[108.932704,34.27733],[108.932704,34.27733],[108.932704,34.27733],[108.932704,34.27733],[108.932704,34.27733],[108.932704,34.27733],[108.932704,34.27733],[108.932704,34.277331],[108.932705,34.277332],[108.932704,34.277333],[108.932704,34.277335],[108.932702,34.277337],[108.9327,34.277338],[108.932697,34.277339],[108.932695,34.277339],[108.932693,34.277339],[108.932692,34.277339],[108.932691,34.27734],[108.93269,34.277341],[108.932689,34.277342],[108.932688,34.277344],[108.932688,34.277345],[108.932688,34.277346],[108.932688,34.277346],[108.932689,34.277345],[108.932689,34.277344],[108.93269,34.277344],[108.93269,34.277343],[108.93269,34.277342],[108.93269,34.277341],[108.932689,34.277341],[108.932688,34.27734],[108.932688,34.27734],[108.932687,34.27734],[108.932687,34.27734],[108.932688,34.277341],[108.932688,34.277341],[108.932688,34.277342],[108.932688,34.277342],[108.932688,34.277342],[108.932688,34.277342],[108.932688,34.277342],[108.932688,34.277342],[108.932688,34.277342],[108.932688,34.277342],[108.932688,34.277342],[108.932688,34.277342],[108.932688,34.277342],[108.932688,34.277342],[108.932688,34.277342],[108.932688,34.277342],[108.932688,34.277342],[108.932688,34.277342],[108.932688,34.277342],[108.932688,34.277342],[108.932688,34.277342],[108.932688,34.277342],[108.932688,34.277342],[108.932688,34.277342],[108.932689,34.277342],[108.932691,34.277341],[108.932692,34.277341],[108.932694,34.277341],[108.932696,34.27734],[108.932697,34.27734],[108.932697,34.27734],[108.932697,34.27734],[108.932697,34.27734],[108.932697,34.27734],[108.932697,34.27734],[108.932697,34.27734],[108.932697,34.27734],[108.932697,34.27734],[108.932697,34.27734],[108.932697,34.27734],[108.932697,34.27734],[108.932697,34.27734],[108.932697,34.27734],[108.932697,34.27734],[108.932697,34.27734],[108.932697,34.27734],[108.932697,34.27734],[108.932697,34.27734],[108.932697,34.27734],[108.932697,34.27734],[108.932697,34.27734],[108.932697,34.27734],[108.932697,34.27734],[108.932697,34.27734],[108.932697,34.27734],[108.932697,34.27734],[108.932697,34.27734],[108.932697,34.27734],[108.932697,34.27734],[108.932697,34.27734],[108.932697,34.27734],[108.932697,34.27734],[108.932696,34.27734],[108.932696,34.27734],[108.932695,34.27734],[108.932696,34.27734],[108.932699,34.277339],[108.932706,34.27734],[108.932717,34.277341],[108.932737,34.277344],[108.932761,34.277347],[108.932789,34.27735],[108.93282,34.277353],[108.932855,34.277354],[108.932889,34.277355],[108.932925,34.277355],[108.932964,34.277356],[108.933005,34.277356],[108.933047,34.277357],[108.93309,34.277357],[108.933133,34.277359],[108.933178,34.277361],[108.933224,34.277363],[108.933273,34.277366],[108.933326,34.277368],[108.933384,34.277368],[108.933459,34.277366],[108.933538,34.277365],[108.933619,34.277364],[108.933702,34.277364],[108.933786,34.277364],[108.933858,34.277363],[108.933932,34.277362],[108.934006,34.27736],[108.934079,34.277358],[108.934149,34.277357],[108.934217,34.277358],[108.934282,34.277361],[108.934346,34.277366],[108.93441,34.277372],[108.934474,34.277377],[108.934541,34.277383],[108.934609,34.277388],[108.934693,34.277389],[108.934777,34.27739],[108.934859,34.277388],[108.93494,34.277386],[108.935019,34.277383],[108.935082,34.277384],[108.935145,34.277387],[108.935209,34.277391],[108.935275,34.277394],[108.935344,34.277396],[108.935417,34.277396],[108.935492,34.277394],[108.935567,34.277391],[108.93564,34.277385],[108.935714,34.277381],[108.935788,34.277378],[108.935862,34.277375],[108.935949,34.277376],[108.936035,34.27738],[108.936122,34.277385],[108.936208,34.27739],[108.936294,34.277398],[108.936364,34.277403],[108.936434,34.277407],[108.936504,34.277409],[108.936572,34.277411],[108.936639,34.277411],[108.936704,34.277411],[108.936768,34.27741],[108.936831,34.27741],[108.936895,34.277412],[108.936959,34.277415],[108.937023,34.277419],[108.937085,34.277423],[108.93716,34.277426],[108.937235,34.277428],[108.93731,34.277428],[108.937386,34.277425],[108.937462,34.277422],[108.937528,34.27742],[108.937595,34.277418],[108.937663,34.277417],[108.93773,34.277417],[108.937797,34.277417],[108.937864,34.277417],[108.937929,34.277416],[108.937991,34.277416],[108.938052,34.277418],[108.938109,34.27742],[108.938163,34.277425],[108.938214,34.277431],[108.938272,34.27744],[108.938328,34.277449],[108.938382,34.277457],[108.938438,34.277462],[108.938494,34.277467],[108.938543,34.277468],[108.938596,34.277469],[108.938651,34.277469],[108.938706,34.277468],[108.938761,34.277467],[108.938815,34.277466],[108.938865,34.277463],[108.938914,34.27746],[108.938962,34.277457],[108.939009,34.277452],[108.939057,34.277449],[108.939104,34.277445],[108.939158,34.277442],[108.939212,34.277439],[108.939263,34.277437],[108.939314,34.277436],[108.939364,34.277437],[108.939406,34.277439],[108.939447,34.27744],[108.939487,34.277441],[108.939528,34.27744],[108.939568,34.27744],[108.939609,34.27744],[108.93965,34.27744],[108.939692,34.277441],[108.939732,34.277443],[108.939772,34.277446],[108.939812,34.27745],[108.939851,34.277453],[108.939898,34.277457],[108.939943,34.27746],[108.939988,34.277464],[108.940033,34.277467],[108.940077,34.27747],[108.940114,34.277472],[108.94015,34.277473],[108.940186,34.277473],[108.940222,34.277472],[108.940258,34.277471],[108.940296,34.277469],[108.940335,34.277467],[108.940376,34.277465],[108.940416,34.277463],[108.940458,34.277461],[108.940499,34.277458],[108.94054,34.277455],[108.940588,34.277451],[108.940635,34.277449],[108.940683,34.277448],[108.940731,34.277448],[108.94078,34.277449],[108.940823,34.277451],[108.940866,34.277455],[108.940907,34.277459],[108.940946,34.277463],[108.940983,34.277468],[108.94102,34.277473],[108.941056,34.277478],[108.941092,34.277482],[108.941129,34.277485],[108.941166,34.277488],[108.941203,34.277491],[108.94124,34.277493],[108.941282,34.277495],[108.941324,34.277497],[108.941367,34.277498],[108.941409,34.277499],[108.941451,34.277499],[108.941487,34.277499],[108.941522,34.277498],[108.941557,34.277497],[108.941593,34.277498],[108.941626,34.277497],[108.94166,34.277498],[108.941693,34.277499],[108.941725,34.277501],[108.941758,34.277501],[108.941792,34.277501],[108.941827,34.2775],[108.941864,34.277498],[108.941908,34.277496],[108.941951,34.277494],[108.941995,34.277494],[108.942036,34.277499],[108.942074,34.277509],[108.9421,34.277526],[108.94212,34.277546],[108.942133,34.277567],[108.94214,34.277589],[108.942142,34.277606],[108.942143,34.277617],[108.942142,34.277623],[108.942141,34.277625],[108.94214,34.277624],[108.942139,34.277622],[108.942138,34.27762],[108.942137,34.277619],[108.942137,34.277618],[108.942137,34.277618],[108.942137,34.277618],[108.942137,34.277618],[108.942138,34.277619],[108.942138,34.277619],[108.942138,34.277619],[108.942138,34.277619],[108.942138,34.277619],[108.942138,34.277619],[108.942138,34.277619],[108.942138,34.277619],[108.942138,34.277619],[108.942138,34.277619],[108.942138,34.277619],[108.942138,34.277619],[108.942138,34.277619],[108.942138,34.277619],[108.942138,34.277619],[108.942138,34.277619],[108.942138,34.277619],[108.942137,34.277618],[108.942137,34.277618],[108.942136,34.277617],[108.942135,34.277615],[108.942135,34.277614],[108.942134,34.277613],[108.942133,34.277614],[108.942132,34.277619],[108.94213,34.27763],[108.942126,34.27765],[108.942123,34.27768],[108.94212,34.27772],[108.942118,34.277769],[108.942116,34.277822],[108.942111,34.277883],[108.942108,34.277942],[108.942109,34.277995],[108.942118,34.27804],[108.94214,34.278075],[108.942176,34.278089],[108.942223,34.278094],[108.942277,34.278091],[108.942334,34.278084],[108.94239,34.278077],[108.942446,34.278072],[108.9425,34.278071],[108.942555,34.27807],[108.942609,34.278072],[108.942664,34.278075],[108.94272,34.278079],[108.942775,34.278083],[108.942839,34.27809],[108.942899,34.278093],[108.942952,34.27809],[108.942993,34.278078],[108.943021,34.278054],[108.943028,34.278019],[108.943025,34.277978],[108.943014,34.277934],[108.943002,34.277889],[108.942989,34.277844],[108.942978,34.277801],[108.942969,34.27776],[108.942966,34.277721],[108.942966,34.277684],[108.942971,34.277649],[108.942978,34.277616],[108.942988,34.277588],[108.943004,34.277569],[108.943022,34.27756],[108.943044,34.277559],[108.943069,34.277564],[108.943097,34.277571],[108.943124,34.277576],[108.943154,34.277578],[108.943184,34.27758],[108.943211,34.277583],[108.943236,34.277587],[108.943256,34.277592],[108.943269,34.277596],[108.943277,34.277599],[108.94328,34.277601],[108.94328,34.277601],[108.943278,34.277601],[108.943276,34.2776],[108.943275,34.2776],[108.943275,34.2776],[108.943275,34.2776],[108.943275,34.2776],[108.943275,34.2776],[108.943275,34.2776],[108.943275,34.2776],[108.943275,34.2776],[108.943275,34.2776],[108.943275,34.2776],[108.943275,34.2776],[108.943275,34.2776],[108.943275,34.2776],[108.943275,34.2776],[108.943275,34.2776],[108.943275,34.2776],[108.943275,34.2776],[108.943275,34.2776],[108.943275,34.2776],[108.943275,34.2776],[108.943275,34.2776],[108.943275,34.2776],[108.943275,34.2776],[108.943275,34.2776],[108.943275,34.2776],[108.943275,34.2776],[108.943275,34.2776],[108.943275,34.2776],[108.943275,34.2776],[108.943275,34.2776],[108.943275,34.2776],[108.943275,34.2776],[108.943275,34.2776],[108.943275,34.2776],[108.943275,34.2776],[108.943275,34.2776],[108.943275,34.2776],[108.943275,34.2776],[108.943275,34.2776],[108.943275,34.2776],[108.943275,34.2776],[108.943275,34.2776],[108.943275,34.2776],[108.943275,34.2776],[108.943275,34.2776],[108.943275,34.2776],[108.943275,34.2776],[108.943275,34.2776],[108.943275,34.2776],[108.943276,34.2776],[108.943278,34.277598],[108.943283,34.277595],[108.943293,34.277589],[108.943306,34.277581],[108.943323,34.277572],[108.943345,34.277562],[108.943368,34.277551],[108.943393,34.277539],[108.943422,34.277528],[108.943453,34.277517],[108.943487,34.277507],[108.943522,34.277499],[108.943559,34.277493],[108.943596,34.277489],[108.943633,34.277487],[108.943672,34.277485],[108.943711,34.277485],[108.943751,34.277487],[108.943797,34.277491],[108.943842,34.277495],[108.943886,34.2775],[108.94393,34.277505],[108.943971,34.27751],[108.944007,34.277513],[108.944043,34.277515],[108.944079,34.277517],[108.944116,34.27752],[108.944153,34.277525],[108.944189,34.277532],[108.944224,34.277539],[108.944259,34.277546],[108.944294,34.277548],[108.944331,34.277547],[108.944369,34.277542],[108.944408,34.277535],[108.944458,34.277527],[108.944509,34.277519],[108.944561,34.277514],[108.944614,34.277511],[108.944667,34.277509],[108.944712,34.277511],[108.944758,34.277515],[108.944804,34.27752],[108.944851,34.277524],[108.944897,34.277527],[108.944942,34.277528],[108.944986,34.277529],[108.94503,34.277529],[108.945072,34.277529],[108.945113,34.277528],[108.945155,34.277527],[108.945197,34.277527],[108.945247,34.277527],[108.945299,34.277528],[108.94535,34.277529],[108.945401,34.277531],[108.945452,34.277534],[108.945493,34.277537],[108.945535,34.27754],[108.945576,34.277543],[108.945619,34.277543],[108.945661,34.277544],[108.945702,34.277544],[108.945743,34.277543],[108.945783,34.277542],[108.945822,34.27754],[108.945861,34.277538],[108.945901,34.277536],[108.945941,34.277534],[108.945991,34.277535],[108.946041,34.277536],[108.946092,34.277537],[108.946143,34.277539],[108.946193,34.277542],[108.946236,34.277543],[108.946278,34.277543],[108.946321,34.277542],[108.946365,34.277542],[108.946409,34.277543],[108.946454,34.277544],[108.946498,34.277547],[108.946543,34.277548],[108.946588,34.27755],[108.946634,34.277552],[108.946679,34.277552],[108.946724,34.277552],[108.946777,34.27755],[108.946829,34.277549],[108.946881,34.277548],[108.946933,34.277547],[108.946985,34.277546],[108.947029,34.277545],[108.947073,34.277545],[108.947116,34.277545],[108.947159,34.277545],[108.947203,34.277546],[108.947245,34.277546],[108.947288,34.277547],[108.947331,34.277547],[108.947374,34.277547],[108.947418,34.277547],[108.947461,34.277548],[108.947507,34.277548],[108.947559,34.277549],[108.94761,34.277551],[108.947662,34.277555],[108.947711,34.277558],[108.947758,34.277561],[108.9478,34.277562],[108.947841,34.277563],[108.947882,34.277563],[108.947924,34.277563],[108.947964,34.277563],[108.948002,34.277563],[108.948038,34.277563],[108.948072,34.277563],[108.948105,34.277563],[108.948139,34.277562],[108.948174,34.277562],[108.94821,34.277562],[108.948255,34.277561],[108.9483,34.27756],[108.948344,34.27756],[108.948389,34.277559],[108.948435,34.277558],[108.948476,34.277559],[108.948518,34.27756],[108.948562,34.277561],[108.948605,34.277563],[108.948648,34.277564],[108.94869,34.277565],[108.948731,34.277565],[108.948772,34.277565],[108.948813,34.277565],[108.948854,34.277564],[108.948893,34.277565],[108.948932,34.277566],[108.948976,34.277567],[108.949021,34.277566],[108.949068,34.277566],[108.949116,34.277566],[108.949165,34.277567],[108.949209,34.277569],[108.949252,34.277571],[108.949294,34.277572],[108.949335,34.277571],[108.949374,34.27757],[108.949411,34.277568],[108.949448,34.277566],[108.949483,34.277563],[108.949517,34.277562],[108.949551,34.277561],[108.949584,34.277562],[108.949618,34.277563],[108.94966,34.277567],[108.949703,34.277571],[108.949748,34.277574],[108.949793,34.277577],[108.949837,34.27758],[108.949873,34.277581],[108.949909,34.277581],[108.949945,34.27758],[108.949981,34.277579],[108.950016,34.277579],[108.950051,34.27758],[108.950085,34.277583],[108.950119,34.277588],[108.950154,34.277592],[108.95019,34.277597],[108.950229,34.277601],[108.950269,34.277604],[108.950318,34.277607],[108.950367,34.277609],[108.950414,34.27761],[108.950459,34.27761],[108.950503,34.277609],[108.950538,34.277608],[108.950572,34.277607],[108.950607,34.277608],[108.950643,34.277609],[108.95068,34.277612],[108.950716,34.277615],[108.950752,34.277618],[108.950785,34.27762],[108.95082,34.277622],[108.950856,34.277625],[108.950893,34.277628],[108.950933,34.277632],[108.950984,34.277637],[108.951034,34.277641],[108.951085,34.277642],[108.951136,34.277642],[108.951187,34.27764],[108.951228,34.277637],[108.951269,34.277634],[108.951308,34.277629],[108.951347,34.277625],[108.951384,34.277622],[108.951422,34.277618],[108.95146,34.277615],[108.951499,34.277612],[108.951539,34.277609],[108.95158,34.277607],[108.951622,34.277608],[108.951664,34.277609],[108.951716,34.277612],[108.951768,34.277616],[108.951818,34.27762],[108.951867,34.277623],[108.951916,34.277625],[108.951955,34.277625],[108.951996,34.277625],[108.952037,34.277625],[108.952079,34.277626],[108.952121,34.277626],[108.952161,34.277627],[108.952201,34.277626],[108.952241,34.277626],[108.95228,34.277624],[108.952319,34.277623],[108.952358,34.277622],[108.952395,34.277621],[108.952441,34.277621],[108.952488,34.27762],[108.952534,34.277619],[108.952582,34.277616],[108.952633,34.277614],[108.952676,34.277611],[108.95272,34.277608],[108.952764,34.277605],[108.952808,34.277602],[108.952849,34.277597],[108.952891,34.277594],[108.952932,34.277591],[108.952974,34.27759],[108.953014,34.27759],[108.953053,34.277591],[108.95309,34.277592],[108.953125,34.277594],[108.953165,34.277596],[108.953205,34.277598],[108.953245,34.277598],[108.953285,34.277599],[108.953327,34.277599],[108.953362,34.277598],[108.953397,34.277599],[108.953433,34.277599],[108.953469,34.2776],[108.953507,34.277601],[108.953545,34.277602],[108.953584,34.277601],[108.953623,34.277601],[108.953661,34.277601],[108.953698,34.277601],[108.953734,34.277602],[108.95377,34.277603],[108.953815,34.277604],[108.953859,34.277605],[108.953904,34.277606],[108.953949,34.277606],[108.953993,34.277606],[108.954031,34.277606],[108.95407,34.277607],[108.95411,34.277606],[108.954149,34.277607],[108.954187,34.277608],[108.954225,34.27761],[108.954261,34.277613],[108.954298,34.277615],[108.954333,34.277616],[108.95437,34.277616],[108.954406,34.277616],[108.954443,34.277615],[108.954486,34.277615],[108.954528,34.277615],[108.954568,34.277617],[108.954607,34.27762],[108.954646,34.277625],[108.954677,34.277631],[108.954707,34.277638],[108.954736,34.277645],[108.954762,34.277653],[108.954784,34.277663],[108.9548,34.277676],[108.954811,34.27769],[108.954819,34.277704],[108.954826,34.277715],[108.954832,34.277724],[108.954836,34.277728],[108.95484,34.277729],[108.954841,34.277729],[108.95484,34.277728],[108.954839,34.277728],[108.954838,34.277727],[108.954838,34.277727],[108.954838,34.277727],[108.954838,34.277727],[108.954838,34.277727],[108.954838,34.277727],[108.954838,34.277727],[108.954838,34.277727],[108.954838,34.277727],[108.954838,34.277727],[108.954838,34.277727],[108.954838,34.277727],[108.954838,34.277727],[108.954838,34.277727],[108.954838,34.277727],[108.954839,34.277727],[108.954843,34.277724],[108.954849,34.27772],[108.954857,34.277712],[108.954869,34.277701],[108.954886,34.277688],[108.954908,34.277673],[108.954936,34.277659],[108.954972,34.277648],[108.955014,34.277639],[108.955063,34.277635],[108.955112,34.277634],[108.955165,34.277636],[108.955217,34.277639],[108.955267,34.277643],[108.955315,34.277647],[108.955373,34.27765],[108.955431,34.277653],[108.955491,34.277656],[108.955555,34.277661],[108.955623,34.277666],[108.955684,34.277671],[108.955745,34.277674],[108.955802,34.277675],[108.955853,34.277675],[108.955895,34.277673],[108.955931,34.277673],[108.955962,34.277673],[108.955991,34.277674],[108.956021,34.277676],[108.95605,34.277676],[108.956081,34.277674],[108.956118,34.277672],[108.956171,34.277666],[108.956227,34.277662],[108.956289,34.277657],[108.956353,34.277652],[108.956414,34.277647],[108.95646,34.277643],[108.956503,34.27764],[108.956544,34.277638],[108.956581,34.277637],[108.956618,34.277638],[108.956654,34.277639],[108.95669,34.277638],[108.956725,34.277636],[108.956758,34.277631],[108.95679,34.277626],[108.956822,34.277621],[108.956853,34.27762],[108.95689,34.277625],[108.956927,34.277632],[108.956964,34.277641],[108.957001,34.277649],[108.957038,34.277656],[108.957068,34.277658],[108.957099,34.277659],[108.957131,34.277659],[108.957163,34.277659],[108.957195,34.27766],[108.957226,34.277661],[108.957257,34.277663],[108.957287,34.277665],[108.957317,34.277667],[108.957349,34.277668],[108.957382,34.277668],[108.957416,34.277669],[108.95746,34.27767],[108.957505,34.277671],[108.95755,34.27767],[108.957595,34.277669],[108.95764,34.277666],[108.957677,34.277662],[108.957712,34.27766],[108.957747,34.277657],[108.95778,34.277653],[108.957814,34.277649],[108.957847,34.277646],[108.957882,34.277643],[108.957915,34.277643],[108.957949,34.277644],[108.957982,34.277647],[108.958012,34.27765],[108.95804,34.277654],[108.958075,34.277657],[108.95811,34.277659],[108.958145,34.277661],[108.958179,34.277662],[108.958214,34.277661],[108.958242,34.27766],[108.958269,34.277658],[108.958295,34.277655],[108.958322,34.277652],[108.958349,34.277649],[108.958376,34.277647],[108.958405,34.277646],[108.958434,34.277646],[108.958464,34.277647],[108.958494,34.277648],[108.958522,34.27765],[108.958548,34.27765],[108.95858,34.27765],[108.958612,34.277649],[108.958645,34.277649],[108.958678,34.277651],[108.95871,34.277655],[108.958736,34.27766],[108.958762,34.277665],[108.958789,34.277668],[108.958818,34.277669],[108.958849,34.277668],[108.958881,34.277666],[108.958913,34.277664],[108.958944,34.277663],[108.958974,34.277663],[108.959003,34.277663],[108.959033,34.277664],[108.959064,34.277665],[108.959105,34.277666],[108.959148,34.277666],[108.959192,34.277664],[108.959237,34.277662],[108.959281,34.277658],[108.959317,34.277654],[108.959352,34.277651],[108.959387,34.277648],[108.959421,34.277648],[108.959457,34.277651],[108.959493,34.277655],[108.959528,34.27766],[108.959563,34.277664],[108.959598,34.277667],[108.959633,34.277669],[108.959669,34.27767],[108.959706,34.277671],[108.959749,34.277673],[108.959789,34.277673],[108.959827,34.277675],[108.959863,34.277676],[108.959897,34.277677],[108.959927,34.277676],[108.959959,34.277674],[108.959991,34.277672],[108.960025,34.277671],[108.960059,34.277671],[108.960092,34.277674],[108.960125,34.277679],[108.960157,34.277683],[108.96019,34.277687],[108.960222,34.27769],[108.960255,34.277693],[108.960287,34.277695],[108.960329,34.277696],[108.96037,34.277696],[108.960411,34.277696],[108.960453,34.277696],[108.960494,34.277696],[108.960528,34.277696],[108.960563,34.277695],[108.960597,34.277695],[108.960634,34.277695],[108.96067,34.277694],[108.960706,34.277694],[108.960741,34.277694],[108.960775,34.277694],[108.96081,34.277696],[108.960845,34.277698],[108.96088,34.2777],[108.960916,34.277703],[108.960961,34.277704],[108.961006,34.277705],[108.96105,34.277706],[108.961092,34.277707],[108.961133,34.277709],[108.961166,34.277711],[108.961198,34.277714],[108.961231,34.277716],[108.961265,34.277718],[108.961299,34.277719],[108.961335,34.277719],[108.961369,34.27772],[108.961402,34.277721],[108.961434,34.277723],[108.961467,34.277725],[108.961499,34.277726],[108.961531,34.277728],[108.961572,34.277729],[108.961614,34.27773],[108.961656,34.277731],[108.961696,34.277731],[108.961736,34.277731],[108.961766,34.277731],[108.961794,34.277732],[108.961823,34.277733],[108.961852,34.277734],[108.961883,34.277735],[108.961914,34.277735],[108.961944,34.277735],[108.961974,34.277735],[108.962002,34.277735],[108.96203,34.277734],[108.962058,34.277734],[108.962086,34.277736],[108.962122,34.277739],[108.962159,34.277743],[108.962195,34.277747],[108.962232,34.27775],[108.962271,34.277749],[108.962302,34.277745],[108.962333,34.277739],[108.962364,34.277732],[108.962395,34.277724],[108.962427,34.277718],[108.962458,34.277714],[108.962491,34.27771],[108.962525,34.277709],[108.962561,34.27771],[108.962598,34.277711],[108.962633,34.277712],[108.962668,34.277712],[108.962708,34.277714],[108.962746,34.277715],[108.962787,34.277716],[108.962831,34.277719],[108.962876,34.27772],[108.962918,34.277721],[108.962962,34.277723],[108.963006,34.277726],[108.963051,34.277729],[108.963094,34.277732],[108.963136,34.277736],[108.963174,34.277739],[108.96321,34.277741],[108.963245,34.277738],[108.963279,34.277734],[108.963314,34.277728],[108.96335,34.277722],[108.963392,34.277717],[108.963434,34.277715],[108.963476,34.277716],[108.963516,34.27772],[108.963557,34.277725],[108.963592,34.277731],[108.963627,34.277735],[108.963662,34.277738],[108.963697,34.27774],[108.963731,34.277742],[108.963766,34.277744],[108.963799,34.277748],[108.963835,34.277752],[108.963872,34.277756],[108.96391,34.277759],[108.963949,34.27776],[108.963989,34.277759],[108.964036,34.277756],[108.964083,34.277755],[108.96413,34.277754],[108.964176,34.277754],[108.964222,34.277755],[108.964261,34.277756],[108.964298,34.277756],[108.964336,34.277754],[108.964375,34.277751],[108.964413,34.27775],[108.964452,34.277749],[108.96449,34.277749],[108.96453,34.27775],[108.964568,34.277752],[108.964608,34.277754],[108.964648,34.277756],[108.964688,34.277759],[108.964736,34.277762],[108.964783,34.277764],[108.964827,34.277766],[108.964872,34.277766],[108.964917,34.277764],[108.964954,34.277762],[108.96499,34.27776],[108.965027,34.277758],[108.965065,34.277758],[108.965101,34.277759],[108.965139,34.27776],[108.965178,34.277762],[108.965218,34.277763],[108.965258,34.277764],[108.965299,34.277765],[108.965339,34.277765],[108.96538,34.277765],[108.96543,34.277767],[108.96548,34.27777],[108.965529,34.277772],[108.965577,34.277776],[108.965622,34.277781],[108.96566,34.277786],[108.965698,34.277791],[108.965735,34.277796],[108.96577,34.277803],[108.965803,34.277811],[108.965833,34.277822],[108.96586,34.277833],[108.965885,34.277845],[108.965909,34.277857],[108.965933,34.277866],[108.965956,34.277872],[108.965982,34.277873],[108.966015,34.277867],[108.966051,34.277859],[108.96609,34.277851],[108.966133,34.277843],[108.96618,34.277837],[108.966226,34.277836],[108.966276,34.277838],[108.966329,34.277842],[108.966379,34.277845],[108.966425,34.277847],[108.966464,34.277849],[108.966495,34.277849],[108.966521,34.27785],[108.966544,34.277848],[108.966566,34.277845],[108.966587,34.277835],[108.966604,34.277821],[108.966612,34.277798],[108.966616,34.277771],[108.966612,34.277739],[108.966604,34.277704],[108.966588,34.277663],[108.966568,34.277623],[108.966542,34.277579],[108.966516,34.277533],[108.966491,34.277487],[108.966473,34.277439],[108.966464,34.277392],[108.966464,34.277344],[108.966469,34.277298],[108.966478,34.277253],[108.966486,34.277212],[108.966493,34.277173],[108.966498,34.277136],[108.966498,34.277094],[108.966496,34.277055],[108.966491,34.277017],[108.966484,34.27698],[108.966477,34.276945],[108.966472,34.276919],[108.966467,34.276892],[108.966463,34.276866],[108.966462,34.276839],[108.96646,34.276813],[108.966459,34.276786],[108.966458,34.27676],[108.966458,34.276734],[108.966458,34.276708],[108.966457,34.276682],[108.966457,34.276656],[108.966457,34.27663],[108.966459,34.276599],[108.96646,34.276569],[108.966462,34.276539],[108.966462,34.27651],[108.966462,34.276482],[108.966461,34.276458],[108.966459,34.276434],[108.966459,34.276409],[108.966459,34.276382],[108.966459,34.276355],[108.966459,34.276328],[108.966458,34.276302],[108.966457,34.276276],[108.966456,34.276253],[108.966455,34.27623],[108.966455,34.276206],[108.966454,34.276182],[108.966453,34.276152],[108.966452,34.27612],[108.96645,34.276086],[108.966449,34.276049],[108.966449,34.276011],[108.966449,34.275979],[108.966451,34.275946],[108.966452,34.275915],[108.966454,34.275886],[108.966454,34.275858],[108.966454,34.275831],[108.966455,34.275804],[108.966456,34.275778],[108.966459,34.27575],[108.966464,34.275721],[108.966468,34.275691],[108.966472,34.27566],[108.966474,34.275625],[108.966475,34.275592],[108.966474,34.275559],[108.966473,34.275527],[108.966472,34.275494],[108.966471,34.275466],[108.966469,34.275438],[108.966466,34.275411],[108.966461,34.275383],[108.966457,34.275357],[108.966452,34.275329],[108.96645,34.275302],[108.966449,34.275274],[108.96645,34.275246],[108.966451,34.275217],[108.966452,34.275189],[108.966453,34.275161],[108.966453,34.275128],[108.966452,34.275095],[108.966451,34.275062],[108.96645,34.275029],[108.966448,34.274996],[108.966445,34.274969],[108.966442,34.27494],[108.966439,34.274911],[108.966438,34.274881],[108.966438,34.274851],[108.96644,34.27482],[108.966443,34.27479],[108.966447,34.274759],[108.966451,34.274729],[108.966454,34.2747],[108.966457,34.274672],[108.966458,34.274645],[108.966457,34.274614],[108.966453,34.274583],[108.966448,34.274552],[108.96644,34.274521],[108.966433,34.27449],[108.966429,34.274463],[108.966431,34.274436],[108.966438,34.27441],[108.966449,34.274385],[108.966462,34.27436],[108.966473,34.274336],[108.966478,34.274311],[108.966478,34.274286],[108.966474,34.274259],[108.966466,34.274233],[108.966458,34.274205],[108.966451,34.274177],[108.966446,34.274143],[108.966443,34.274109],[108.966443,34.274076],[108.966445,34.274043],[108.96645,34.27401],[108.966457,34.273983],[108.966463,34.273956],[108.966467,34.273928],[108.966469,34.273901],[108.966469,34.273874],[108.966468,34.273847],[108.966466,34.27382],[108.966464,34.273793],[108.966463,34.273768],[108.966464,34.273742],[108.966465,34.273715],[108.966466,34.273687],[108.966466,34.273653],[108.966466,34.273617],[108.966464,34.273582],[108.96646,34.273547],[108.966456,34.273512],[108.966453,34.273482],[108.96645,34.273453],[108.96645,34.273425],[108.966451,34.273398],[108.966454,34.273371],[108.966459,34.273344],[108.966464,34.273316],[108.966469,34.273287],[108.966472,34.273256],[108.966473,34.273225],[108.966471,34.273194],[108.966468,34.273161],[108.966466,34.27312],[108.966464,34.273078],[108.966463,34.273035],[108.966464,34.272992],[108.966465,34.272949],[108.966467,34.272914],[108.966469,34.272879],[108.96647,34.272843],[108.966471,34.272805],[108.966472,34.272766],[108.966472,34.272725],[108.966472,34.272683],[108.966472,34.272639],[108.96647,34.272597],[108.966468,34.272555],[108.966466,34.272517],[108.966466,34.272482],[108.966468,34.272445],[108.966473,34.272409],[108.966478,34.272374],[108.966485,34.272338],[108.966492,34.272301],[108.9665,34.272269],[108.966509,34.272238],[108.966519,34.272206],[108.96653,34.272176],[108.966537,34.272147],[108.966539,34.27212],[108.966535,34.272097],[108.966526,34.272079],[108.966519,34.272064],[108.966515,34.27205],[108.966516,34.272037],[108.966524,34.272021],[108.966533,34.271997],[108.966541,34.271973],[108.966548,34.271948],[108.966553,34.271924],[108.966557,34.271902],[108.966562,34.271884],[108.966566,34.271866],[108.966572,34.271848],[108.966581,34.271829],[108.966597,34.271812],[108.966621,34.271798],[108.966646,34.271787],[108.966667,34.271778],[108.966683,34.271772],[108.966692,34.271767],[108.966692,34.271764],[108.96669,34.271762],[108.966688,34.271762],[108.966687,34.271762],[108.966686,34.271761],[108.966686,34.271761],[108.966686,34.271759],[108.966686,34.271758],[108.966687,34.271758],[108.966687,34.271758],[108.966687,34.271758],[108.966687,34.271758],[108.966687,34.271758],[108.966687,34.271758],[108.966687,34.271758],[108.966687,34.271758],[108.966687,34.271758],[108.966687,34.271758],[108.966688,34.271757],[108.966688,34.271756],[108.966689,34.271755],[108.966689,34.271754],[108.966689,34.271754],[108.966689,34.271754],[108.966689,34.271754],[108.966689,34.271754],[108.966689,34.271754],[108.966689,34.271754],[108.966689,34.271754],[108.966689,34.271754],[108.966689,34.271754],[108.966689,34.271754],[108.966689,34.271754],[108.966689,34.271754],[108.966689,34.271754],[108.966689,34.271754],[108.966689,34.271754],[108.966689,34.271754],[108.966689,34.271754],[108.966689,34.271754],[108.966689,34.271754],[108.966689,34.271754],[108.966689,34.271754],[108.966689,34.271754],[108.966689,34.271754],[108.966689,34.271754],[108.966689,34.271754],[108.966689,34.271754],[108.966689,34.271754],[108.966689,34.271754],[108.966689,34.271754],[108.966689,34.271754],[108.966689,34.271754],[108.966689,34.271754],[108.966689,34.271754],[108.966689,34.271754],[108.966689,34.271754],[108.966689,34.271754],[108.966689,34.271754],[108.966689,34.271754],[108.966689,34.271754],[108.966689,34.271754],[108.966689,34.271754],[108.966689,34.271754],[108.966689,34.271754],[108.966689,34.271754],[108.966689,34.271754],[108.966689,34.271754],[108.966689,34.271754],[108.966689,34.271754],[108.966689,34.271754],[108.966689,34.271754],[108.966689,34.271754],[108.966689,34.271754],[108.966689,34.271754],[108.966689,34.271754],[108.966689,34.271754],[108.966689,34.271754],[108.966689,34.271754],[108.966689,34.271754],[108.966689,34.271754],[108.966689,34.271754],[108.966689,34.271754],[108.966689,34.271754],[108.966689,34.271754],[108.966689,34.271754],[108.966689,34.271754],[108.966689,34.271754],[108.966689,34.271754],[108.966689,34.271754],[108.966689,34.271754],[108.966689,34.271754],[108.966689,34.271754],[108.966689,34.271754],[108.966689,34.271754],[108.966689,34.271754],[108.966689,34.271754],[108.966689,34.271754],[108.966689,34.271754],[108.966689,34.271754],[108.966689,34.271754],[108.966689,34.271754],[108.966689,34.271754],[108.966689,34.271754],[108.966689,34.271754],[108.966689,34.271754],[108.966689,34.271754],[108.966689,34.271754],[108.966689,34.271754],[108.966689,34.271754],[108.966689,34.271754],[108.966689,34.271754],[108.966689,34.271754],[108.966689,34.271754],[108.966689,34.271754],[108.966689,34.271754],[108.966689,34.271754],[108.966689,34.271754],[108.966689,34.271754],[108.966689,34.271754],[108.966689,34.271754],[108.966689,34.271754],[108.966689,34.271754],[108.966689,34.271754],[108.966689,34.271754],[108.966689,34.271754],[108.966689,34.271754],[108.966689,34.271754],[108.966689,34.271754],[108.966689,34.271754],[108.966689,34.271754],[108.966689,34.271754],[108.966689,34.271754],[108.966689,34.271754],[108.966689,34.271754],[108.966689,34.271754],[108.966689,34.271754],[108.966689,34.271754],[108.966689,34.271754],[108.966689,34.271754],[108.966689,34.271754],[108.966689,34.271754],[108.966689,34.271754],[108.966689,34.271754],[108.966689,34.271754],[108.966689,34.271754],[108.966689,34.271754],[108.966689,34.271754],[108.966689,34.271754],[108.966689,34.271754],[108.966689,34.271754],[108.966689,34.271754],[108.966689,34.271754],[108.966689,34.271754],[108.966689,34.271754],[108.966689,34.271754],[108.966689,34.271754],[108.966689,34.271754],[108.966689,34.271754],[108.966689,34.271754],[108.966689,34.271754],[108.966689,34.271754],[108.966689,34.271754],[108.966689,34.271754],[108.966689,34.271754],[108.966689,34.271754],[108.966689,34.271754],[108.966689,34.271754],[108.966689,34.271754],[108.966689,34.271754],[108.966689,34.271754],[108.966689,34.271754],[108.966689,34.271754],[108.966689,34.271754],[108.966689,34.271754],[108.966689,34.271754],[108.966689,34.271754],[108.966688,34.271753],[108.966687,34.271752],[108.966686,34.271752],[108.966684,34.271751],[108.966682,34.271751],[108.966681,34.271752],[108.966679,34.271752],[108.966679,34.27175],[108.966679,34.271746],[108.966679,34.271738],[108.966677,34.271726],[108.966675,34.271711],[108.96667,34.271693],[108.966661,34.271671],[108.966652,34.271648],[108.966642,34.271624],[108.966634,34.2716],[108.966628,34.271576],[108.966626,34.271549],[108.966627,34.271523],[108.966629,34.271497],[108.966633,34.271472],[108.966636,34.271447],[108.966637,34.271428],[108.966638,34.27141],[108.966638,34.271394],[108.966638,34.27138],[108.966638,34.271369],[108.966638,34.271362],[108.966639,34.271357],[108.96664,34.271356],[108.966639,34.271356],[108.966639,34.271357],[108.966639,34.271357],[108.966639,34.271357],[108.966639,34.271357],[108.966639,34.271358],[108.966639,34.271358],[108.966639,34.271358],[108.966639,34.271358],[108.966639,34.271358],[108.966639,34.271358],[108.966639,34.271358],[108.966639,34.271357],[108.966639,34.271356],[108.966639,34.271356],[108.966639,34.271355],[108.966639,34.271354],[108.96664,34.271353],[108.96664,34.27135],[108.966636,34.271346],[108.966629,34.27134],[108.966613,34.271331],[108.966593,34.271322],[108.96657,34.271311],[108.966547,34.2713],[108.966525,34.271288],[108.966512,34.271278],[108.966505,34.271267],[108.966505,34.271256],[108.966511,34.271244],[108.966519,34.271227],[108.966526,34.271205],[108.966528,34.271177],[108.966528,34.271145],[108.966524,34.271111],[108.966518,34.27108],[108.966514,34.271055],[108.966511,34.271034],[108.966507,34.271011],[108.966502,34.270985],[108.966498,34.270952],[108.966493,34.270909],[108.966487,34.270859],[108.966482,34.270807],[108.966478,34.270752],[108.966474,34.270695],[108.966471,34.270637],[108.966469,34.270578],[108.966467,34.270518],[108.966465,34.270457],[108.966463,34.270394],[108.966462,34.270334],[108.96646,34.270266],[108.966458,34.270198],[108.966456,34.270131],[108.966454,34.270065],[108.966451,34.269993],[108.966448,34.269923],[108.966445,34.269856],[108.966441,34.269792],[108.966437,34.26973],[108.966433,34.269678],[108.966431,34.269627],[108.966428,34.269578],[108.966427,34.269531],[108.966426,34.269486],[108.966424,34.269443],[108.966423,34.269402],[108.966421,34.269361],[108.966419,34.26932],[108.966418,34.269278],[108.966419,34.269234],[108.966423,34.269181],[108.966428,34.26913],[108.966433,34.26908],[108.966439,34.269031],[108.966443,34.268983],[108.966444,34.268943],[108.966444,34.268902],[108.966443,34.268862],[108.96644,34.268822],[108.966437,34.268783],[108.966434,34.268747],[108.966432,34.268712],[108.96643,34.268678],[108.966428,34.268647],[108.966427,34.268616],[108.966425,34.268585],[108.966422,34.268556],[108.966418,34.268521],[108.966413,34.268488],[108.966409,34.268455],[108.966408,34.268422],[108.966407,34.268388],[108.966409,34.268359],[108.966411,34.26833],[108.966412,34.268301],[108.966411,34.268272],[108.966411,34.268243],[108.966411,34.268213],[108.96641,34.268183],[108.966411,34.268153],[108.966412,34.268121],[108.966413,34.268089],[108.966415,34.268058],[108.966417,34.268027],[108.966419,34.267993],[108.96642,34.26796],[108.966421,34.267928],[108.966423,34.267897],[108.966425,34.267866],[108.966428,34.267838],[108.966431,34.26781],[108.966433,34.267781],[108.966432,34.267751],[108.96643,34.267721],[108.966426,34.267692],[108.966422,34.267662],[108.966419,34.267632],[108.966418,34.267603],[108.966417,34.267573],[108.966416,34.267543],[108.966416,34.267515],[108.966417,34.267482],[108.966418,34.267449],[108.96642,34.267417],[108.966422,34.267386],[108.966426,34.267355],[108.966428,34.26733],[108.966429,34.267306],[108.96643,34.267281],[108.966428,34.267256],[108.966427,34.267231],[108.966425,34.267206],[108.966424,34.26718],[108.966424,34.267155],[108.966424,34.267129],[108.966424,34.267102],[108.966423,34.267076],[108.96642,34.26705],[108.966416,34.267017],[108.966412,34.266985],[108.966408,34.266952],[108.966406,34.26692],[108.966404,34.266889],[108.966404,34.266863],[108.966406,34.266838],[108.966408,34.266814],[108.966411,34.266789],[108.966414,34.266764],[108.966415,34.266739],[108.966416,34.266714],[108.966416,34.266687],[108.966416,34.266661],[108.966417,34.266634],[108.966421,34.266608],[108.966427,34.266583],[108.966435,34.266553],[108.966444,34.266522],[108.966452,34.266491],[108.96646,34.266459],[108.966466,34.266428],[108.966469,34.266401],[108.966471,34.266374],[108.966473,34.266348],[108.966474,34.26632],[108.966476,34.266291],[108.966477,34.266263],[108.966476,34.266237],[108.966474,34.266211],[108.966471,34.266187],[108.966469,34.266163],[108.966469,34.266139],[108.966471,34.266113],[108.966472,34.266081],[108.966471,34.266048],[108.966469,34.266013],[108.966462,34.265979],[108.966454,34.265947],[108.966449,34.265921],[108.966446,34.265896],[108.966444,34.265871],[108.966443,34.265848],[108.966443,34.265824],[108.96644,34.265799],[108.966437,34.265774],[108.966433,34.265749],[108.96643,34.265723],[108.966427,34.265697],[108.966425,34.26567],[108.966424,34.265643],[108.966424,34.26561],[108.966425,34.265578],[108.966427,34.265546],[108.966429,34.265515],[108.966431,34.265482],[108.966432,34.265453],[108.966433,34.265423],[108.966434,34.26539],[108.966433,34.265358],[108.966432,34.265326],[108.966431,34.265296],[108.96643,34.265265],[108.966428,34.265235],[108.966427,34.265205],[108.966426,34.265175],[108.966425,34.265146],[108.966424,34.265118],[108.966423,34.265086],[108.966424,34.265054],[108.966426,34.265021],[108.966429,34.264989],[108.966431,34.264956],[108.966432,34.264928],[108.966431,34.264901],[108.96643,34.264874],[108.966429,34.264848],[108.96643,34.264821],[108.966431,34.264794],[108.966433,34.264768],[108.966433,34.264742],[108.966432,34.264716],[108.966431,34.26469],[108.966429,34.264664],[108.966425,34.264638],[108.966422,34.264607],[108.966419,34.264575],[108.966416,34.264544],[108.966415,34.264512],[108.966415,34.26448],[108.966416,34.264454],[108.966418,34.264429],[108.966419,34.264405],[108.96642,34.26438],[108.966421,34.264356],[108.966422,34.264331],[108.966423,34.264307],[108.966425,34.264283],[108.966428,34.26426],[108.966429,34.264239],[108.96643,34.264218],[108.96643,34.2642],[108.966429,34.264178],[108.966426,34.264159],[108.966424,34.264138],[108.966421,34.264117],[108.966419,34.264095],[108.966418,34.264076],[108.966417,34.264055],[108.966416,34.264033],[108.966416,34.264009],[108.966415,34.263983],[108.966414,34.263957],[108.966414,34.26393],[108.966415,34.263904],[108.966415,34.263879],[108.966414,34.263855],[108.966415,34.263832],[108.966414,34.263808],[108.966413,34.263782],[108.966412,34.263755],[108.966411,34.263729],[108.966411,34.263705],[108.966411,34.263682],[108.966413,34.263663],[108.966415,34.263645],[108.966417,34.263628],[108.966419,34.263614],[108.966422,34.263602],[108.966425,34.263593],[108.966427,34.263589],[108.966429,34.263588],[108.96643,34.263589],[108.96643,34.263591],[108.966429,34.263593],[108.966429,34.263594],[108.966429,34.263594],[108.966429,34.263594],[108.966429,34.263594],[108.966429,34.263594],[108.966429,34.263595],[108.966428,34.263597],[108.966427,34.263599],[108.966425,34.263602],[108.966422,34.263605],[108.96642,34.263607],[108.966418,34.263608],[108.966418,34.263608],[108.966417,34.263608],[108.966417,34.263608],[108.966417,34.263608],[108.966417,34.263608],[108.966417,34.263608],[108.966417,34.263608],[108.966417,34.263608],[108.966417,34.263609],[108.966417,34.26361],[108.966417,34.263611],[108.966417,34.263613],[108.966417,34.263615],[108.966417,34.263615],[108.966417,34.263616],[108.966417,34.263616],[108.966417,34.263616],[108.966417,34.263616],[108.966418,34.263616],[108.966418,34.263615],[108.966418,34.263615],[108.966417,34.263614],[108.966417,34.263614],[108.966416,34.263614],[108.966415,34.263614],[108.966415,34.263614],[108.966415,34.263614],[108.966415,34.263614],[108.966415,34.263614],[108.966415,34.263614],[108.966415,34.263614],[108.966415,34.263614],[108.966415,34.263614],[108.966415,34.263614],[108.966415,34.263614],[108.966415,34.263614],[108.966415,34.263614],[108.966415,34.263614],[108.966415,34.263614],[108.966415,34.263614],[108.966415,34.263614],[108.966415,34.263614],[108.966415,34.263614],[108.966415,34.263614],[108.966415,34.263614],[108.966415,34.263614],[108.966415,34.263614],[108.966415,34.263614],[108.966415,34.263614],[108.966415,34.263614],[108.966415,34.263614],[108.966415,34.263614],[108.966415,34.263614],[108.966415,34.263614],[108.966415,34.263614],[108.966415,34.263614],[108.966415,34.263614],[108.966415,34.263614],[108.966415,34.263614],[108.966415,34.263614],[108.966415,34.263614],[108.966415,34.263614],[108.966415,34.263614],[108.966415,34.263614],[108.966415,34.263614],[108.966415,34.263614],[108.966415,34.263614],[108.966415,34.263614],[108.966415,34.263614],[108.966415,34.263614],[108.966415,34.263614],[108.966415,34.263614],[108.966415,34.263614],[108.966415,34.263614],[108.966415,34.263614],[108.966415,34.263614],[108.966415,34.263614],[108.966415,34.263614],[108.966415,34.263614],[108.966415,34.263614],[108.966415,34.263614],[108.966415,34.263614],[108.966415,34.263614],[108.966415,34.263614],[108.966415,34.263614],[108.966415,34.263615],[108.966415,34.263615],[108.966414,34.263616],[108.966414,34.263617],[108.966414,34.263617],[108.966414,34.263617],[108.966414,34.263617],[108.966415,34.263616],[108.966416,34.263616],[108.966416,34.263616],[108.966416,34.263616],[108.966416,34.263616],[108.966416,34.263616],[108.966416,34.263616],[108.966416,34.263616],[108.966416,34.263616],[108.966416,34.263616],[108.966416,34.263616],[108.966416,34.263616],[108.966416,34.263616],[108.966416,34.263616],[108.966416,34.263616],[108.966416,34.263616],[108.966416,34.263616],[108.966416,34.263616],[108.966416,34.263616],[108.966416,34.263616],[108.966416,34.263616],[108.966416,34.263616],[108.966416,34.263616],[108.966416,34.263616],[108.966416,34.263616],[108.966416,34.263616],[108.966416,34.263616],[108.966416,34.263616],[108.966416,34.263616],[108.966417,34.263615],[108.966417,34.263614],[108.966419,34.263611],[108.966423,34.263607],[108.966428,34.263599],[108.966437,34.263588],[108.966447,34.263574],[108.966458,34.263559],[108.966466,34.263544],[108.966473,34.263529],[108.966478,34.263516],[108.966484,34.263504],[108.966489,34.263493],[108.966495,34.263482],[108.966503,34.26347],[108.966509,34.263459],[108.966514,34.263447],[108.966519,34.263437],[108.966524,34.263427],[108.966528,34.263419],[108.966532,34.263413],[108.966536,34.26341],[108.966538,34.263411],[108.966541,34.263413],[108.966543,34.263416],[108.966544,34.263419],[108.966545,34.263421],[108.966547,34.26342],[108.966548,34.263419],[108.966548,34.263418],[108.96655,34.263419],[108.966549,34.26342],[108.966546,34.263421],[108.966543,34.263422],[108.966541,34.263421],[108.966538,34.263421],[108.966537,34.263422],[108.966537,34.263422],[108.966537,34.263422],[108.966537,34.263422],[108.966537,34.263422],[108.966537,34.263422],[108.966537,34.263422],[108.966537,34.263422],[108.966537,34.263422],[108.966537,34.263422],[108.966537,34.263422],[108.966537,34.263422],[108.966537,34.263422],[108.966537,34.263422],[108.966537,34.263422],[108.966537,34.263422],[108.966537,34.263422],[108.966537,34.263422],[108.966537,34.263422],[108.966537,34.263422],[108.966537,34.263422],[108.966537,34.263422],[108.966537,34.263422],[108.966537,34.263422],[108.966538,34.263421],[108.96654,34.263421],[108.966542,34.263422],[108.966543,34.263423],[108.966544,34.263425],[108.966545,34.263427],[108.966545,34.263428],[108.966545,34.263429],[108.966545,34.26343],[108.966545,34.26343],[108.966546,34.263429],[108.966546,34.263429],[108.966546,34.263429],[108.966546,34.263429],[108.966546,34.26343],[108.966546,34.26343],[108.966545,34.263429],[108.966543,34.263425],[108.966541,34.263417],[108.966538,34.263408],[108.966536,34.263396],[108.966535,34.263385],[108.966536,34.263376],[108.966537,34.263371],[108.966537,34.263367],[108.966535,34.263365],[108.966532,34.263363],[108.966527,34.26336],[108.966522,34.263356],[108.966519,34.263352],[108.966518,34.263349],[108.966517,34.263347],[108.966519,34.263347],[108.96652,34.263347],[108.966521,34.263348],[108.966521,34.263348],[108.966522,34.263349],[108.966523,34.263349],[108.966523,34.26335],[108.966524,34.263351],[108.966524,34.263351],[108.966523,34.263352],[108.966523,34.263352],[108.966523,34.263352],[108.966523,34.263352],[108.966523,34.263352],[108.966523,34.263352],[108.966523,34.263351],[108.966523,34.263351],[108.966522,34.263351],[108.966522,34.263351],[108.966522,34.263351],[108.966522,34.263352],[108.966522,34.263354],[108.966522,34.263357],[108.966522,34.263362],[108.966523,34.263367],[108.966525,34.263371],[108.966526,34.263374],[108.966527,34.263377],[108.966526,34.26338],[108.966525,34.263383],[108.966523,34.263387],[108.966522,34.263393],[108.966521,34.263398],[108.966521,34.263401],[108.966521,34.263403],[108.966521,34.263403],[108.96652,34.263403],[108.966521,34.263402],[108.966522,34.263403],[108.966524,34.263404],[108.966525,34.263405],[108.966527,34.263406],[108.966528,34.263407],[108.966528,34.263407],[108.966528,34.263407],[108.966528,34.263407],[108.966529,34.263408],[108.96653,34.263407],[108.966533,34.263406],[108.966535,34.263405],[108.966537,34.263403],[108.966539,34.263402],[108.966537,34.263402],[108.966535,34.263403],[108.966532,34.263407],[108.96653,34.263412],[108.966529,34.263418],[108.966529,34.263423],[108.96653,34.263426],[108.966532,34.263428],[108.966532,34.263427],[108.966532,34.263426],[108.966531,34.263426],[108.96653,34.263426],[108.96653,34.263428],[108.966532,34.263433],[108.966533,34.26344],[108.966534,34.263446],[108.966534,34.263455],[108.966534,34.263463],[108.966535,34.26347],[108.966537,34.263476],[108.966537,34.263479],[108.966537,34.263481],[108.966537,34.263481],[108.966538,34.263482],[108.96654,34.263482],[108.966543,34.263483],[108.966548,34.263483],[108.966552,34.263483],[108.966554,34.263482],[108.966556,34.263482],[108.966557,34.263481],[108.966557,34.263481],[108.966557,34.263481],[108.966557,34.263481],[108.966557,34.263481],[108.966557,34.263481],[108.966557,34.263481],[108.966557,34.263481],[108.966557,34.263481],[108.966557,34.263481],[108.966557,34.263481],[108.966556,34.26348],[108.966554,34.263481],[108.966553,34.263482],[108.966552,34.263484],[108.966552,34.263488],[108.966551,34.263493],[108.966551,34.263499],[108.96655,34.263506],[108.966549,34.263513],[108.966548,34.263519],[108.966547,34.263524],[108.966545,34.263527],[108.966544,34.263529],[108.966544,34.263529],[108.966543,34.263529],[108.966543,34.263529],[108.966543,34.263529],[108.966544,34.263529],[108.966544,34.263529],[108.966545,34.263529],[108.966546,34.26353],[108.966546,34.263532],[108.966546,34.263536],[108.966546,34.263541],[108.966546,34.263545],[108.966545,34.263549],[108.966543,34.263551],[108.966541,34.26355],[108.966537,34.263549],[108.966534,34.263549],[108.966532,34.263549],[108.966531,34.263549],[108.966531,34.26355],[108.966531,34.26355],[108.966531,34.263549],[108.966531,34.263549],[108.966528,34.26355],[108.966524,34.263553],[108.966517,34.263557],[108.966507,34.263561],[108.966496,34.263565],[108.966486,34.263568],[108.966478,34.263572],[108.966473,34.263575],[108.966468,34.26358],[108.966463,34.263586],[108.966457,34.263592],[108.966448,34.263596],[108.966438,34.263599],[108.966431,34.2636],[108.966425,34.263601],[108.966421,34.2636],[108.96642,34.2636],[108.966419,34.263601],[108.966418,34.263601],[108.966417,34.263601],[108.966416,34.263601],[108.966416,34.263601],[108.966416,34.263601],[108.966416,34.263601],[108.966416,34.263601],[108.966416,34.263601],[108.966416,34.263601],[108.966416,34.263601],[108.966416,34.263601],[108.966416,34.263601],[108.966416,34.263601],[108.966416,34.263601],[108.966416,34.263601],[108.966416,34.263601],[108.966416,34.263601],[108.966416,34.263601],[108.966416,34.263601],[108.966416,34.263601],[108.966417,34.2636],[108.966417,34.263599],[108.966417,34.263599],[108.966417,34.263598],[108.966418,34.263597],[108.966418,34.263597],[108.966418,34.263597],[108.966418,34.263597],[108.966418,34.263597],[108.966418,34.263597],[108.966418,34.263597],[108.966418,34.263597],[108.966418,34.263597],[108.966418,34.263597],[108.966418,34.263597],[108.966418,34.263597],[108.966418,34.263597],[108.966418,34.263597],[108.966418,34.263597],[108.966418,34.263597],[108.966418,34.263597],[108.966418,34.263597],[108.966418,34.263597],[108.966418,34.263597],[108.966418,34.263597],[108.966418,34.263598],[108.966418,34.263598],[108.966418,34.263598],[108.966418,34.263598],[108.966418,34.263598],[108.966418,34.263598],[108.966418,34.263598],[108.966418,34.263598],[108.966418,34.263598],[108.966418,34.263598],[108.966417,34.263598],[108.966416,34.263597],[108.966415,34.263595],[108.966413,34.26359],[108.96641,34.263582],[108.966408,34.263571],[108.966406,34.263555],[108.966403,34.263535],[108.9664,34.263511],[108.966397,34.263484],[108.966395,34.263456],[108.966393,34.263427],[108.966391,34.263398],[108.966392,34.263368],[108.966394,34.263337],[108.966398,34.263305],[108.966402,34.263273],[108.966407,34.263242],[108.966411,34.263211],[108.966414,34.263182],[108.966416,34.263153],[108.966418,34.263123],[108.966419,34.263092],[108.96642,34.263061],[108.96642,34.263029],[108.96642,34.262996],[108.966418,34.262956],[108.966416,34.262917],[108.966415,34.262879],[108.966414,34.26284],[108.966414,34.262803],[108.966414,34.262772],[108.966413,34.262741],[108.966413,34.26271],[108.966412,34.262677],[108.966411,34.262642],[108.966411,34.262606],[108.966411,34.262568],[108.966413,34.262528],[108.966414,34.262488],[108.966415,34.262448],[108.966416,34.262405],[108.966416,34.262362],[108.966415,34.262308],[108.966413,34.262253],[108.96641,34.262198],[108.966407,34.262144],[108.966405,34.26209],[108.966404,34.262047],[108.966406,34.262005],[108.966411,34.261964],[108.966418,34.261924],[108.966427,34.261885],[108.966433,34.261846],[108.966439,34.261808],[108.966442,34.26177],[108.966444,34.261731],[108.966444,34.26169],[108.966443,34.261648],[108.966443,34.261604],[108.966449,34.26155],[108.966456,34.261496],[108.966464,34.261444],[108.966474,34.261394],[108.966483,34.261348],[108.966488,34.261314],[108.966492,34.261282],[108.966497,34.261251],[108.966502,34.261219],[108.966508,34.261184],[108.966513,34.261147],[108.966519,34.261109],[108.966525,34.26107],[108.966532,34.26103],[108.966539,34.26099],[108.966544,34.260949],[108.966548,34.260908],[108.966546,34.260859],[108.966539,34.260813],[108.966529,34.260767],[108.966515,34.260722],[108.966498,34.260681],[108.966482,34.260649],[108.966467,34.260617],[108.966456,34.260585],[108.96645,34.260552],[108.966449,34.260519],[108.966453,34.260488],[108.966458,34.260459],[108.966462,34.260435],[108.966467,34.260415],[108.96647,34.260399],[108.966472,34.260386],[108.966473,34.260375],[108.966474,34.260364],[108.966475,34.260354],[108.966474,34.260344],[108.966473,34.260334],[108.966472,34.260322],[108.966471,34.26031],[108.966471,34.260297],[108.966473,34.260283],[108.966476,34.26027],[108.96648,34.260256],[108.966484,34.260242],[108.966488,34.260222],[108.96649,34.2602],[108.966493,34.260173],[108.966494,34.260142],[108.966493,34.260107],[108.966489,34.260068],[108.966484,34.260029],[108.966476,34.25999],[108.966468,34.259952],[108.966459,34.259916],[108.966453,34.259887],[108.966448,34.25986],[108.966445,34.259834],[108.966444,34.259809],[108.966444,34.259783],[108.966444,34.259756],[108.966445,34.259729],[108.966446,34.259703],[108.966448,34.259677],[108.966449,34.259651],[108.966451,34.259626],[108.96645,34.2596],[108.966448,34.259569],[108.966445,34.259536],[108.966442,34.259503],[108.966439,34.259469],[108.966437,34.259433],[108.966437,34.259403],[108.966437,34.259374],[108.966439,34.259345],[108.966441,34.259317],[108.966444,34.259289],[108.966446,34.25926],[108.966447,34.259233],[108.966446,34.259206],[108.966443,34.259179],[108.966439,34.259152],[108.966435,34.259126],[108.966433,34.259098],[108.966431,34.259061],[108.966431,34.259023],[108.966432,34.258984],[108.966433,34.258945],[108.966434,34.258905],[108.966435,34.258872],[108.966436,34.258839],[108.966436,34.258807],[108.966436,34.258775],[108.966436,34.258745],[108.966437,34.258716],[108.966437,34.258688],[108.966436,34.25866],[108.966435,34.258632],[108.966433,34.258604],[108.966432,34.258574],[108.96643,34.258542],[108.966431,34.258504],[108.966433,34.258467],[108.966438,34.258433],[108.966443,34.258401],[108.966449,34.25837],[108.966454,34.258345],[108.966457,34.258319],[108.966459,34.258292],[108.966459,34.258264],[108.966457,34.258237],[108.966456,34.25821],[108.966455,34.258183],[108.966454,34.258155],[108.966453,34.258128],[108.966453,34.2581],[108.966453,34.258071],[108.966452,34.258043],[108.966451,34.258009],[108.96645,34.257975],[108.966448,34.25794],[108.966446,34.257907],[108.966443,34.257873],[108.966441,34.257846],[108.966439,34.257818],[108.966439,34.257789],[108.96644,34.25776],[108.966442,34.257729],[108.966444,34.257699],[108.966447,34.25767],[108.966448,34.257642],[108.966447,34.257614],[108.966445,34.257586],[108.966443,34.257558],[108.966441,34.25753],[108.96644,34.257497],[108.96644,34.257464],[108.96644,34.257432],[108.966441,34.257399],[108.966442,34.257367],[108.966443,34.257339],[108.966444,34.257312],[108.966445,34.257284],[108.966446,34.257256],[108.966447,34.257227],[108.966448,34.2572],[108.966449,34.257173],[108.966449,34.257146],[108.96645,34.257119],[108.96645,34.257093],[108.96645,34.257066],[108.966449,34.25704],[108.96645,34.257009],[108.96645,34.256977],[108.96645,34.256946],[108.966451,34.256914],[108.966451,34.256881],[108.966451,34.256854],[108.966451,34.256827],[108.966452,34.2568],[108.966454,34.256773],[108.966457,34.256745],[108.966459,34.256717],[108.966461,34.256689],[108.966461,34.256661],[108.966461,34.256634],[108.96646,34.256606],[108.966458,34.25658],[108.966455,34.256553],[108.966453,34.256522],[108.96645,34.256491],[108.966448,34.256462],[108.966445,34.256433],[108.966442,34.256403],[108.96644,34.256379],[108.966437,34.256354],[108.966434,34.256328],[108.966432,34.256302],[108.966431,34.256275],[108.966429,34.256248],[108.966429,34.256222],[108.96643,34.256196],[108.966433,34.256171],[108.966436,34.256146],[108.966439,34.256122],[108.966441,34.256098],[108.966441,34.25607],[108.966439,34.256043],[108.966435,34.256016],[108.966433,34.255988],[108.966432,34.25596],[108.966432,34.255936],[108.966432,34.25591],[108.966432,34.255885],[108.966431,34.255859],[108.96643,34.255833],[108.966431,34.255807],[108.966433,34.255783],[108.966436,34.255758],[108.966439,34.255735],[108.966441,34.255712],[108.966442,34.255688],[108.966442,34.255663],[108.96644,34.255632],[108.966436,34.255599],[108.966432,34.255567],[108.96643,34.255535],[108.966427,34.255503],[108.966428,34.255476],[108.966431,34.25545],[108.966435,34.255423],[108.966438,34.255396],[108.966442,34.255369],[108.966444,34.255342],[108.966445,34.255315],[108.966445,34.255288],[108.966445,34.255262],[108.966444,34.255235],[108.966443,34.255209],[108.966442,34.255182],[108.966441,34.25515],[108.966439,34.255117],[108.966437,34.255084],[108.966436,34.25505],[108.966436,34.255017],[108.966436,34.254989],[108.966437,34.254962],[108.966439,34.254934],[108.966442,34.254906],[108.966445,34.254876],[108.966447,34.254846],[108.966449,34.254815],[108.966451,34.254784],[108.966452,34.254753],[108.966454,34.254723],[108.966458,34.254693],[108.966464,34.254661],[108.966475,34.254622],[108.966487,34.254584],[108.9665,34.254544],[108.966512,34.254503],[108.966522,34.254463],[108.966527,34.254429],[108.966529,34.254394],[108.966528,34.254359],[108.966525,34.254322],[108.966521,34.254285],[108.966517,34.254247],[108.966516,34.254208],[108.966519,34.254167],[108.966525,34.254126],[108.966533,34.254089],[108.966543,34.254056],[108.96655,34.254029],[108.966556,34.254005],[108.966562,34.253986],[108.966572,34.253969],[108.966586,34.253954],[108.966606,34.253939],[108.966629,34.253932],[108.96665,34.25393],[108.966664,34.253933],[108.966668,34.253939],[108.966661,34.253948],[108.966643,34.253956],[108.966618,34.25396],[108.96659,34.253959],[108.966559,34.253953],[108.96653,34.253942],[108.966503,34.253927],[108.966477,34.253912],[108.966443,34.2539],[108.966404,34.25389],[108.966355,34.253885],[108.966298,34.253884],[108.96623,34.253888],[108.966162,34.253893],[108.966092,34.253901],[108.966027,34.253911],[108.965964,34.25392],[108.965908,34.253929],[108.965857,34.253936],[108.965813,34.253941],[108.965772,34.253945],[108.965735,34.253949],[108.965702,34.253953],[108.965672,34.253956],[108.965644,34.253958],[108.965612,34.253955],[108.96558,34.253951],[108.965549,34.253946],[108.965518,34.253941],[108.965486,34.253936],[108.96546,34.253933],[108.965434,34.253931],[108.965409,34.25393],[108.965384,34.253929],[108.96536,34.25393],[108.965337,34.253932],[108.965315,34.253937],[108.96529,34.253941],[108.965265,34.253946],[108.96524,34.25395],[108.965221,34.253951],[108.965209,34.253951],[108.965203,34.253951],[108.965204,34.25395],[108.965207,34.253949],[108.96521,34.253949],[108.965212,34.253948],[108.965212,34.253948],[108.965212,34.253948],[108.965212,34.253949],[108.965212,34.253949],[108.965212,34.253949],[108.965212,34.253949],[108.965212,34.25395],[108.965212,34.25395],[108.965212,34.25395],[108.965212,34.25395],[108.965212,34.25395],[108.965212,34.25395],[108.965212,34.25395],[108.965212,34.25395],[108.965212,34.25395],[108.965212,34.25395],[108.965212,34.25395],[108.965212,34.25395],[108.965212,34.25395],[108.965212,34.25395],[108.965212,34.25395],[108.965213,34.25395],[108.965213,34.25395],[108.965213,34.25395],[108.965213,34.25395],[108.965213,34.25395],[108.965213,34.25395],[108.965213,34.25395],[108.965213,34.25395],[108.965213,34.25395],[108.965213,34.25395],[108.965213,34.25395],[108.965213,34.25395],[108.965213,34.25395],[108.965213,34.25395],[108.965213,34.25395],[108.965213,34.25395],[108.965213,34.25395],[108.965213,34.25395],[108.965213,34.25395],[108.965213,34.25395],[108.965213,34.25395],[108.965213,34.25395],[108.965213,34.25395],[108.965213,34.25395],[108.965213,34.25395],[108.965213,34.25395],[108.965213,34.253949],[108.965212,34.253949],[108.965211,34.253949],[108.965211,34.253949],[108.96521,34.253948],[108.96521,34.253948],[108.96521,34.253948],[108.96521,34.253948],[108.96521,34.253948],[108.96521,34.253948],[108.96521,34.253948],[108.96521,34.253948],[108.96521,34.253948],[108.96521,34.253948],[108.96521,34.253948],[108.96521,34.253947],[108.965209,34.253947],[108.965209,34.253947],[108.965209,34.253947],[108.965209,34.253947],[108.965209,34.253947],[108.965209,34.253947],[108.965209,34.253947],[108.965209,34.253947],[108.965209,34.253947],[108.965209,34.253947],[108.965209,34.253947],[108.965208,34.253947],[108.965207,34.253948],[108.965205,34.253949],[108.965204,34.25395],[108.965202,34.253951],[108.965202,34.253952],[108.965202,34.253952],[108.965202,34.253952],[108.965202,34.253952],[108.965202,34.253952],[108.965202,34.253952],[108.965202,34.253952],[108.965202,34.253952],[108.965202,34.253952],[108.965202,34.253952],[108.965202,34.253952],[108.965202,34.253952],[108.965202,34.253952],[108.965202,34.253952],[108.965202,34.253952],[108.965202,34.253952],[108.965202,34.253952],[108.965201,34.253952],[108.965199,34.253951],[108.965194,34.25395],[108.965187,34.25395],[108.965177,34.25395],[108.965166,34.25395],[108.965152,34.253949],[108.965135,34.253947],[108.965114,34.253945],[108.965088,34.253941],[108.965057,34.253936],[108.965021,34.25393],[108.96498,34.253925],[108.964938,34.253921],[108.964893,34.253917],[108.964846,34.253914],[108.964798,34.25391],[108.964747,34.253906],[108.964695,34.253902],[108.964641,34.253897],[108.964586,34.253894],[108.96452,34.25389],[108.964451,34.253884],[108.964382,34.253879],[108.964311,34.253873],[108.96424,34.253867],[108.964179,34.253862],[108.964117,34.253857],[108.964054,34.253851],[108.963992,34.253846],[108.963927,34.253839],[108.963862,34.253832],[108.963797,34.253826],[108.963734,34.253819],[108.963672,34.253812],[108.963611,34.253806],[108.963552,34.2538],[108.963495,34.253796],[108.963426,34.253795],[108.963354,34.253794],[108.963281,34.253794],[108.963208,34.253794],[108.963131,34.253792],[108.963065,34.25379],[108.963,34.253785],[108.962937,34.25378],[108.962873,34.253775],[108.96281,34.253772],[108.962747,34.253772],[108.962685,34.253776],[108.962622,34.25378],[108.96256,34.253785],[108.962499,34.253788],[108.96244,34.25379],[108.962381,34.253789],[108.962313,34.253787],[108.962246,34.253781],[108.962182,34.253775],[108.962116,34.253768],[108.962051,34.25376],[108.961996,34.253752],[108.961941,34.253745],[108.961887,34.253737],[108.96183,34.253729],[108.961771,34.253722],[108.961712,34.253717],[108.961652,34.253714],[108.961591,34.253714],[108.961527,34.253716],[108.961461,34.25372],[108.961394,34.253724],[108.961325,34.253728],[108.961241,34.25373],[108.961157,34.253732],[108.961077,34.253732],[108.960998,34.253732],[108.960921,34.25373],[108.960859,34.253728],[108.960801,34.253726],[108.960742,34.253723],[108.960685,34.253718],[108.96063,34.253712],[108.960577,34.253705],[108.960524,34.253698],[108.960473,34.253693],[108.960422,34.253689],[108.960372,34.253687],[108.960323,34.253685],[108.960275,34.253684],[108.960218,34.253682],[108.960162,34.253678],[108.960105,34.253675],[108.960047,34.253675],[108.959987,34.253678],[108.959932,34.253684],[108.959875,34.253691],[108.959815,34.253698],[108.959754,34.253703],[108.959691,34.253703],[108.959629,34.253699],[108.959568,34.253694],[108.95951,34.253687],[108.959452,34.253682],[108.959395,34.25368],[108.959339,34.253679],[108.959285,34.253682],[108.959223,34.253685],[108.959163,34.253685],[108.959105,34.253685],[108.959049,34.253682],[108.958995,34.253679],[108.958953,34.253676],[108.958909,34.253674],[108.958864,34.253672],[108.958818,34.253672],[108.958772,34.253671],[108.958726,34.253669],[108.958682,34.253666],[108.958639,34.253664],[108.958597,34.253662],[108.958557,34.253661],[108.958518,34.253661],[108.958479,34.253661],[108.958432,34.253663],[108.958386,34.253664],[108.958338,34.253663],[108.958291,34.253661],[108.958243,34.253658],[108.958204,34.253654],[108.958165,34.253649],[108.958129,34.253645],[108.958092,34.25364],[108.958054,34.253635],[108.958016,34.253631],[108.957978,34.253627],[108.957939,34.253623],[108.9579,34.253618],[108.957863,34.253615],[108.957826,34.25361],[108.95779,34.253606],[108.957749,34.2536],[108.957707,34.253595],[108.957664,34.25359],[108.957621,34.253587],[108.957579,34.253584],[108.957543,34.253583],[108.957506,34.253582],[108.95747,34.253583],[108.957433,34.253584],[108.957395,34.253586],[108.957356,34.253588],[108.957318,34.253589],[108.957278,34.25359],[108.957238,34.253591],[108.9572,34.25359],[108.95716,34.253588],[108.957121,34.253586],[108.957074,34.253581],[108.957028,34.253577],[108.95698,34.253573],[108.956934,34.253571],[108.956888,34.25357],[108.95685,34.25357],[108.956813,34.253571],[108.956777,34.253571],[108.956742,34.253571],[108.956705,34.253571],[108.956669,34.253571],[108.956632,34.253571],[108.956595,34.253571],[108.956558,34.253571],[108.956521,34.25357],[108.956483,34.253569],[108.956444,34.253567],[108.956398,34.253563],[108.956351,34.253557],[108.956305,34.253551],[108.956259,34.253545],[108.956215,34.25354],[108.956177,34.253538],[108.956141,34.253538],[108.956105,34.25354],[108.956069,34.253543],[108.956033,34.253546],[108.955996,34.253551],[108.955957,34.253555],[108.955919,34.253558],[108.955879,34.25356],[108.955839,34.253559],[108.955797,34.253557],[108.955754,34.253553],[108.955703,34.253546],[108.955652,34.253539],[108.955601,34.253533],[108.955553,34.253528],[108.955506,34.253524],[108.955467,34.253523],[108.95543,34.253524],[108.955395,34.253527],[108.95536,34.253531],[108.955323,34.253535],[108.955287,34.253539],[108.955251,34.253542],[108.955212,34.253543],[108.955173,34.253543],[108.955135,34.253541],[108.955098,34.253538],[108.955061,34.253535],[108.955017,34.253532],[108.954974,34.253529],[108.954931,34.253527],[108.95489,34.253525],[108.95485,34.253522],[108.954819,34.25352],[108.954788,34.253519],[108.954757,34.253518],[108.954724,34.253519],[108.95469,34.253521],[108.954656,34.253523],[108.954621,34.253524],[108.954586,34.253525],[108.954551,34.253524],[108.954518,34.253522],[108.954484,34.25352],[108.95445,34.253517],[108.954407,34.253515],[108.954363,34.253514],[108.954318,34.253513],[108.954271,34.253511],[108.954223,34.253509],[108.95418,34.253506],[108.954138,34.253502],[108.954096,34.253498],[108.954057,34.253493],[108.95402,34.253488],[108.953986,34.253483],[108.953954,34.253479],[108.953923,34.253477],[108.953893,34.253476],[108.953862,34.253477],[108.953832,34.253479],[108.953801,34.253483],[108.953765,34.253487],[108.953728,34.25349],[108.953691,34.253491],[108.953655,34.25349],[108.953618,34.253487],[108.953585,34.253485],[108.953552,34.253482],[108.95352,34.253481],[108.953488,34.253481],[108.953457,34.253481],[108.953426,34.253481],[108.953395,34.253481],[108.953362,34.25348],[108.953328,34.253479],[108.953291,34.253478],[108.953253,34.253475],[108.953215,34.253473],[108.95317,34.253471],[108.953126,34.253471],[108.953083,34.253472],[108.95304,34.253473],[108.952997,34.253475],[108.952962,34.253477],[108.952927,34.253481],[108.952892,34.253486],[108.952857,34.25349],[108.952822,34.253493],[108.952789,34.253496],[108.952754,34.253499],[108.952719,34.253502],[108.952684,34.253505],[108.952648,34.253509],[108.952609,34.253511],[108.952568,34.253513],[108.95252,34.253513],[108.952474,34.253512],[108.952428,34.253513],[108.952383,34.253516],[108.95234,34.25352],[108.952305,34.253525],[108.95227,34.253528],[108.952235,34.253532],[108.952201,34.253533],[108.952167,34.253535],[108.952132,34.253537],[108.952098,34.25354],[108.952064,34.253543],[108.952031,34.253546],[108.951999,34.253548],[108.951966,34.25355],[108.951933,34.253551],[108.951894,34.25355],[108.951855,34.253548],[108.951817,34.253542],[108.951779,34.253536],[108.951741,34.253528],[108.951711,34.253522],[108.951681,34.253516],[108.951651,34.25351],[108.951621,34.253505],[108.951589,34.253501],[108.951556,34.253497],[108.951521,34.253496],[108.951486,34.253499],[108.951449,34.253504],[108.951412,34.253511],[108.951373,34.25352],[108.951334,34.253526],[108.951284,34.253531],[108.951234,34.253534],[108.951183,34.253535],[108.951132,34.253535],[108.951083,34.253534],[108.951043,34.253532],[108.951005,34.25353],[108.950968,34.253528],[108.95093,34.253528],[108.950893,34.253528],[108.950856,34.253529],[108.95082,34.25353],[108.950784,34.253531],[108.95075,34.253531],[108.950719,34.25353],[108.950687,34.253528],[108.950657,34.253527],[108.950624,34.253526],[108.950592,34.253524],[108.950561,34.253524],[108.950534,34.253526],[108.950511,34.25353],[108.950497,34.253534],[108.950489,34.25354],[108.950486,34.253542],[108.950486,34.253543],[108.950488,34.253542],[108.950489,34.25354],[108.950491,34.253539],[108.950491,34.253538],[108.950491,34.253538],[108.950491,34.253538],[108.950491,34.253538],[108.95049,34.253538],[108.950485,34.253539],[108.950478,34.25354],[108.950469,34.253541],[108.950459,34.253542],[108.950449,34.253542],[108.950441,34.253541],[108.950434,34.253541],[108.950428,34.253539],[108.950422,34.253538],[108.950417,34.253537],[108.950412,34.253535],[108.950406,34.253534],[108.9504,34.253533],[108.950392,34.253532],[108.950386,34.253531],[108.95038,34.253529],[108.950375,34.253528],[108.950372,34.253526],[108.95037,34.253525],[108.95037,34.253524],[108.95037,34.253523],[108.95037,34.253523]]}}]}