{"type":"FeatureCollection","features":[{"type":"Feature","properties":{"name":"England"},"geometry":{"type":"MultiPolygon","coordinates":[[[[-6.34905063698858,49.8982198764569],[-6.32842255580921,49.8924563072245],[-6.32851419772116,49.8920519710133],[-6.33779744285269,49.8931292299994],[-6.33833748048622,49.8934128591435],[-6.34126068734852,49.8823405162684],[-6.34234643782324,49.8828854591327],[-6.3527673717682,49.8892260012143],[-6.34905063698858,49.8982198764569]]],[[[-6.27583724948072,49.9212271962324],[-6.28782904813455,49.9100221770541],[-6.30300390583224,49.9115332328234],[-6.30393769094131,49.903196217657],[-6.30608773151811,49.9054255236272],[-6.31287821027284,49.9132390734705],[-6.31336103528759,49.9129650777549],[-6.31353200551293,49.9131422722706],[-6.3136454087717,49.9128036978506],[-6.32051455072413,49.9089049787525],[-6.3266371152401,49.9116225957698],[-6.32764388449862,49.9125747432091],[-6.30909420519122,49.9166184396113],[-6.31035804438423,49.9195169399705],[-6.3121245194452,49.9285359516644],[-6.29777466555399,49.9367940501941],[-6.27662950341114,49.9287815874203],[-6.27583724948072,49.9212271962324]]],[[[-6.33190786624801,49.9395919728529],[-6.33248011696287,49.9395046602308],[-6.34431732204487,49.9605686850966],[-6.3464636798,49.9669251114628],[-6.32066634211293,49.9540682065632],[-6.3199715000141,49.9524717294973],[-6.33190786624801,49.9395919728529]]],[[[-6.34949393521094,49.9519209995175],[-6.35573538641128,49.9464509408925],[-6.36029701223157,49.9489780819577],[-6.35872037824527,49.9670131031907],[-6.34807363717607,49.9556526331598],[-6.34949393521094,49.9519209995175]]],[[[-6.29356553658171,49.9783292442425],[-6.28970753428646,49.9699073459665],[-6.28874857988966,49.966172328003],[-6.26173195371061,49.9628627163266],[-6.26316440139207,49.9623801340083],[-6.28385208069647,49.9563368082627],[-6.28614338129591,49.9568686470868],[-6.29418647387847,49.9600231168086],[-6.29418806046087,49.9603854996551],[-6.29439236177574,49.9601038523958],[-6.3023050989383,49.9632062082093],[-6.30368358373152,49.9646746854838],[-6.2954108431127,49.9758395593294],[-6.29215937203599,49.9744135928327],[-6.29367511798735,49.9781814051303],[-6.29356553658171,49.9783292442425]]],[[[-1.95624025439997,50.6919628173485],[-1.96158467721217,50.6862824134723],[-1.98803823899505,50.6924503301952],[-1.96526040460952,50.6948227163725],[-1.95624025439997,50.6919628173485]]],[[[-4.72691368032223,50.6828722820253],[-4.72664429787625,50.6825688209371],[-4.72712191373254,50.6825814367431],[-4.72691368032223,50.6828722820253]]],[[[-1.55514990055038,50.7143479842295],[-1.55117688336392,50.706141178964],[-1.55647776504661,50.7076806555965],[-1.55514990055038,50.7143479842295]]],[[[-1.30376044782562,50.7647739430256],[-1.29609714853291,50.7617764261975],[-1.29489503047226,50.7619811967246],[-1.28295875523301,50.7300328620063],[-1.29138282951802,50.7625793851795],[-1.27459016885121,50.7654377404134],[-1.24778603600004,50.7518652840474],[-1.24252178054301,50.7385374244925],[-1.23491441338319,50.7432761051197],[-1.22788037523981,50.7415184524468],[-1.21642988277835,50.7351993474794],[-1.21665461703654,50.7349419195155],[-1.21592887158006,50.7349227938626],[-1.21453483766021,50.7341532697859],[-1.20866995844008,50.7347312501724],[-1.15457965044967,50.7332899441918],[-1.1511820185163,50.7323587860708],[-1.10870001252852,50.7207032915614],[-1.096090623818,50.6943892803458],[-1.10288960453021,50.6998787470342],[-1.10829185102894,50.6935034059896],[-1.08597394170129,50.6943265738743],[-1.07037691303565,50.6875813579186],[-1.0702356754457,50.687500715093],[-1.09854495096676,50.6649692480509],[-1.13172351876458,50.6623279094688],[-1.1526153945459,50.6529067500512],[-1.16036019623443,50.6494123606049],[-1.17602804388635,50.6167840239542],[-1.18539974651291,50.5972447465763],[-1.30125092563529,50.5755742433479],[-1.34510194345534,50.6010229126833],[-1.37388252468608,50.6180148211081],[-1.38897028308281,50.6269150116338],[-1.43568272412706,50.6402814200141],[-1.44808171948387,50.6438248926354],[-1.4844124540677,50.6667609371819],[-1.58654257502514,50.6631252717928],[-1.54822423813342,50.6782809179713],[-1.52212656233147,50.7070221424783],[-1.52041568910205,50.7071249803295],[-1.50156827688998,50.7068070231597],[-1.50967039709627,50.7058149548162],[-1.4998352834462,50.6979536864391],[-1.4965850924012,50.7009347398427],[-1.50393007609483,50.7056534359429],[-1.46946387054805,50.7095556400011],[-1.43468656889706,50.7232739583474],[-1.42806709472966,50.7258829247906],[-1.41701274903595,50.7252363136494],[-1.41175296320724,50.7243760067584],[-1.42201026864972,50.7246156124451],[-1.41298551253039,50.7186244553112],[-1.41423674916251,50.7153033340576],[-1.41305623728034,50.7035321613147],[-1.41190284892874,50.7144768048883],[-1.39774295879168,50.7104480302149],[-1.40811946505584,50.7190812648143],[-1.38482203025885,50.7224763656128],[-1.40356772054242,50.7265572366218],[-1.39528491610402,50.7288174503164],[-1.35329639919519,50.7390898055694],[-1.31469585225121,50.7654664699383],[-1.31109848984391,50.7670452280896],[-1.30376044782562,50.7647739430256]]],[[[-1.0926096752797,50.8151105707402],[-1.10147485536478,50.8135922857573],[-1.09649634846136,50.8206385268821],[-1.0926096752797,50.8151105707402]]],[[[-0.950970779689511,50.8237904396658],[-0.957215526534016,50.8075729182263],[-0.973331986538252,50.8090342848307],[-0.952746967377765,50.8011192140116],[-0.959264224397035,50.7949101519108],[-0.967368026819968,50.787186775116],[-0.951226598896024,50.7870191844266],[-0.958866318819904,50.7811549297099],[-0.937591016133505,50.7873243024877],[-0.938871205416228,50.7776381748596],[-0.959547752730134,50.7796478089628],[-1.02388973732368,50.7881533756317],[-1.024998748734,50.7954778803133],[-1.02508165818578,50.7960253370278],[-0.994524437189328,50.7983665664024],[-0.983269060952603,50.8207326323091],[-0.990075383834852,50.8269824056653],[-0.967569150120976,50.8348224913923],[-0.950970779689511,50.8237904396658]]],[[[-1.04423118218365,50.8316944126489],[-1.0442455495371,50.7956367039379],[-1.04424761456082,50.7905149210392],[-1.03383543370569,50.7955512498888],[-1.03143440541691,50.796712359791],[-1.03102001282028,50.7955279466572],[-1.0288625506635,50.7893604955098],[-1.0885941422214,50.7777142198574],[-1.09533861787975,50.7817123878278],[-1.1089236745791,50.7904384617432],[-1.10982548345459,50.7961558600911],[-1.11152102865734,50.8069018583136],[-1.0911786242944,50.8090688086318],[-1.09471376135908,50.8117998383358],[-1.09063230593382,50.8164971120292],[-1.09402758438586,50.8230075986958],[-1.10022301474976,50.8266865552377],[-1.08446852615611,50.8248197639756],[-1.07581268676816,50.8370070784582],[-1.04423118218365,50.8316944126489]]],[[[-4.66640383519619,51.159396282759],[-4.67092482315619,51.1584635548179],[-4.68057246853434,51.1724248304546],[-4.67782364148848,51.1985100296591],[-4.67735952758753,51.2024006736773],[-4.65326627659294,51.1623696468657],[-4.66640383519619,51.159396282759]]],[[[0.608113907189036,51.4015436382047],[0.615324178551404,51.3953841229014],[0.597014785817756,51.3960797897663],[0.608113907189036,51.4015436382047]]],[[[0.582572584376833,51.4031341853723],[0.561520430470315,51.4022334214046],[0.564435834328907,51.4079545418085],[0.582572584376833,51.4031341853723]]],[[[0.68296919632433,51.4126452876825],[0.694510265742321,51.3967639004546],[0.672639175867811,51.3984055184429],[0.665928519130536,51.4062823343678],[0.68296919632433,51.4126452876825]]],[[[0.678799156331697,51.4235185775862],[0.687777167499511,51.4144341989033],[0.660058395634273,51.41762578241],[0.678799156331697,51.4235185775862]]],[[[0.901366781689629,51.4168258243878],[0.950172658982103,51.3721321527041],[0.896803923025051,51.3544681077119],[0.871641256563888,51.3647206886814],[0.857697887655572,51.3703977577531],[0.856694825375605,51.3649258481497],[0.840527961124425,51.3716465337732],[0.851298781549506,51.3648336429826],[0.839447284359421,51.3636451611804],[0.806290734031111,51.372289168192],[0.766186879767677,51.3699695198562],[0.764272588608148,51.3882605463511],[0.732677779090826,51.4002771184954],[0.721659394132739,51.4144254885753],[0.732452873378976,51.4089462650106],[0.746879721796758,51.4153384721156],[0.73543685714915,51.424373337445],[0.749376965657077,51.4460589073104],[0.781065667447864,51.4412753081127],[0.791369661149918,51.4393429615058],[0.823924189780159,51.4256415552739],[0.875094894442408,51.4198227562009],[0.901366781689629,51.4168258243878]]],[[[0.645828637789079,51.5392223691518],[0.627427300641537,51.5330905168447],[0.627086241765192,51.5325776442439],[0.626697489580456,51.532127667081],[0.625920991053543,51.5322463397068],[0.609032755817432,51.5348259931939],[0.624282736272642,51.5364286600334],[0.624353117922789,51.5362943887957],[0.626621157486853,51.5366038202837],[0.645828637789079,51.5392223691518]]],[[[0.837491435881474,51.5851768552972],[0.822949646500331,51.5648819751085],[0.808066070701758,51.5856266823064],[0.830143881186117,51.5959662399368],[0.837491435881474,51.5851768552972]]],[[[0.884470369592766,51.5685005379575],[0.866370064397508,51.5589408408895],[0.840146351266313,51.5616365017136],[0.825779682464893,51.5644666807244],[0.838649742357825,51.5814783607139],[0.840078217246046,51.5820230159602],[0.83799748353139,51.5936189637611],[0.866825862664548,51.5951863846099],[0.874374700653288,51.6141508887792],[0.887428869773476,51.6151568592981],[0.957516615699434,51.6205323075031],[0.929866948989761,51.5924463602532],[0.884470369592766,51.5685005379575]]],[[[0.787703225708633,51.722314974478],[0.770131405191014,51.7190521778146],[0.754635465091149,51.7248622640503],[0.769753859072292,51.7268272061453],[0.787703225708633,51.722314974478]]],[[[0.721175352977299,51.7306497143002],[0.726170411198278,51.7170514672186],[0.7081312928497,51.7196397994287],[0.721175352977299,51.7306497143002]]],[[[0.838019187582583,51.7733655764956],[0.856198944009919,51.7676552394875],[0.83349406742561,51.7692557874845],[0.838019187582583,51.7733655764956]]],[[[0.945555009968762,51.7746984061066],[0.902361802698661,51.7737041606734],[0.901838474600217,51.7861260035955],[0.924586899694692,51.7955980326165],[0.942773993136243,51.8067462357994],[0.965846855849948,51.8086755318991],[0.999129028964842,51.8019348953273],[0.999990659498777,51.7931413458885],[0.945555009968762,51.7746984061066]]],[[[1.22179248136303,51.8720351062146],[1.20674775520478,51.8706769294547],[1.21868690650977,51.8781480414813],[1.22466705621205,51.8802991425783],[1.22179248136303,51.8720351062146]]],[[[1.26290375352883,51.8802172632041],[1.26374124768394,51.8730442912216],[1.25504873490394,51.8745256391288],[1.26290375352883,51.8802172632041]]],[[[1.2574502050475,51.8834653953823],[1.24459264439798,51.8688853134179],[1.22642247370622,51.8753076473301],[1.22969210008692,51.8814698847169],[1.2574502050475,51.8834653953823]]],[[[1.23395227520666,51.8936787250336],[1.24267369616314,51.8865856421055],[1.23155886770935,51.8874943155246],[1.23395227520666,51.8936787250336]]],[[[0.912456339387194,52.9639967393764],[0.89168039512801,52.9619050977526],[0.902493773786581,52.9659933576825],[0.912456339387194,52.9639967393764]]],[[[0.905252761919378,52.9680578336555],[0.879713220351256,52.959103111422],[0.886610216489021,52.9625761297593],[0.875650893504332,52.9673048719098],[0.886149431184195,52.9640630866988],[0.894187439816898,52.9707774131177],[0.905252761919378,52.9680578336555]]],[[[0.878113972196959,52.9758624677176],[0.88372450704003,52.9650367772939],[0.866719494553699,52.9761157956189],[0.872053130086781,52.9691358964368],[0.867868964021734,52.9734268266824],[0.854815886035976,52.96674935121],[0.866597863393481,52.9786807726513],[0.878113972196959,52.9758624677176]]],[[[0.695431371028693,52.9869160796827],[0.75100375951988,52.9781731438014],[0.721725241249031,52.9824910790026],[0.716592290742357,52.9773571196667],[0.718928305496478,52.9827700129744],[0.711043461567866,52.9786968800739],[0.703495826588303,52.9837648887849],[0.700925367100904,52.9791711616968],[0.703373068550492,52.9852209294984],[0.697611846999556,52.9806712984979],[0.690356200190578,52.9869941677658],[0.696512564907587,52.9808830152517],[0.685417788474288,52.9832275200708],[0.682107708381526,52.9774117880759],[0.685885539553471,52.9867370497867],[0.680070904313345,52.9866406996777],[0.658053979870343,52.9862733482473],[0.680117030030948,52.9873866940569],[0.686500540084794,52.9877080622604],[0.695431371028693,52.9869160796827]]],[[[-0.520770416932692,53.685218805142],[-0.535747782738275,53.6812564229747],[-0.55371706680489,53.6903324569196],[-0.520770416932692,53.685218805142]]],[[[-3.24293638304044,54.0989390219003],[-3.25246271722293,54.0957650219956],[-3.24315966275771,54.0975198518283],[-3.24719285956558,54.0922034363853],[-3.22433693414325,54.0820072692496],[-3.22095529220927,54.0804979060501],[-3.22414929147294,54.0756345323388],[-3.22681625445275,54.0715727445285],[-3.2239971928029,54.070486825034],[-3.21026624924842,54.0651958631531],[-3.2048924930785,54.0516166243715],[-3.17858767237087,54.0552646130481],[-3.17410086163805,54.0482939381928],[-3.17302733249502,54.0552727451472],[-3.1731611097089,54.0470766152163],[-3.20991255885691,54.0476711083467],[-3.22374027168623,54.0617668713321],[-3.26855382921652,54.1073707832829],[-3.27638163870848,54.1428860385048],[-3.25228742598976,54.1503697663973],[-3.26687449786406,54.1419213624305],[-3.24560541870846,54.1098592270336],[-3.24293638304044,54.0989390219003]]],[[[-1.77908795987536,55.6856777636571],[-1.77865649285957,55.6675945181393],[-1.80285469017326,55.668349070501],[-1.81547751645511,55.6821570738983],[-1.85478733341072,55.6804363965868],[-1.85105010435205,55.6884713048994],[-1.81486092720814,55.6892363679464],[-1.78980014916222,55.6876015810628],[-1.77908795987536,55.6856777636571]]],[[[-1.98863911850325,55.7689434392051],[-1.98799973142785,55.7649016459377],[-2.00157807886169,55.7653864133495],[-2.00424227577983,55.7654813536776],[-2.00157804508799,55.7636477899741],[-1.95869115304864,55.7341007225371],[-1.95784694897657,55.7334276406633],[-1.9574370299258,55.7332357918619],[-1.93809635261851,55.7198906515312],[-1.91014312013948,55.7110796075273],[-1.90754753019702,55.7098623725319],[-1.90266989471157,55.7087222441528],[-1.87060734203204,55.6986000082451],[-1.87415903124864,55.683931708538],[-1.88557370176714,55.6847839769666],[-1.87321110369776,55.6827780893412],[-1.87163042079157,55.6660910460438],[-1.85509459074242,55.6534441486371],[-1.84147671153596,55.643021103988],[-1.80836050896798,55.6343971424312],[-1.79019550601625,55.650477714556],[-1.79178982147344,55.6533528714041],[-1.79501992128821,55.6591766170582],[-1.78819984059169,55.6567105464547],[-1.78914937690041,55.6533483283928],[-1.79084477087128,55.6473436915753],[-1.75451777297921,55.6233974406879],[-1.75578869368358,55.6183159817015],[-1.78582944976654,55.6170902501344],[-1.77037695276508,55.6034078929136],[-1.74543953482732,55.618960091785],[-1.72261701079078,55.6167919182156],[-1.68418785769231,55.5990382690403],[-1.66706928627749,55.5911208788469],[-1.66202338347847,55.5869201732963],[-1.65038125214428,55.5833976200959],[-1.63959889300321,55.5784053973878],[-1.65215380911896,55.5713521692575],[-1.64555061466209,55.5741449080619],[-1.64204890501976,55.5712813058913],[-1.6421234888861,55.5711426676786],[-1.63930696575464,55.5690386620797],[-1.61878354522286,55.5522419060688],[-1.61894254345641,55.5521415821378],[-1.63146390682202,55.5483454556334],[-1.63147831503501,55.5442295976091],[-1.64204256810635,55.5375583833915],[-1.61065620099406,55.5217779492746],[-1.61101391735865,55.5177478962928],[-1.616183683914,55.5129294987844],[-1.61144956628028,55.5128387486898],[-1.61245376176075,55.5015180613039],[-1.61352257036668,55.5002521918192],[-1.61259425163371,55.499933727292],[-1.61287383062077,55.4967804334139],[-1.59118435048404,55.4924111382234],[-1.59199188409099,55.4731464083063],[-1.59336474091017,55.4403491365824],[-1.59050727455852,55.4389028763814],[-1.5905028666335,55.4377252669026],[-1.57556105244498,55.4304599459575],[-1.57826653947515,55.4168891467436],[-1.57831966147887,55.4168308519083],[-1.57828471763885,55.416797930741],[-1.58028045752047,55.4067810746122],[-1.61165782679215,55.3850075755284],[-1.60892450840409,55.3839922956281],[-1.60222272908895,55.370257739889],[-1.60220538042795,55.3697332935761],[-1.60140431187562,55.3685798090295],[-1.59167875465719,55.3486290418236],[-1.58660131689102,55.3360198909908],[-1.57287436867095,55.3385757653811],[-1.56438159214146,55.3338347483696],[-1.54932136863303,55.3220429204483],[-1.56847322878669,55.2933554004047],[-1.57035533577657,55.2905337791009],[-1.56902208418764,55.2716583504214],[-1.56415948493218,55.2656865778671],[-1.56412918273687,55.265493838677],[-1.56364120042597,55.2650499551147],[-1.52228024548007,55.2141728097513],[-1.52217304794505,55.2098441767037],[-1.51475836314603,55.2049048400578],[-1.49914014031991,55.1856457804753],[-1.50577254655194,55.1844416777449],[-1.51181488068625,55.1835712277259],[-1.52515726180707,55.1626393614498],[-1.54026869998144,55.1616112337856],[-1.52614083542656,55.1599714113685],[-1.48671837492191,55.116501634807],[-1.50038251915801,55.1279179154055],[-1.52193933066772,55.1435759859022],[-1.52002015315567,55.1388260485412],[-1.53325167024429,55.1390625727886],[-1.55903286794584,55.1466676039305],[-1.53394327689367,55.1375960196144],[-1.56880709403642,55.1308890507645],[-1.52765875457441,55.1371823174057],[-1.50585527324807,55.1297775830682],[-1.49884222630273,55.124469370156],[-1.49419184027921,55.1140539850682],[-1.49624643195223,55.1133809483319],[-1.4914525274583,55.1000964140433],[-1.48588743388224,55.0954410623458],[-1.47844277069734,55.0787397630995],[-1.47250108145132,55.0842373646353],[-1.46457968471167,55.0776039097922],[-1.46182442674428,55.0743503311013],[-1.46179374970094,55.0743141031447],[-1.44994701659142,55.0585460273717],[-1.45053056692368,55.0551970712407],[-1.4443049526683,55.0510316366134],[-1.42071394421678,55.0195786572015],[-1.4028696133561,55.0145633189246],[-1.41678966933527,55.0165301471122],[-1.42175144015697,55.0136592794756],[-1.42985104890825,55.013282105174],[-1.4560212776443,54.9886629464212],[-1.50178143406318,54.9885270547844],[-1.51782683495907,54.9963870424673],[-1.50252097888871,54.9884923427355],[-1.53084429541888,54.9840152780562],[-1.47450166038465,54.9864749496874],[-1.47451752220319,54.9864442813417],[-1.48048609480626,54.9749011695279],[-1.45655418850596,54.9774359961978],[-1.47187843569643,54.9860772159692],[-1.44943209596967,54.9843513270111],[-1.42563677051095,55.0064151334809],[-1.41997919458222,55.0045359386742],[-1.41860375890732,55.003230983709],[-1.41222723833407,55.0061704951629],[-1.4091847290874,55.0010642871611],[-1.41090492392259,54.9989001767352],[-1.37659989286456,54.9776555464873],[-1.35661832192635,54.9652664386665],[-1.3639710172479,54.9441194795385],[-1.36400043019682,54.9438742227697],[-1.36530091006636,54.9330274214851],[-1.36613008670018,54.9261083565152],[-1.35894096630313,54.9236079711539],[-1.35864350925733,54.9221380020882],[-1.3634778749248,54.922768627793],[-1.37096831298611,54.911704724741],[-1.35764226388955,54.9171892912456],[-1.35635981986155,54.9108489762161],[-1.3616070236887,54.8982268247625],[-1.34756912654959,54.8606216868585],[-1.34733192429187,54.8604172301036],[-1.32085204613017,54.8375768932766],[-1.32937635351434,54.8381012332553],[-1.30204383445095,54.7684733510478],[-1.28092724463302,54.7528262889191],[-1.24118485027801,54.7233353043412],[-1.24099446513821,54.723193896748],[-1.17616941170087,54.697686436507],[-1.17401455835006,54.6918753764694],[-1.17419304324753,54.6918818431243],[-1.19625576549429,54.6985837331918],[-1.18804188222018,54.6933616745788],[-1.18886433508758,54.692412406321],[-1.19210598408711,54.6925293690329],[-1.19437290138972,54.6860528637491],[-1.19910675817445,54.6805859385269],[-1.17588335601125,54.6534203426575],[-1.15763713826617,54.6482059771206],[-1.17316596143816,54.6337153984613],[-1.18824961393819,54.6326045275537],[-1.19227998362176,54.6294659582166],[-1.20065229905146,54.6229442007929],[-1.1729776845626,54.6215416370441],[-1.16796351841264,54.6293347706858],[-1.15997501820635,54.6113285701554],[-1.18557933801797,54.5914060596208],[-1.18771768746909,54.5897411035337],[-1.19751626703973,54.5821095476998],[-1.1601890467375,54.6045000941655],[-1.1467473278275,54.5990819128081],[-1.15753376316828,54.6054167299732],[-1.15177599272898,54.6145313000974],[-1.13228972511792,54.6085739693834],[-1.15084115505409,54.6151357622129],[-1.15433161080956,54.6277027514845],[-1.13538931589707,54.6296951457884],[-1.13692853048525,54.6431883140024],[-1.12562932672816,54.6380767117464],[-1.11278072375207,54.6277089362667],[-1.07234156599659,54.6201626329244],[-1.05257983062295,54.616469002166],[-1.04035425870814,54.6110155226395],[-1.03663668687146,54.6084867341869],[-1.02702169533725,54.6050651770132],[-1.00054364237584,54.5932384836367],[-0.961483425260444,54.5849131906238],[-0.947076641366433,54.5874099183547],[-0.936269831613294,54.5881090171702],[-0.898265057834884,54.5712655985119],[-0.853433805366454,54.5717802766646],[-0.844236166514544,54.5697099837167],[-0.794250934628727,54.5584429484075],[-0.791803406684005,54.5583130351184],[-0.78459498335559,54.5579301236806],[-0.766823760942907,54.5501773356664],[-0.764776936442302,54.548249987411],[-0.743495645446768,54.5281982689181],[-0.734514711044779,54.5302044654159],[-0.712805867377049,54.5330302492023],[-0.699120602087245,54.5270584392594],[-0.692782844332321,54.5206924991896],[-0.683472315932026,54.5202260065985],[-0.682059034739363,54.519608721848],[-0.670416084425388,54.5007706776705],[-0.623877001698064,54.4954664319373],[-0.610366837851536,54.4935140872847],[-0.573628428888186,54.4813196327772],[-0.554425742784659,54.4696557090599],[-0.52083919440307,54.4462629129552],[-0.532719092710363,54.4334461436296],[-0.528473861935599,54.4253773923145],[-0.528715067851505,54.4248604940432],[-0.527928757998375,54.4243410979566],[-0.524202393839579,54.4172554764877],[-0.51178559888683,54.4136737489926],[-0.503741190339727,54.4083551728829],[-0.497689998330275,54.4096054621681],[-0.490976421873198,54.4076669339845],[-0.463607051390559,54.3890325346196],[-0.461667198973488,54.3859699895696],[-0.461490892254704,54.3856916207428],[-0.432691541513805,54.34016683802],[-0.417081352345487,54.3314439992184],[-0.407436469873212,54.293461534521],[-0.384767305901954,54.2882246240693],[-0.384878099216037,54.288065235122],[-0.396691450227985,54.2745273211795],[-0.368720227987309,54.2484565827353],[-0.366138029867442,54.2476599934333],[-0.365826894634149,54.2473646153896],[-0.355181069867644,54.2442788964663],[-0.265490680966476,54.2165440162593],[-0.277444257925742,54.2121050995464],[-0.280704848930495,54.2116008645252],[-0.280548255877256,54.2109520796753],[-0.28382256446133,54.2097356340158],[-0.281992462795174,54.2035051440437],[-0.276889815207312,54.1861241500665],[-0.245193486151483,54.1664751226429],[-0.212665470866143,54.1577338795364],[-0.212509855046284,54.1576920306089],[-0.16436260193432,54.1458555053908],[-0.0969870541091598,54.1292484159373],[-0.0808136991529905,54.1194865660406],[-0.0763046353875034,54.1163599885322],[-0.104481722870351,54.1041455577979],[-0.166436540220089,54.0988956925111],[-0.166815043322521,54.0988635166967],[-0.176659138273152,54.0897160168476],[-0.191876171153166,54.0799571699729],[-0.19997752534826,54.0680277749956],[-0.212282575480449,54.0565717640057],[-0.2128365261777,54.0227232356205],[-0.213085827109281,54.0074592239346],[-0.173653310527935,53.9343887233906],[-0.156013256944389,53.901613991964],[-0.147155160573956,53.8932394817099],[-0.147048574947464,53.8930491066516],[-0.145985257606318,53.8921331498699],[-0.0920816174976036,53.8410835599411],[-0.0371256689628836,53.7888857317849],[0.116534301015206,53.6631060884321],[0.117246141473237,53.6617543904566],[0.119360621178712,53.6577387386236],[0.145639402472557,53.6077671959009],[0.146157876058011,53.604127800774],[0.144973684675415,53.5987228765755],[0.141991934060034,53.5957143317281],[0.112915084949757,53.5751046418434],[0.109104688004594,53.572401682118],[0.109160549604589,53.5724983414792],[0.112925046562089,53.5753046684779],[0.142476631948672,53.5973164018345],[0.144683014700431,53.6046075576027],[0.142362087313204,53.6094371066219],[0.11531715302394,53.6232092261674],[0.0814282896642986,53.6404455310617],[0.0324669900580587,53.6493460260487],[-0.0534067460370155,53.6291936768377],[-0.0558408143194678,53.629322706538],[-0.103431308926768,53.6352852216838],[-0.143677489379657,53.6621051509716],[-0.184283928069472,53.6891173423134],[-0.214019080189804,53.7088674203552],[-0.227145797843287,53.7084958058231],[-0.230224209345142,53.7335530878086],[-0.243074244918635,53.7294645897748],[-0.244332662413289,53.7371763279786],[-0.244040643165144,53.737532039793],[-0.247304680963925,53.741171379243],[-0.245133176730637,53.7365589715547],[-0.250157330935867,53.7333098253595],[-0.251299631854577,53.7335992243342],[-0.286639848236336,53.7425452088414],[-0.331215339638069,53.7383128269093],[-0.419109372020862,53.7196022676968],[-0.419208056089771,53.7195812131816],[-0.486294740293649,53.713539900582],[-0.5425646281524,53.7084428366784],[-0.583338025607579,53.7266004666856],[-0.630217952702746,53.7339935228058],[-0.637248965621267,53.7288934512949],[-0.618534438772313,53.7305102374737],[-0.671611925277973,53.7218427367878],[-0.695979861644625,53.7043619824422],[-0.742598590885512,53.7069815202673],[-0.712492069703981,53.70233466434],[-0.698526469683329,53.6977334730363],[-0.70997840572146,53.6958644211927],[-0.699725310049221,53.6956934020534],[-0.699125441023546,53.6902967578967],[-0.698493650558127,53.6846112379928],[-0.691738953885145,53.6787532974639],[-0.684916026531492,53.6728342885756],[-0.694908836006212,53.6945228861888],[-0.639504133860446,53.7101691874247],[-0.610655001720264,53.7144582488403],[-0.586254456949993,53.6933387517975],[-0.523512658257057,53.676993729995],[-0.487081675840563,53.6916101484223],[-0.470575723188397,53.6982254605016],[-0.443415969655919,53.6973541770956],[-0.442844430384238,53.689281217897],[-0.442570645390069,53.6973313235513],[-0.39494446993873,53.7000482121951],[-0.390496302246744,53.6892467230766],[-0.387605025750805,53.7021888280886],[-0.294150161665221,53.7141415025555],[-0.252344264348963,53.6809904569149],[-0.237855982165026,53.6635711523267],[-0.203332656716278,53.6420418916104],[-0.200792478870285,53.6400207757854],[-0.200723603455493,53.6399659706776],[-0.186723670633616,53.6322771537124],[-0.0938439619732944,53.5811556834536],[-0.0792728736743649,53.5769564425907],[-0.0649567017794863,53.583372144715],[-0.0623632705989351,53.5827124449422],[-0.0150376667550763,53.5515090592434],[-0.0035200292353848,53.5467196070987],[-0.00854107572778755,53.5556690391326],[0.0153544542883226,53.5281223435276],[0.0176321787622001,53.5254945028536],[0.0335151632718601,53.5221441126089],[0.0205627591001263,53.5184029341275],[0.0353211870879786,53.5191807823143],[0.036920843518465,53.5105095093688],[0.0360506269937293,53.5216864085754],[0.0406982824205343,53.5079741624764],[0.0444252157090361,53.514235242701],[0.0610893460666,53.5123733072305],[0.0268254714690165,53.5297075696453],[0.0765574144517849,53.5131733856876],[0.0867144039573347,53.5156628344301],[0.0844941024960737,53.4994310964174],[0.0907336824378426,53.4919116717881],[0.101288391976023,53.4945705281688],[0.100800187538196,53.484639295016],[0.108409103901062,53.4844468543723],[0.115104154046365,53.4842771244571],[0.108620379622796,53.4887082359983],[0.103865542357906,53.4919569613534],[0.108669409852001,53.4896975196867],[0.121294177169869,53.4837575577288],[0.108698149414543,53.4902773845334],[0.102879150609792,53.493288239753],[0.108887081582344,53.4940888160602],[0.112879630545523,53.4946206515456],[0.109371718165889,53.5038638004076],[0.108894205897031,53.5051217078873],[0.109426473979885,53.5049679288941],[0.129307310551929,53.4992216126884],[0.134575660153346,53.4849188895039],[0.143210086871728,53.4854186420326],[0.138647967656849,53.4948981144945],[0.14670157873539,53.4929351722468],[0.166167939214643,53.4770987895844],[0.17363292641706,53.4710219342405],[0.165327314429521,53.4738142421213],[0.179382144359134,53.4434414939819],[0.190483007558852,53.4382965347037],[0.175425306266687,53.4369926081448],[0.191214073255705,53.4374270995008],[0.211050013199773,53.4173962760247],[0.189482788016447,53.4173260105809],[0.213084786958964,53.4166096923621],[0.212519722545717,53.4160681488453],[0.212144840361191,53.4160877007758],[0.206382924850026,53.4101857061722],[0.212232953907791,53.4157933091591],[0.214375603613943,53.4086334436565],[0.214157638630118,53.4159967845474],[0.23139876951704,53.4024007940359],[0.260508164263254,53.3592650888335],[0.274451481687203,53.3322285583346],[0.321807712127053,53.2664691635333],[0.355613002033039,53.192070386691],[0.34938034708227,53.1140030966857],[0.349234252655536,53.1121680928846],[0.337989197869103,53.1017805096989],[0.337605952200263,53.1014263789223],[0.334087823123141,53.0867342116563],[0.334949187234994,53.0943998304107],[0.319193343319515,53.0917423820944],[0.318864473382667,53.0910713560927],[0.299240759473107,53.0907296024604],[0.315671925180615,53.0887392083255],[0.288436246155754,53.0757361182837],[0.281788474293144,53.0801043289981],[0.287476037263318,53.0748854549543],[0.257194075523941,53.0637750491081],[0.268903711100709,53.0631657504624],[0.258239648719621,53.0564513056292],[0.248824995771355,53.0521942986738],[0.242867852092857,53.0571768592261],[0.248588097239177,53.0518830267321],[0.236045432937542,53.053053646841],[0.244553084425172,53.0486200679428],[0.199587103225463,53.0326456074655],[0.199561939915008,53.0326327994524],[0.151425047758128,53.0081071310955],[0.0819162555065529,52.9412798211599],[0.0797585453535131,52.9392013432576],[0.0723074637235936,52.9320220300728],[0.0783789397687592,52.9320329370181],[0.0531814932183861,52.9161811145888],[0.0383793820083871,52.905868897206],[0.0381197831686075,52.9051792638982],[0.027124639557576,52.8984938201396],[0.0380752444150802,52.9050609451721],[0.0374215637733987,52.9033243079725],[0.0408309524834159,52.906586761038],[0.0685508565176829,52.9187349186753],[0.069157797580135,52.9082155329059],[0.0563762601847459,52.9033926260967],[0.0733777427185805,52.9060848410489],[0.0769905204523366,52.898074434521],[0.0798194631651481,52.89753547004],[0.145014386349435,52.8850924726062],[0.136016531757814,52.8745208744602],[0.150286836905936,52.8823932986521],[0.176331510149807,52.8741162233266],[0.214268020679957,52.82895136595],[0.197208479704059,52.8297494007219],[0.215079923686475,52.8284803920618],[0.214918253239018,52.8228492721594],[0.204372826472305,52.781567798632],[0.216813149561601,52.8208833998008],[0.245249322896739,52.8221806017719],[0.265734430631501,52.8139100617742],[0.267446588460357,52.813218497473],[0.285057668137962,52.8118263193965],[0.278395877626788,52.8161148319658],[0.287556056725675,52.8192343903557],[0.290376778901075,52.8131268242081],[0.315488910328415,52.8188364797352],[0.344591126191338,52.8142684286024],[0.334354789357874,52.8102022461153],[0.345887042886285,52.8135985943951],[0.338930305129746,52.8076485103609],[0.352091102081896,52.8093603164512],[0.345327245104745,52.8032968983537],[0.35382719525255,52.8063124675719],[0.362445909182256,52.7966615201457],[0.370922078202803,52.7826687908849],[0.38853539112662,52.7535630091151],[0.392270008869379,52.7473865211775],[0.389333262077628,52.7535469303539],[0.374646612709678,52.7843293550307],[0.381462777970733,52.7887595593153],[0.374153487645857,52.785294090749],[0.371289074166856,52.7894180006437],[0.362774256349891,52.8016719569501],[0.370302904371419,52.8023638678505],[0.358254502339108,52.8077623418625],[0.372476429848191,52.8112315508735],[0.381210291419371,52.8133609089853],[0.372569027054518,52.8129316943177],[0.357554030835117,52.8121843782556],[0.372988293555394,52.8206304309188],[0.402614434250858,52.8368276625568],[0.411648261401804,52.832555746448],[0.405081459543423,52.8376932058488],[0.433003256027465,52.8530996748072],[0.444560012817238,52.8534376100108],[0.449586327331554,52.8424175001559],[0.444878314154611,52.8728586092802],[0.480282591568989,52.9315149020464],[0.490249606384367,52.9479963897621],[0.541634963466823,52.9751711060213],[0.569348921137171,52.9753006665166],[0.561638149776694,52.9719065687742],[0.57626408420417,52.964022226903],[0.58638144312343,52.9728996139747],[0.586989169784313,52.9659495285192],[0.592218843670143,52.9709613888115],[0.590079582611497,52.9646779295036],[0.603482404366741,52.9657921041836],[0.587927232268307,52.9770705046544],[0.617747119151516,52.9727300139472],[0.613925703581596,52.9660093886188],[0.626238652624348,52.9673915079422],[0.622776745171226,52.973786938578],[0.671583284579629,52.97751549299],[0.668845953813996,52.970058583515],[0.638619456060705,52.9708681329697],[0.643469471553407,52.9662187398308],[0.678875889784711,52.967316258766],[0.684717255782904,52.9674963068718],[0.700069965460583,52.9735275653419],[0.680041208341459,52.9694792763071],[0.69379881960157,52.9789832778116],[0.715512467545669,52.9718471653399],[0.748045016244384,52.9748024574741],[0.750537193979065,52.9725798671287],[0.746302711245387,52.9661849814862],[0.747599712749606,52.9726003406713],[0.731746143493666,52.9727095831538],[0.731603855220474,52.9611398429943],[0.757834038669975,52.9693808429255],[0.753634533817098,52.9750881821595],[0.764476660287398,52.9765937111325],[0.75058726427889,52.976743751475],[0.781524040264648,52.9783976912599],[0.781703665985085,52.9783680196191],[0.812507990778506,52.973274915401],[0.845365088686037,52.9776552563992],[0.851017636963859,52.9577771603261],[0.869617836613959,52.9547881498596],[0.905442767433955,52.962436749984],[0.909320847485536,52.9568772387801],[0.91063711682205,52.9633215392069],[0.916903077952297,52.9624563462803],[0.914622551657334,52.9636649180894],[0.920983799050499,52.9661906027635],[0.936507921272435,52.9576696185356],[0.976453044378328,52.9628272147187],[0.983985947821146,52.9637981709922],[1.01450755993171,52.9629996662464],[1.01060170679714,52.9550193271341],[1.0305275258189,52.9666083958355],[1.00294765087697,52.9738912303778],[0.977077850478483,52.9719123728504],[0.969859306983983,52.971359200057],[0.95800609056073,52.9693052661615],[0.974973352016767,52.980353988011],[0.977623821862181,52.9798514507186],[1.00685571148234,52.9743043513919],[1.01022065239187,52.9735181277379],[1.12422372963958,52.9513225110978],[1.27229224638306,52.9358695110958],[1.30104676687413,52.9328458134363],[1.36009696601796,52.9098801833737],[1.43213817182829,52.8817894017718],[1.56011740342889,52.8154068585226],[1.58646071859618,52.8017009227096],[1.67484113942027,52.7425942438986],[1.67487012758371,52.7425748211828],[1.69756589320841,52.723536279383],[1.69945542099937,52.7198940791971],[1.73696573101333,52.6474630633994],[1.74355917215289,52.57427911705],[1.74002099017134,52.5742283844289],[1.74005460210309,52.5675760014302],[1.73314975594608,52.556569156321],[1.74023225496099,52.5325703561367],[1.74023472322601,52.5320855814555],[1.76370560966352,52.4816474412571],[1.75658106391255,52.4719746540598],[1.75766532955815,52.4769342363284],[1.71087221158221,52.474818315465],[1.75623230351346,52.4714860669986],[1.73494382850025,52.4491530703199],[1.73480679942616,52.4482037162975],[1.73457272949391,52.4479683430082],[1.73186283405559,52.4277958104294],[1.72788712575724,52.400198676686],[1.7032257199802,52.3599833326157],[1.67486807906325,52.3136390785085],[1.67241529589841,52.3140999611662],[1.66502863156982,52.3070780048047],[1.64997060805831,52.3001890909362],[1.63450274018159,52.2790199220711],[1.63436501214812,52.277898452491],[1.63325056922796,52.2768370573161],[1.62311369958214,52.1885376179798],[1.62057051955587,52.182648303923],[1.58010666539301,52.0887202748929],[1.58004449419748,52.0885756259109],[1.57952592845997,52.0873690831487],[1.47720038519183,52.051770147835],[1.4998210330151,52.0616427052867],[1.53528479558285,52.0771025629679],[1.54158227010732,52.0791816484658],[1.56223044633846,52.0876557401423],[1.56715012310411,52.0909747555908],[1.56775551306826,52.0914587744056],[1.56122370888403,52.0883960910242],[1.5414475558277,52.0797868156682],[1.51795666716782,52.0758736788036],[1.50366767980915,52.0706882393053],[1.50125815600665,52.0707218902233],[1.50049962991579,52.0703207387321],[1.45111962494624,52.0441793725029],[1.46324024674419,52.0482816149186],[1.46270080722381,52.0467136917175],[1.46249723334774,52.0466426783622],[1.4319473891568,52.0071317850542],[1.39368175148257,51.9865351602482],[1.39534282588652,51.9993902689622],[1.36074426553821,52.0062653097951],[1.39148056980487,51.9893803757579],[1.38810242097719,51.9784938674347],[1.34450301519891,51.9569246238774],[1.31997191669022,51.9331628980427],[1.31570153022908,51.9512916737974],[1.31567989953582,51.9514105159249],[1.28443115247111,51.965287245297],[1.28260092341116,51.9660994506073],[1.28233004635625,51.9692433988826],[1.28027544414154,51.9930838521086],[1.20458821391354,52.0143349624444],[1.20272883734661,52.0148561801728],[1.1825420814067,52.0205122586549],[1.17884674086932,52.0215471222888],[1.16623790467447,52.0298555958391],[1.16071458341196,52.0316127082857],[1.15902962316589,52.0319613497017],[1.15051909372305,52.0337218453438],[1.14906642303598,52.0340222715823],[1.14978866884201,52.0335905249929],[1.16733452908503,52.0230980164441],[1.17182990830236,52.0204085658056],[1.17763424391523,52.0169352854477],[1.18008219771743,52.0154702009445],[1.20365942337148,52.0013520129157],[1.21183339638692,51.9964542599935],[1.26725679239323,51.9878175713353],[1.27583981246704,51.9565658979473],[1.24295031514996,51.9613945741374],[1.21977076773377,51.952866480862],[1.20031571447882,51.9544883890516],[1.18777953204106,51.9555316961548],[1.16351719735851,51.9705926633414],[1.13037204073448,51.9535220498592],[1.08572827733235,51.9590093694265],[1.06868007327798,51.9504228129223],[1.0658877932666,51.9490158900375],[1.05391752356323,51.9530014196547],[1.06186240217185,51.9459536848542],[1.11947589223361,51.9400540992031],[1.17012442357622,51.9480039399054],[1.18054781073297,51.9417523255184],[1.19934289738747,51.9408326474931],[1.22733027234651,51.9394574789771],[1.24615109918745,51.9484656678013],[1.27712034704249,51.9391679050076],[1.29085979736679,51.948682929672],[1.29613152122986,51.9369592332172],[1.29661838297258,51.9355943204314],[1.29658247398179,51.9355823764616],[1.28511989010672,51.936863766016],[1.24971751246296,51.9162014774761],[1.25288221586779,51.9146004592659],[1.25799954713994,51.9120111856023],[1.25201925106467,51.9021739449092],[1.2462758961876,51.8957454709237],[1.25095577267188,51.9022401319638],[1.2341345096174,51.9032857889268],[1.22601042207041,51.903789933557],[1.21203546768351,51.8966266987864],[1.22829890044513,51.8905376428563],[1.21244096082245,51.8903639925082],[1.19901557668311,51.8847775931692],[1.20984184065484,51.8785174323401],[1.20910087485572,51.8783520537347],[1.1946745188036,51.8751310068923],[1.17819061617363,51.8714477969257],[1.19423990269444,51.8690012928159],[1.21158591934142,51.8663543612463],[1.22640966809504,51.8721266735649],[1.23243812432739,51.8550725789885],[1.23580028365272,51.8614440203025],[1.24921539000175,51.8623079856914],[1.25000411452171,51.8561214313976],[1.2525999938084,51.8637510718624],[1.26660493853362,51.8636494053425],[1.26914507472014,51.851778641099],[1.26993184007437,51.8636250039017],[1.26850949047767,51.8636354479088],[1.26778677553658,51.8771134465864],[1.28606513625981,51.8757422520792],[1.26990057377809,51.8773056181873],[1.2639425508943,51.8862075445365],[1.29018831980865,51.8743097229295],[1.29053823244326,51.8732016968471],[1.28794393374706,51.8623636051112],[1.26612220362196,51.8434216463774],[1.25306450784584,51.8335881785456],[1.23183734379514,51.8175899052568],[1.12889183756311,51.7754339851778],[1.05472076305474,51.7695078257929],[1.04337631558113,51.7697081496043],[1.01778996965053,51.8012000188921],[1.04379112204909,51.802451291372],[1.06041598254837,51.8116940208446],[1.06420714758794,51.8172246887603],[1.06778296125308,51.8210830946411],[1.04624201209041,51.8228746297945],[1.0631773194784,51.8175486757533],[1.05443255799152,51.8108358107525],[1.01283586624298,51.804860224208],[0.984082585069526,51.835055893627],[1.02095489865661,51.834774883602],[0.985187351575367,51.8389715306761],[0.98361699498483,51.8407364924201],[0.980128082098004,51.8446572061397],[0.977821874363019,51.8472484179914],[0.977554685169973,51.8475486051915],[0.977553635413133,51.8473339492737],[0.97752217018382,51.8408910313809],[0.977496483378785,51.8356245818916],[0.966444124972138,51.8294113712916],[0.982241921164418,51.8173889196078],[0.965770545780142,51.8226326119905],[0.961930823722796,51.8331449006675],[0.955606366210376,51.8293932343511],[0.943447905287331,51.8221780818516],[0.991183789980207,51.8072530369927],[0.959908279277284,51.810232099101],[0.916172047359005,51.8114484653301],[0.920748537612709,51.8050013477555],[0.937032807865719,51.8057780254669],[0.921562931970931,51.8038538678667],[0.90414434279188,51.8042070519423],[0.8987603407289,51.7927096394806],[0.892417831703416,51.7791572852392],[0.866461939780975,51.7927924826697],[0.872288252636093,51.7832295225434],[0.848686397308784,51.7872674825876],[0.841690366688952,51.7823004679868],[0.829891035086637,51.7889983962532],[0.842862056389324,51.7810301591853],[0.843301147013734,51.780760348704],[0.87681860129027,51.7793664155743],[0.877254121747701,51.779348239872],[0.877375532798772,51.7792410864057],[0.890846600983069,51.7673481099028],[0.854522812187889,51.7717623113168],[0.836829948117257,51.7739080519373],[0.831807409928219,51.7695169168501],[0.853088772826374,51.7645783908175],[0.850450181985127,51.7570258997477],[0.861581646941853,51.7630974254167],[0.88268796818783,51.7576845635837],[0.856195207312813,51.7437864393721],[0.847456217691314,51.747488474975],[0.853022441207034,51.7419721239549],[0.841564228506279,51.7387611270432],[0.792292155155722,51.7451913935211],[0.78863232079183,51.7366533027938],[0.776743356259106,51.7439832722289],[0.735909166676607,51.7294723806624],[0.713725924380509,51.7376063883886],[0.70552884971014,51.7238137328375],[0.699233247822315,51.7261735100147],[0.711207719500056,51.7134863748288],[0.747005618510649,51.7114693832192],[0.746033709141438,51.7048637252004],[0.769185517779274,51.7083592420955],[0.737834658420487,51.6872043975415],[0.7569367262413,51.6907263953137],[0.766957965202771,51.702744753726],[0.771581982679827,51.7040612953427],[0.797560512337364,51.707945021237],[0.793478911613865,51.7180783687658],[0.819711532255216,51.7210805836293],[0.85221387260807,51.7133086111373],[0.883930169221173,51.7356864016878],[0.89459668331371,51.7432052441897],[0.895594971327693,51.7433002781525],[0.926854202825624,51.746271580524],[0.930957904793418,51.7460290442202],[0.94900991161076,51.7294609995066],[0.938513403988253,51.691776736191],[0.947074708616439,51.6871625185233],[0.938106157949721,51.6883992070931],[0.946951599760912,51.685476795051],[0.932143917792513,51.6858912947288],[0.94869274720341,51.6832611375469],[0.931536966157242,51.679204908627],[0.946473382290585,51.67740823879],[0.932787291931109,51.6750902028132],[0.946371450357319,51.6756092040364],[0.933904581772575,51.6733651337453],[0.944305778473024,51.6739293552643],[0.932673022061746,51.6665778823096],[0.942238253146668,51.6639913129653],[0.941718134645753,51.6619118143646],[0.934451544890771,51.6328371724073],[0.904316826525894,51.6225486162392],[0.887870062144279,51.6221045320486],[0.859508701402765,51.621333293687],[0.793874102045473,51.6257045953589],[0.780515125061885,51.630627558458],[0.76366690345404,51.636832808787],[0.784388750256748,51.624284046674],[0.80784174099279,51.6224348465661],[0.865440433018972,51.6154309233552],[0.863895926381938,51.6087918244765],[0.857805162739725,51.6075770353778],[0.854019525527156,51.5958315287175],[0.82042699550007,51.5989143525815],[0.81197035948633,51.6031307172761],[0.819073898512894,51.5975959790183],[0.796392842575854,51.58639168466],[0.764340398436962,51.5832296003571],[0.805898864585426,51.5860753265664],[0.793421858511461,51.5763923360833],[0.808114767740843,51.5787145579627],[0.817754448018668,51.5619156463209],[0.85074968781703,51.5563390968085],[0.820968405413912,51.5409207978397],[0.820841262671775,51.5408567896674],[0.78209563454212,51.5213360129995],[0.669513307307074,51.5384737369091],[0.648004939163022,51.5383534906098],[0.64641140820195,51.5395504185726],[0.62688695736313,51.5382577881267],[0.6264533813107,51.5382290450194],[0.625793448154421,51.5381286789567],[0.608330234164142,51.5349480177817],[0.594070516162126,51.5374700989791],[0.572104604479245,51.5413511745096],[0.593931552176543,51.5350247171421],[0.622103793628072,51.5268505991767],[0.61844616442781,51.5202734656557],[0.636859412356845,51.5219357093042],[0.592630446437871,51.5121329893721],[0.573364316338746,51.5078561338129],[0.553654417595966,51.5098842008819],[0.548618769264489,51.5127240732407],[0.543174399678314,51.5157938153054],[0.518039069038669,51.5299574763116],[0.518009397956447,51.529974187534],[0.506244074750797,51.538250886583],[0.509063702337398,51.534233764957],[0.521688493998144,51.5162372622152],[0.541250286443781,51.5125778391134],[0.441789429693932,51.5008268502028],[0.42336977005769,51.5145332788621],[0.435804562732395,51.5001168887722],[0.44556716826376,51.4980143781003],[0.444111319060525,51.4934570527148],[0.433901513174793,51.4614703840388],[0.405311094329377,51.4539874113129],[0.340862890078857,51.4523336788615],[0.318409966717706,51.4741586742274],[0.302381184292331,51.4726389861873],[0.29778055114939,51.4722023831215],[0.281446487010772,51.4613930966862],[0.211792634982751,51.4897529926974],[0.210575775391054,51.49024775373],[0.187657973831843,51.4878854434686],[0.182018252178163,51.4986276421577],[0.178514728636713,51.5052984299373],[0.16011671259232,51.5117809570956],[0.158741163472628,51.5122654249116],[0.126869821122681,51.5195671605266],[0.0981446123478466,51.5149582272762],[0.0981208940439724,51.5149478077319],[0.0657816750932085,51.500732722707],[0.060385612446722,51.4983591287587],[0.0202499194412868,51.4994190942321],[0.0175773337241122,51.5015721542376],[0.015724804355067,51.5030644308221],[0.00918731019619266,51.5083296300541],[0.00812706140226168,51.5081033452736],[0.00570359473504418,51.5075860684043],[-0.00577379065589522,51.5051354033132],[-0.00624792743896201,51.5019797595195],[-0.00848430737713395,51.4870888968924],[-0.00856136947883429,51.4865755797743],[-0.0106875030078729,51.4870467603207],[-0.0253743759466826,51.4903003193427],[-0.0282767191547521,51.5023520769358],[-0.0298562114227503,51.5089082057933],[-0.0454934206570858,51.5093949344726],[-0.059620458879845,51.5028757346035],[-0.0596940581097823,51.5028417615338],[-0.0598430363752271,51.5028794163257],[-0.0793691889579074,51.5078126901602],[-0.0729759282360245,51.5050275874235],[-0.0683687511044448,51.5030201412435],[-0.0629539512591986,51.5006603785048],[-0.0538734626381434,51.5027804538361],[-0.0358896747373373,51.5069765953773],[-0.0347502502959902,51.5024610101096],[-0.0323782292331395,51.493057668419],[-0.0322954560680251,51.4929751993589],[-0.0248292543553965,51.4855349910571],[-0.0220156744366307,51.4836720980085],[-0.0170818838368499,51.4804048672828],[-0.0195645017325402,51.4781649484101],[-0.0226749389605601,51.4753582279866],[-0.0191523772185601,51.4772388784506],[0.00197048042653758,51.4885109264327],[0.00148935785163024,51.5018479092712],[0.00140327032565277,51.504233822456],[0.00138692090685945,51.5046869165963],[0.00200254207753403,51.5043596265084],[0.00690053994092588,51.5017553773307],[0.0154655960384277,51.4972002670265],[0.0215723354829263,51.4939516435443],[0.0580305542018139,51.4940485832307],[0.0766774709756488,51.495908101859],[0.0820161546703266,51.5004453150301],[0.0908116800988209,51.5079182226462],[0.0921141296597294,51.5090245489837],[0.0935609464469624,51.5091495600266],[0.118676592313933,51.5113166038025],[0.120233982272896,51.5114508016461],[0.162513688689931,51.5047962905378],[0.164694931244556,51.5044525252274],[0.168813601248937,51.4993621451125],[0.169215771233888,51.4988649995723],[0.183617006203287,51.4810551596169],[0.217618086706926,51.4804747177264],[0.221177283091669,51.4787996020067],[0.274500703638176,51.4536755893684],[0.301804957401121,51.4612028455283],[0.315243953724765,51.4649044509773],[0.315395124473243,51.4649460793385],[0.32527351028782,51.4502414182699],[0.381992268501976,51.443505214534],[0.44025483488637,51.4474249637674],[0.459295913922694,51.455529609267],[0.457560479333401,51.4582957159845],[0.454345031858931,51.4634198858872],[0.467729303920621,51.4642956271311],[0.458122647129502,51.4669575635234],[0.468461923525824,51.4826582319848],[0.546076139506005,51.4871380946233],[0.590771860836167,51.479371345099],[0.615242150910657,51.4751109764723],[0.659953033847257,51.4776694089549],[0.690283421546067,51.4593783869854],[0.671336659776413,51.4722645235837],[0.700321276501137,51.4725957487334],[0.720507730715131,51.4597628204917],[0.723477057480236,51.4445125201043],[0.710336835188912,51.4348306730385],[0.677839495660246,51.4331777815026],[0.672000159962251,51.4480068210791],[0.658921251336351,51.4473668152573],[0.636037588004861,51.4462434644505],[0.618998377363623,51.4374609738847],[0.605211274930445,51.4205483810843],[0.617350756357686,51.428430177628],[0.623750538591582,51.4241157646907],[0.610877332774769,51.4174016986591],[0.58704291822536,51.413451098062],[0.563548610624482,51.4095514162756],[0.532457405934914,51.4126752003933],[0.515656065280089,51.4003551696505],[0.522582468802749,51.385099999581],[0.537549271413019,51.4102807498144],[0.560969312344262,51.3947901963908],[0.585647977848983,51.3887312206032],[0.594530655271358,51.3865487391421],[0.602097565642982,51.390635013924],[0.596739085161682,51.38682595374],[0.612054542068478,51.3788451141675],[0.619609325176722,51.3881603527568],[0.632369758969761,51.3889357637011],[0.634544988918393,51.3890677769309],[0.626949713471949,51.3747461658824],[0.64801143353794,51.3975551413444],[0.670097242347924,51.3732924777085],[0.686969208348972,51.3916612092741],[0.702920420776292,51.3924383047688],[0.695247180191065,51.3797911902905],[0.714357167612036,51.3841766880944],[0.69654541068886,51.4199958714054],[0.727788902221975,51.4204482257462],[0.716210768230846,51.4131018758325],[0.726279314204562,51.3991428788091],[0.763713093073722,51.3819561009814],[0.764352676310199,51.3628684537222],[0.734507968310769,51.3457130743946],[0.766854373816967,51.362319426155],[0.813561773144891,51.3584870571166],[0.816232505760306,51.3461814939864],[0.817193491172903,51.3563534185496],[0.866160998023522,51.3558517463274],[0.870973641237874,51.3540427094313],[0.897166985701846,51.3441910254166],[0.880105910826525,51.3286681937567],[0.894603232587443,51.3363386129282],[0.915341144266536,51.3293776356959],[0.896773053539145,51.3414380735568],[0.950408974234627,51.3456045462825],[1.00524604268779,51.3492001473453],[1.03318144219733,51.3655771750089],[1.1596891505671,51.3747237742135],[1.2241831202554,51.3793328775054],[1.22483211004496,51.3793401257637],[1.31507378603016,51.3803130372928],[1.38362995362667,51.392024530216],[1.39233733904887,51.3932223226824],[1.42496071272327,51.3937782745162],[1.44193716364767,51.387167075383],[1.44590384777044,51.3584420355623],[1.44590904853117,51.3584043600521],[1.44589998282476,51.3583905279073],[1.42469149683926,51.3260072065138],[1.42317847854247,51.3313761557492],[1.41457013988833,51.3274916632579],[1.42355426271303,51.3243385960426],[1.37775484991453,51.3292604021662],[1.35846247740801,51.3120025165097],[1.35789187559494,51.311491835949],[1.37136124844997,51.3139047711315],[1.38082388479721,51.2902818621464],[1.3946041927284,51.2558374827569],[1.40492284204005,51.2237582427699],[1.40537112079003,51.1747342838466],[1.39537790667435,51.1564652743487],[1.37676755723596,51.1408039150092],[1.34287056357159,51.1310048756378],[1.34290801670652,51.1302591640423],[1.3427376403994,51.1302120235257],[1.34333445709614,51.1217676691951],[1.33847384811342,51.1274278208241],[1.31650646803135,51.1230449288095],[1.32307258293231,51.1140851300473],[1.3101136224738,51.1167899521006],[1.31765480944312,51.1144877351338],[1.31365510371341,51.114784794437],[1.32788715544629,51.1113628183024],[1.31727164637636,51.1121976659138],[1.30230314325098,51.1133731490808],[1.30023762442193,51.1126801393135],[1.29904039698242,51.11227842662],[1.22644320136444,51.0985066505694],[1.22114189838816,51.0980893879942],[1.22001268614083,51.0974982779244],[1.21505531603647,51.0949029109843],[1.20588996581413,51.0910368202427],[1.20585462109395,51.090085028423],[1.18550583066265,51.0794221395592],[1.1947786893677,51.0759561052846],[1.07576972861806,51.0631400293682],[1.07002028637749,51.0603229175375],[1.06044813827741,51.0591193128824],[0.996748200789708,51.024587143775],[0.989925496616533,51.0128219738311],[0.985934614090111,51.0092482643997],[0.982065211995359,50.9992592425379],[0.964430399280059,50.9687987140537],[0.970986301420132,50.9416153501313],[0.978010638433957,50.912456462639],[0.97794037200128,50.9122214430177],[0.85507854473333,50.9239104658132],[0.854954096534626,50.9239215082429],[0.844462311257057,50.9248519212637],[0.772008514930815,50.9312500094122],[0.774905803197715,50.9273356672682],[0.729731338646439,50.9134192560575],[0.65857681641057,50.8699208100169],[0.657920542317417,50.8697582320804],[0.6457552144163,50.8667436432088],[0.524846916253018,50.845218017945],[0.502768843926252,50.8425133832979],[0.500712476210745,50.8422612216686],[0.378296460681165,50.8204971751811],[0.377491650431505,50.8203535951709],[0.339307150730746,50.7991376029796],[0.33917590256564,50.799037108947],[0.310001677741741,50.7766843325662],[0.266410952319476,50.7432318987171],[0.260355755024803,50.7385798209278],[0.209966414954202,50.7384858720271],[0.209822776075905,50.738534345472],[0.155531852840607,50.7568361316885],[0.149985176881001,50.7587037367407],[0.148939334951743,50.7590558328119],[0.121967265897583,50.7583042969194],[0.1069477214802,50.7639367046569],[0.0683542962557273,50.7818192921581],[0.0595491908194518,50.7816901462341],[0.0583360841416422,50.7821441041508],[0.0583519834671288,50.781672536358],[0.0558878147287466,50.7816362520458],[0.0577572368682647,50.7760856497293],[0.0337330452782453,50.7818297072258],[-0.0149577234926783,50.7934519659899],[-0.0384766479745245,50.799056515541],[-0.0385642003977241,50.7990773678631],[-0.0428330102178665,50.7997666196078],[-0.0923842825191576,50.8107610112712],[-0.0918788001876448,50.8076730427267],[-0.110444367795574,50.8106598447906],[-0.110237460333136,50.8131761121538],[-0.192760757110724,50.8238627742409],[-0.216033878994041,50.8275837632705],[-0.216815845622336,50.8276406054536],[-0.251484625122936,50.8301553255794],[-0.249113162465289,50.8264084402601],[-0.268309608243186,50.8261225062316],[-0.277874274131206,50.8267518849544],[-0.297658192308241,50.8233857387888],[-0.332640257876154,50.8174242182314],[-0.333384791814229,50.8173216416245],[-0.435749127447601,50.8031690588726],[-0.43596262264656,50.8031394380992],[-0.54199157629365,50.8002481377133],[-0.554951782785074,50.7984121603229],[-0.568357859782355,50.7980312441431],[-0.626922874322583,50.7881877693586],[-0.702167962459985,50.7774462756161],[-0.712709323095837,50.7737084592983],[-0.725552073562097,50.7715344823725],[-0.734009802976695,50.7661509403469],[-0.752365849560478,50.7596331344089],[-0.754291415196677,50.758949139333],[-0.753148355615919,50.7605155399928],[-0.753129376394285,50.7605415473715],[-0.751951988057479,50.7613478844842],[-0.751270418466542,50.7618146401026],[-0.751036777812399,50.7619746395467],[-0.750833410433162,50.7621138135404],[-0.75059676127844,50.7622618911469],[-0.750430868455708,50.7626052899424],[-0.763040781697462,50.7728709291135],[-0.76376005798871,50.7724782103382],[-0.786848656450131,50.759866071389],[-0.771840431792818,50.7635213903705],[-0.761753841792852,50.7511830187997],[-0.751058516372841,50.7572604397924],[-0.749958943416849,50.756687780396],[-0.784670277034684,50.7263138480308],[-0.789161836237019,50.7224843371005],[-0.818662984750182,50.7388339014976],[-0.823543745033973,50.7437628255586],[-0.844100719296166,50.7513143221581],[-0.859551324439,50.7597319017695],[-0.880905533683183,50.7648187081681],[-0.906838787259976,50.7743221907962],[-0.915316978373429,50.7806790118225],[-0.915352734007593,50.7889917924194],[-0.908045255728969,50.7870352090719],[-0.912139572391311,50.7834566450258],[-0.910882460757788,50.7812907033048],[-0.90515740849759,50.7820801356639],[-0.892011563610659,50.7942914460425],[-0.877512152475506,50.8077506030432],[-0.86602958180041,50.8048037994999],[-0.844578742256673,50.7992943131775],[-0.825463625323449,50.8043970261754],[-0.807741037020906,50.8305260319712],[-0.813787100751054,50.8339359553087],[-0.819760476620158,50.8168596446986],[-0.842721720413136,50.8046336316371],[-0.865834567667977,50.812857956993],[-0.868758523708859,50.813897842596],[-0.865752433800064,50.8162507556204],[-0.85118778589647,50.8276462791173],[-0.861226095342326,50.8280079949458],[-0.858412877092022,50.8396774814405],[-0.865179586107666,50.8399072946554],[-0.869928957490676,50.840068329984],[-0.865479969607855,50.8275046364034],[-0.865361933609206,50.8271712122007],[-0.865492379148921,50.8269921425719],[-0.876799820556532,50.811464199296],[-0.892171590313472,50.818431007308],[-0.894036903561919,50.8380904736532],[-0.913081274840014,50.8399520042012],[-0.907917519215049,50.798530429224],[-0.942626670545669,50.815380752547],[-0.932477907919786,50.8460494372293],[-0.934485538895187,50.8458652554229],[-0.974511987318041,50.8421858705343],[-0.981241864553387,50.8349371515615],[-0.998764274939229,50.8415991967952],[-1.00077138103674,50.8513831130907],[-1.00262305839497,50.843132087277],[-1.02064046436929,50.8390035771593],[-1.022115710488,50.8358025931974],[-1.02201607672049,50.8353168175213],[-1.02348320692173,50.8334117766422],[-1.02364081020991,50.8331520181426],[-1.02395202124522,50.8315859384739],[-1.02497406356872,50.8264419452703],[-1.03631095415884,50.8354257471024],[-1.07800676573634,50.8373184624689],[-1.0886515334146,50.8284534893447],[-1.10630712763256,50.8378939304292],[-1.1027076678488,50.8460781404068],[-1.11393420663218,50.8435300869724],[-1.11692040081752,50.8428520855271],[-1.11842762122027,50.8372826193394],[-1.11890952857625,50.8355015676562],[-1.14916592768439,50.8435265659245],[-1.154329577075,50.8448950692725],[-1.17118516081388,50.8399766040124],[-1.17122223272469,50.840853833018],[-1.17188835182203,50.8566054005612],[-1.17811559616072,50.8381425650219],[-1.17907097573144,50.8376617716809],[-1.17950837687769,50.8373127854982],[-1.17693921729668,50.8374258255909],[-1.16130195636781,50.8381125670515],[-1.15692892882084,50.8383042208455],[-1.15694255830349,50.8375250531899],[-1.15718995950647,50.8233758660496],[-1.14950067083176,50.8251168395059],[-1.14576702222162,50.8259619564832],[-1.12380413784356,50.8061605549554],[-1.13710560093048,50.8022907481479],[-1.12369218219535,50.804063242635],[-1.11982630702285,50.796231853327],[-1.11783136010298,50.7921894827026],[-1.14068920003963,50.7834528094599],[-1.11194867548652,50.7895261347378],[-1.13722607692223,50.77586920723],[-1.14207441508121,50.773422479703],[-1.15038734105804,50.7762770756601],[-1.1898558218565,50.789817177096],[-1.19857654419458,50.7967993319576],[-1.21383295159789,50.8090076605147],[-1.21416538565878,50.8092735863514],[-1.30732269458683,50.8412928352129],[-1.30288974898396,50.877012185557],[-1.30064715583259,50.879635555609],[-1.30261670774736,50.8792107334156],[-1.30401934677642,50.8789081548962],[-1.31694085070509,50.8761197370381],[-1.31081565304827,50.8507699320402],[-1.310378252749,50.8489589304511],[-1.31114726695227,50.8493957598179],[-1.3628763085646,50.8787499615093],[-1.36512907204106,50.8800269756318],[-1.38431679018768,50.8915521141681],[-1.38487443276622,50.9039957736048],[-1.37170356962312,50.912130281855],[-1.37627533653745,50.9106890580505],[-1.38796442062754,50.9069045627515],[-1.39325416408114,50.8830286917102],[-1.39902102115988,50.8945676655918],[-1.43246292376788,50.9073296184677],[-1.44261242259214,50.9111996243264],[-1.44705578373211,50.9037918213686],[-1.46512306441935,50.9103437470043],[-1.46676306922394,50.9109382666392],[-1.47451382628847,50.9242857579791],[-1.4770603549891,50.9286687952545],[-1.47707725233786,50.9286978740051],[-1.4773224401691,50.9285474548544],[-1.4796479362937,50.9345793681008],[-1.47816446264258,50.928835432144],[-1.48171292964239,50.9302996101403],[-1.48508646341313,50.9327855456194],[-1.48578057673544,50.9329124084111],[-1.48571269607209,50.9321518492845],[-1.48410323032816,50.930496989534],[-1.48197623065384,50.9283097837142],[-1.47405353855196,50.9116983407793],[-1.47899335997122,50.9165394462378],[-1.48878022597649,50.9103981650097],[-1.49075386280765,50.9158516244129],[-1.48898806320728,50.9102677164918],[-1.48775957390344,50.9075775438308],[-1.47825761408536,50.9119363098061],[-1.45911482138264,50.9006820675808],[-1.4325825049111,50.8974775622873],[-1.42664529200389,50.8967596906435],[-1.37824347839952,50.8546412555981],[-1.35747232564426,50.8495023830533],[-1.36056297638246,50.8428735109879],[-1.3402695638494,50.8426908436802],[-1.33941730184018,50.8266433108005],[-1.32586048987007,50.8262450710633],[-1.32474733600681,50.8228635940559],[-1.32597501270791,50.816506628172],[-1.31147465935612,50.8134290763347],[-1.30782973765833,50.8203418523688],[-1.30859820406538,50.814798318426],[-1.31697844898494,50.8076176138797],[-1.32662670087547,50.80354879363],[-1.34254959451671,50.785730587021],[-1.37372684276955,50.7848553085017],[-1.37498496591909,50.7850098487851],[-1.37544509656918,50.7848068473294],[-1.39833258027525,50.784158969137],[-1.40818356875661,50.7857352861447],[-1.41299348339367,50.7839716325789],[-1.39263843909963,50.7774184756127],[-1.40013938929204,50.7740578178171],[-1.39952572465555,50.7741781052008],[-1.40958923665349,50.7697333641033],[-1.41048644787434,50.7694204248937],[-1.43417904045805,50.7654426669217],[-1.50243481748833,50.7539515007367],[-1.51959208297886,50.7541250313201],[-1.53528657156931,50.7638633868107],[-1.52592501802229,50.7445679408482],[-1.54188071050003,50.7397776156875],[-1.53099523320473,50.7369735787648],[-1.55848808588811,50.7207928603148],[-1.58047794495873,50.7182727064671],[-1.56004379388541,50.7087161057621],[-1.62926775578703,50.7287857024618],[-1.64044349012396,50.7321144494306],[-1.69185543770666,50.737329136598],[-1.69253547260995,50.7373979518472],[-1.71795540943005,50.7347137982094],[-1.72445537729127,50.734026514621],[-1.72714599229066,50.7324470208776],[-1.72899034207095,50.7322105748852],[-1.73075839475284,50.7303261340271],[-1.74233853680595,50.7235252613415],[-1.75731862910948,50.7310550061979],[-1.76180681065066,50.723096301969],[-1.76127141265948,50.7180126785216],[-1.74612185534504,50.7155061763493],[-1.73948136463686,50.7244350263958],[-1.74853427718082,50.7113702530563],[-1.74880875321022,50.7110774149456],[-1.80417313761084,50.7200598929555],[-1.81193003005313,50.7196975524517],[-1.81819023028744,50.7205543369101],[-1.83753813679371,50.7184976350591],[-1.86686756324785,50.7171163618798],[-1.87714100795998,50.7142772354867],[-1.88526989463712,50.7134091993002],[-1.89130185540078,50.7103617521383],[-1.91276479148109,50.7044227736511],[-1.94686578632143,50.6826489225305],[-1.93399708106305,50.6991467679406],[-1.95227153517919,50.7041333782452],[-1.95819190503604,50.7156059300149],[-1.99213052511296,50.712688877563],[-1.98429715356843,50.7193015046],[-1.99501016069765,50.7298586770008],[-1.98981482543049,50.7372465929261],[-2.00135866981897,50.734070773454],[-2.01150260324484,50.7312785941144],[-2.00135809824861,50.7208062460175],[-1.98846238454365,50.7074853826495],[-2.00135759919275,50.7103399167242],[-2.0403603596727,50.718961822957],[-2.04074622764021,50.7190470449478],[-2.02751369292783,50.7292444604358],[-2.05381190943339,50.7289974392831],[-2.04181398953184,50.7259379300267],[-2.04249013365415,50.7175248942824],[-2.04249163918944,50.7175061599155],[-2.04273125648008,50.7145238701538],[-2.06751376572921,50.7150720583077],[-2.07190065627071,50.7079147255662],[-2.05767636101088,50.7055935757085],[-2.07373296329802,50.7059612636822],[-2.07108870168815,50.6981237449451],[-2.07950595282605,50.6946775066505],[-2.07934185493865,50.6942848267689],[-2.07897417693925,50.6902010980262],[-2.0789130545005,50.6895221518201],[-2.06580712209624,50.6869902500415],[-2.05445483663497,50.6998540401249],[-2.02608687825716,50.7074295954415],[-2.01848711788567,50.7007416059843],[-2.03476627417928,50.7020960162458],[-2.02472138634893,50.6876234682512],[-2.05297350830908,50.6778855418865],[-2.02515449632016,50.6844656069591],[-2.02662687844291,50.6780886477224],[-2.04712950447356,50.6704289556405],[-2.0289833583238,50.6743894846686],[-2.02706021276549,50.6680620445177],[-2.0216427633655,50.6821021637551],[-2.01141928171846,50.6827103172095],[-2.01048635624549,50.6709383028321],[-2.00135587175068,50.6750467981237],[-1.99979714294347,50.6757480526968],[-1.99328463414901,50.6672594571474],[-1.97831704413364,50.6769449516617],[-1.98351912817648,50.6670473971899],[-1.96809781952328,50.6604307856862],[-1.97096030648175,50.6692599319781],[-1.9498107355223,50.6801876407767],[-1.94111990950151,50.672068627523],[-1.94316206678822,50.6659793859558],[-1.95184316555674,50.6500707299757],[-1.94921203492972,50.6479295343892],[-1.9498118291119,50.6461391808333],[-1.9463529618365,50.6456025507899],[-1.940610947337,50.6409282387164],[-1.92643253497531,50.6425098917941],[-1.92376533354734,50.6420955415282],[-1.95350548201448,50.6196860979108],[-1.95661366678612,50.6173423931982],[-1.95659604039835,50.6171003869178],[-1.95672646623215,50.6170018293874],[-1.95642326271717,50.6147278966062],[-1.95597436644396,50.6085628759144],[-1.95559699656285,50.6085301116309],[-1.95556577276682,50.6082958756976],[-1.94774176779457,50.607847789216],[-1.94393695520526,50.6075170907899],[-1.95122938671126,50.5945641680778],[-2.02634590356957,50.5890017803394],[-2.0548724784336,50.5765280108417],[-2.05699101148286,50.5803529857598],[-2.06395961589252,50.5935252913383],[-2.06431090264243,50.5935638601903],[-2.06435818690159,50.5936491717179],[-2.06588630741962,50.5937368155664],[-2.1107075246294,50.5986483232811],[-2.13345659528205,50.6122810066099],[-2.13382630486247,50.6121604692051],[-2.13454593616707,50.6126493760958],[-2.14604188718755,50.6084780363591],[-2.15798307656983,50.6154639531214],[-2.17257121008884,50.6151975923923],[-2.19751592820478,50.6226780357898],[-2.19798789131953,50.6226049736649],[-2.19850295803181,50.6229800615927],[-2.222910755064,50.6194819100765],[-2.24389040807324,50.6164705220159],[-2.25034435771333,50.6171308623497],[-2.2669736387279,50.6193894181004],[-2.28408121754601,50.6217102051892],[-2.33074413411269,50.6280263314415],[-2.3389420905444,50.6318890331086],[-2.36728519356412,50.6329580886931],[-2.39485291738899,50.6366704877211],[-2.42278082484444,50.6360364383184],[-2.42461839729174,50.6350993829056],[-2.42556400738516,50.6351344621323],[-2.4273335777194,50.6337146782094],[-2.4394303155835,50.6275437439767],[-2.44790935762177,50.6188344518156],[-2.4525215390027,50.6140953835275],[-2.44491886137599,50.6093635582716],[-2.4596711792932,50.6077978495791],[-2.44474800610918,50.6092572029369],[-2.44144109687297,50.6096818132068],[-2.45098096213016,50.6037817668025],[-2.44799182904386,50.6025697375696],[-2.44904679006509,50.6014501295639],[-2.43237854077768,50.5962365974281],[-2.45031278303277,50.6010733737087],[-2.47020382663612,50.5839671483208],[-2.46991539069276,50.5835798227659],[-2.47039906977319,50.5831480026924],[-2.49705780319442,50.5973072009529],[-2.49566663260034,50.6028879079084],[-2.51748623996442,50.6178652792468],[-2.53390667566795,50.618471264383],[-2.5351457396481,50.6185168971365],[-2.56043725111189,50.6391429077628],[-2.56703976041518,50.6410727064564],[-2.61152731004792,50.6540617022318],[-2.56692567040971,50.6315974932321],[-2.54083580880722,50.6184390223458],[-2.49727419241701,50.596439055894],[-2.46953293983819,50.5824095859275],[-2.46140479155973,50.5721479958577],[-2.46059593843725,50.5710611768796],[-2.4605421831537,50.5710586700674],[-2.46050379610544,50.5710101920405],[-2.43769626338352,50.5699721806671],[-2.4221803544434,50.5692634397023],[-2.4283771063158,50.5660591314972],[-2.41999495702305,50.5551335061866],[-2.41862550949965,50.5462747736406],[-2.45560931065773,50.513951523069],[-2.4567307785946,50.5130865038644],[-2.45029977655719,50.5612200805876],[-2.53112599558584,50.6120540884144],[-2.54413598267587,50.618423618495],[-2.56690113115858,50.6295614835311],[-2.63741697515208,50.6639994569249],[-2.79335213400751,50.7181112921309],[-2.85141960233205,50.7258136475605],[-2.90550355717903,50.7329599199967],[-2.90852478685028,50.7333608154916],[-2.91175408568322,50.7337840646149],[-2.94743336848927,50.7183607058327],[-2.94771782529568,50.7182376559178],[-3.02691483364483,50.6988824010502],[-3.02973231704985,50.6990258247321],[-3.05344470581522,50.7041058622673],[-3.05486684808231,50.7025241279261],[-3.08243989730284,50.7016147726615],[-3.09528281872704,50.6861167163164],[-3.09607792344817,50.6852259413126],[-3.13379760493608,50.6849569448272],[-3.19213141800532,50.6845169463424],[-3.2577744517367,50.6732372315377],[-3.28962025412707,50.6422491568321],[-3.30095092783351,50.6321198388368],[-3.30880664569958,50.6475939158124],[-3.30672762030982,50.629629285372],[-3.34065938523966,50.6218680378248],[-3.34799247053395,50.6206252698467],[-3.34852587210973,50.6200669491524],[-3.35236245977381,50.6191882949055],[-3.35796874550872,50.6117769404391],[-3.36187155258326,50.6066160414436],[-3.38970132073583,50.6114033374829],[-3.41483597304056,50.6157205343925],[-3.42403628116489,50.6172992685868],[-3.42146971403134,50.6228579866408],[-3.4155166084088,50.6293404188048],[-3.45147155692579,50.6818814531521],[-3.45248279946136,50.6833572877687],[-3.4608874607357,50.6956193042609],[-3.45959775144506,50.6891654418478],[-3.45708230230678,50.6765723459809],[-3.45676135230996,50.6749650567505],[-3.45791369896028,50.6757855205511],[-3.46828956616709,50.6831712581674],[-3.4698277753899,50.6822528123589],[-3.46973519525608,50.681215899227],[-3.46947531561359,50.6783049418847],[-3.46819467594773,50.6639543705657],[-3.45126400927122,50.6470835223667],[-3.44686654227436,50.6200971014707],[-3.44681617152587,50.6171872206097],[-3.44635594442938,50.6169615938526],[-3.44534077481151,50.6107261445236],[-3.44454395019921,50.6058305034765],[-3.44515112812978,50.605580364177],[-3.44453527840093,50.6057772170109],[-3.44385360503067,50.6015881252603],[-3.42778892150014,50.6109425924264],[-3.42708235093509,50.6113538935438],[-3.4249703781817,50.6120284593471],[-3.42629381895044,50.6109608657516],[-3.46697576127066,50.5781137169424],[-3.46844081337944,50.562976444649],[-3.49984772472012,50.5405313680497],[-3.50105639091012,50.5459174950721],[-3.50980960251871,50.5428566606533],[-3.49741323065058,50.5382846113212],[-3.50654138989824,50.5207644100044],[-3.50910978149381,50.5166199348177],[-3.50913535137322,50.5165786692391],[-3.51484222293155,50.4817583011971],[-3.48059441325885,50.4635180499793],[-3.51593414740442,50.4537627960698],[-3.54067000210069,50.4610695170414],[-3.55650036914243,50.4294186783271],[-3.55953632203826,50.4233437878329],[-3.54483096895344,50.4021062485711],[-3.51952206080181,50.4031754976767],[-3.51191461824754,50.3958990983793],[-3.50518248052754,50.4000046901603],[-3.51298626449597,50.4056278641136],[-3.48238785725264,50.400026911843],[-3.50764454709004,50.3791676271588],[-3.50771475895685,50.3789429976038],[-3.51786622848811,50.3464438227521],[-3.5185597619096,50.3460610665513],[-3.54007788930292,50.3370321347262],[-3.55118133952948,50.3382737350214],[-3.57180956110571,50.3470474479355],[-3.5735318983748,50.3478282733555],[-3.56816848539173,50.3506796683832],[-3.56426332830252,50.35271371797],[-3.57628042049208,50.3632710024729],[-3.5755817236746,50.3639068940735],[-3.56855744157626,50.3688096635799],[-3.59471187619675,50.3822436536693],[-3.5946701066253,50.3820673811131],[-3.59498685156908,50.3822474062837],[-3.59466298776099,50.382037339106],[-3.59435436450118,50.3807348755994],[-3.58055472647229,50.3722041350383],[-3.58054558133789,50.3721141525428],[-3.58443275143758,50.3603128700971],[-3.57675761702688,50.3511440851557],[-3.57673800766625,50.3462238580278],[-3.57097574492784,50.3442342987612],[-3.56355066489736,50.3353574734573],[-3.57242653645146,50.3260576562815],[-3.59244898589979,50.3218675979244],[-3.61122250045723,50.3180669546984],[-3.61141395872705,50.3178951194268],[-3.61311579305141,50.3175384652672],[-3.64265128536103,50.290132572443],[-3.65653523507158,50.2481523520011],[-3.6595654423342,50.2389804012317],[-3.65905790933312,50.2385163281745],[-3.65919542366196,50.2380956737813],[-3.64395027530073,50.224697322938],[-3.64073918760676,50.2217588672484],[-3.68096112792631,50.2224046043931],[-3.68349941844695,50.2210832023137],[-3.698132730271,50.2134628116765],[-3.72091165027188,50.2024574218114],[-3.73750178307174,50.2148195218634],[-3.77348445316939,50.2242842287995],[-3.76133772087535,50.2362467509585],[-3.72631182852063,50.2366536576959],[-3.73911844484021,50.2410607451744],[-3.72270692616299,50.2471906873007],[-3.72027552351681,50.2480985201578],[-3.72402069146962,50.2471711585818],[-3.7538177949577,50.2397872748105],[-3.75456275453851,50.2424014572915],[-3.74917465032701,50.2559730294712],[-3.75665546199405,50.2547996527128],[-3.7672775746424,50.2630884554149],[-3.77406448461032,50.2570109629433],[-3.76487690126459,50.2539792384642],[-3.76153842474999,50.2466089956631],[-3.75880795239574,50.2405792417865],[-3.76149099462316,50.2410987967514],[-3.7668769128441,50.2426078691832],[-3.76725621593353,50.2422149414019],[-3.7753064358025,50.2437729285696],[-3.76995077806093,50.2394233337486],[-3.77772285802176,50.2313691104898],[-3.78193657092764,50.2295729646265],[-3.78667304797434,50.2108371933959],[-3.80435102664927,50.2133273881146],[-3.81969552108225,50.2164282273568],[-3.84424794948391,50.2277095188832],[-3.86797373596322,50.2396988136271],[-3.8672521969848,50.2414645792975],[-3.85911392155999,50.2425107074562],[-3.8589704042776,50.2450909996703],[-3.85810388588421,50.2606658305365],[-3.8591229028604,50.2613497857433],[-3.85911521226182,50.2613685882325],[-3.87536779070505,50.2722493020072],[-3.88174521421061,50.2765262290296],[-3.87688146201866,50.2802862271083],[-3.86964388284027,50.2790701177052],[-3.86535494604853,50.2846187010506],[-3.87096765612668,50.2812557247874],[-3.89508828163115,50.281763256349],[-3.89920671889656,50.2843639880214],[-3.89794646864139,50.2863789777058],[-3.91029643281483,50.2940693864982],[-3.91491811665569,50.2942814974847],[-3.91773075343246,50.296056249881],[-3.94367364716113,50.2958955240162],[-3.94682846273721,50.3067690619059],[-3.94847383391561,50.3097999185406],[-3.95258725501937,50.3081963756875],[-3.9527365205149,50.3084151367012],[-3.97475585093106,50.3052401877621],[-3.99194807706625,50.3074813258057],[-4.01625922972305,50.2992434072263],[-4.04284495299527,50.2953934958907],[-4.07108609912615,50.3048501851434],[-4.06203352442939,50.3083109542136],[-4.03326868569584,50.313431991764],[-4.05321686580422,50.3177226333565],[-4.05596021058123,50.3114197585014],[-4.05820606208318,50.3116399760704],[-4.11901571874512,50.3193770068436],[-4.1196409520521,50.3358450199153],[-4.12309519572737,50.3364119076214],[-4.12327513352882,50.3463532196051],[-4.12305672694683,50.3467082357145],[-4.12312669225292,50.3467808435696],[-4.12351540865009,50.3471842383163],[-4.13082639850887,50.3589992642587],[-4.10538735791812,50.3565071996836],[-4.11243592643045,50.3594347551207],[-4.09978229616671,50.3792725085099],[-4.10143722883704,50.3826912862635],[-4.11570407347047,50.3617862707085],[-4.13273318310496,50.3620796339766],[-4.13347905385787,50.3632844481732],[-4.14092927734403,50.3622198761981],[-4.15282869438648,50.3624224125615],[-4.15438127815243,50.367547514059],[-4.16408426761573,50.3589179705828],[-4.16368010547366,50.369448502026],[-4.17437223203863,50.3667759317539],[-4.18250098644924,50.3670913610155],[-4.18430714353004,50.37107894995],[-4.18223418000107,50.3779727485351],[-4.19062146729644,50.3850135246405],[-4.192916776614,50.390076343851],[-4.17978116718415,50.3966278028501],[-4.19454319582552,50.392086008712],[-4.20467173386886,50.3990734386227],[-4.20442633536047,50.4012942279081],[-4.19520520006229,50.4191182239038],[-4.19232419822018,50.4246838686063],[-4.16547770379296,50.4197239227418],[-4.1635274939179,50.4275886661409],[-4.16565101392996,50.4267777133222],[-4.17321191852709,50.4238897520891],[-4.1766700353812,50.4225686140754],[-4.1852828688216,50.4264237556806],[-4.18981365748427,50.428451247859],[-4.18119089059845,50.4351081012817],[-4.1690985466755,50.4444393420467],[-4.16265486747838,50.4494097225075],[-4.156457843857,50.4463509716175],[-4.15185969838439,50.4637104466944],[-4.15182690450768,50.463834210543],[-4.15196395505007,50.4637122093292],[-4.16060803377712,50.4560157662655],[-4.18507920993907,50.4342105781518],[-4.19131299136582,50.4353751564747],[-4.19965389402027,50.4369327618557],[-4.20073188916644,50.436423346199],[-4.22228115682423,50.4262356965096],[-4.23831164789496,50.4390433574723],[-4.22387210622313,50.4219831889832],[-4.20991099724708,50.4254398163157],[-4.21040823359946,50.4188306434252],[-4.21147184454887,50.4046814986522],[-4.22675047150616,50.3935120726308],[-4.22730195729596,50.3932965570521],[-4.23301521332515,50.3935564658694],[-4.23082959106081,50.3905209504429],[-4.2307657805096,50.3904323196466],[-4.20221408312714,50.3883832424635],[-4.2094682466173,50.3856664440509],[-4.1947836548681,50.3718565637381],[-4.20923499262772,50.3689321884964],[-4.20892604555953,50.3686934061001],[-4.20918521546659,50.3686508195122],[-4.20827035771723,50.368186620501],[-4.19711586759944,50.3595629529945],[-4.20761609787209,50.346906915772],[-4.17268882713334,50.3585728839213],[-4.17155371910001,50.3572248321785],[-4.17059386864706,50.3468138860304],[-4.19958956336345,50.3334262489905],[-4.2012714929036,50.3328725041233],[-4.18840249187205,50.3177313069676],[-4.18946428586093,50.317546339292],[-4.21019204828477,50.3182573921381],[-4.22147587592455,50.3119646623337],[-4.22319796199603,50.3116641070872],[-4.22361862342103,50.3127651814709],[-4.21952359652147,50.3246060277415],[-4.2291698060828,50.3335041674275],[-4.24990627703412,50.3408360137842],[-4.30815097061245,50.3613974930442],[-4.41022406369339,50.3641474146134],[-4.43658028864627,50.3610208455211],[-4.45110107143495,50.3509188821584],[-4.45063459874991,50.3481886928115],[-4.47268923139113,50.3332086371722],[-4.4975251869775,50.3373904793899],[-4.49801879317039,50.3366160133244],[-4.53830354101928,50.3238441310385],[-4.53895801877531,50.3237222904105],[-4.578492219299,50.3325701742975],[-4.59841531946951,50.3238870905113],[-4.60665219748755,50.3289613249855],[-4.63303983104348,50.3243616070566],[-4.63850652127732,50.3298527392052],[-4.63738513028148,50.3301587543683],[-4.61805251573374,50.3348673050535],[-4.61900802852687,50.3351716081431],[-4.60883484075742,50.3379449614757],[-4.62135983993942,50.3359205417057],[-4.63108190923905,50.3390157643472],[-4.64212877742846,50.3321131137149],[-4.66761504459016,50.3230787729146],[-4.6725498155824,50.3138763822037],[-4.68482549730037,50.3201229758987],[-4.68491866564187,50.3206846089927],[-4.68242459992516,50.3380112617174],[-4.68808183190924,50.3397437557768],[-4.6894612144636,50.3480497891691],[-4.75561153906562,50.3313820116194],[-4.75647245112486,50.3311868679352],[-4.75649522641574,50.3311590218764],[-4.75684792499123,50.331070019159],[-4.76691588624591,50.3208290496074],[-4.76604933259818,50.3194745963374],[-4.76613431223596,50.3193706396112],[-4.75264882920183,50.298507710279],[-4.76413446815713,50.3004206345804],[-4.78124321981332,50.2901344660172],[-4.7870179658562,50.2694999995001],[-4.78568369137301,50.2617567123975],[-4.76698708423713,50.2566398873905],[-4.78554633144658,50.245571273344],[-4.78096229591406,50.2374804001226],[-4.78402189136762,50.2361215319075],[-4.79826333204283,50.2301995989441],[-4.79835162776805,50.2262605468404],[-4.79850280458658,50.2195151071235],[-4.80521188588127,50.2234848262844],[-4.80945051303905,50.2259922508766],[-4.81892073428986,50.2315929583331],[-4.86245624775839,50.2360275709242],[-4.87869624379253,50.2242966457729],[-4.90317550005225,50.2065990130522],[-4.91698742480734,50.1972347243389],[-4.93373777428959,50.2070934456998],[-4.95590609134957,50.2029335293025],[-4.97360302186291,50.1856483316985],[-4.98196994791055,50.1518060836694],[-5.00960504148784,50.1392977814586],[-5.00966034179957,50.1393602844328],[-5.01766327425982,50.1489671179975],[-5.00940402221639,50.1500211467675],[-5.00406486264834,50.1506026246903],[-5.00401426272187,50.1507086369472],[-5.0039557722408,50.1507160964076],[-4.99573919333681,50.1622373924193],[-5.02370860806065,50.1573313148375],[-5.01435519472635,50.1904741790576],[-5.02560420397386,50.1822191958934],[-5.03483214266901,50.2039175627133],[-5.02677316208619,50.2039617935505],[-5.02841026410205,50.2099159177725],[-5.02848960353537,50.2099365546908],[-5.02751800154651,50.2104798391991],[-5.02515427788986,50.2151548059109],[-5.02410564064617,50.2225031960125],[-5.00599656401254,50.2276059323801],[-5.01444044167282,50.2270887916173],[-5.0215558274724,50.2446925686097],[-5.01677046190736,50.2263475722946],[-5.02923365316934,50.2228376594505],[-5.02824432169634,50.215712431271],[-5.03131570973379,50.2106715908983],[-5.03897711050394,50.2126637998379],[-5.04307926557348,50.2042995904158],[-5.04807629797126,50.2090255070932],[-5.04392239662628,50.2033098925934],[-5.05897012060523,50.1932436128851],[-5.06343224726339,50.196185980188],[-5.05435220385665,50.1803276632167],[-5.077300177426,50.1842208725261],[-5.05118952052524,50.1771325247915],[-5.04770530779035,50.1716076635179],[-5.05287885627186,50.1635493399855],[-5.05446725620211,50.1623885440086],[-5.07164346085944,50.1650352232452],[-5.07751083465274,50.1668142603282],[-5.07661287094508,50.1658003799254],[-5.08197845044786,50.1666262684406],[-5.10225182912795,50.1697443115254],[-5.08155507610197,50.1600506216717],[-5.0635196605772,50.1515970970625],[-5.05058508287714,50.1554272080834],[-5.04924082980052,50.1557385405846],[-5.04199140274995,50.1439516612196],[-5.04454565662055,50.1447347071296],[-5.05506064042703,50.1482851864038],[-5.07653089329431,50.1404780178693],[-5.07308595037723,50.1341980016305],[-5.07972538859807,50.1315797415614],[-5.09369318239742,50.1260693983418],[-5.08176872321673,50.1093947665205],[-5.09481231645603,50.1022796181938],[-5.12193269272264,50.0999769791411],[-5.13471163953856,50.1001035243271],[-5.13752913570795,50.1029909242716],[-5.13033910379376,50.1101941906498],[-5.13790875184084,50.1117242877179],[-5.14046160587167,50.1059956958132],[-5.14063128243512,50.1061695421634],[-5.14530227909471,50.0986938426574],[-5.16050759840784,50.0970212807804],[-5.1635723032622,50.1003935162406],[-5.16490019912657,50.112600493029],[-5.16913174459194,50.0997832458853],[-5.16356647116155,50.0964303460983],[-5.16345810933324,50.0958893297625],[-5.162765917933,50.095947977011],[-5.15951885509899,50.0939913200708],[-5.1723155362568,50.090990966761],[-5.15440048551504,50.0927350329159],[-5.14763815752199,50.0853430259137],[-5.15059304322866,50.0931053170928],[-5.1388558716115,50.0942459097836],[-5.13573329458321,50.091374569861],[-5.10655204560986,50.0941856347134],[-5.10169244850692,50.0929405380009],[-5.09484912667897,50.0891444384982],[-5.09694254131359,50.0871967283455],[-5.11790259288018,50.0822811580923],[-5.0767712743002,50.0855205558187],[-5.07599929093324,50.0855812146029],[-5.07659664036765,50.0827927114244],[-5.07959444544096,50.0687933863702],[-5.07567543994389,50.0684074531434],[-5.06773438937121,50.0676250122371],[-5.057817176001,50.0527793829994],[-5.06605209702107,50.0395820114472],[-5.0688420544995,50.0351091269961],[-5.07345412867179,50.033667859219],[-5.09680343681117,50.0263671222197],[-5.09116078321612,50.0157128511478],[-5.1013098316807,50.0042476115316],[-5.12258712760523,50.0092388548331],[-5.16662818005827,50.0037724344051],[-5.18876739779647,49.9738766741794],[-5.18586954877603,49.9629833441096],[-5.21015559335114,49.9601940511574],[-5.2191119335186,49.9700230652123],[-5.2195468820196,49.9714454696573],[-5.23284410802402,49.9735570471437],[-5.24567499706478,49.9761710188131],[-5.24399064782674,49.9840999515931],[-5.24518715988139,49.9851032877098],[-5.24509812335151,49.9854004211623],[-5.25768751345197,49.995582137954],[-5.26839864588234,50.0045562958965],[-5.26702033414206,50.0067101905907],[-5.25593314512732,50.0216170396457],[-5.25657946187485,50.0230196923825],[-5.2564695537537,50.0231913151639],[-5.25675512742537,50.0234009098912],[-5.26175226153283,50.0342425971667],[-5.26177388949383,50.0342895086678],[-5.28004728510995,50.0418597865785],[-5.2794218854401,50.0563726692366],[-5.31630488856993,50.0852227586712],[-5.33911567039403,50.0919718520371],[-5.34355020818049,50.0914238683696],[-5.34630676644422,50.0921595586751],[-5.36251403554228,50.0890784273158],[-5.36318976286291,50.0889947922009],[-5.39177770374754,50.1035008734496],[-5.42935984415677,50.0969060749925],[-5.4291539233978,50.1054553697775],[-5.43477811235327,50.107727565382],[-5.46347832171687,50.1227315413017],[-5.46707954125662,50.1207678186144],[-5.48390152718835,50.127552310936],[-5.5301080151592,50.1237122083865],[-5.53103494652719,50.1142676499151],[-5.54936096412508,50.1064820262176],[-5.54842719763947,50.1054382196668],[-5.54883169807437,50.1052594641229],[-5.53956917941469,50.0955334985402],[-5.53329185762811,50.0885113765073],[-5.54217471898191,50.0705690285921],[-5.57722862898811,50.0517738281215],[-5.58536213371978,50.0516364506318],[-5.61914106394694,50.0512184103885],[-5.63279198350019,50.0422939146803],[-5.63631385737814,50.0399906449179],[-5.64843089756447,50.0438274689664],[-5.65357841638889,50.041914188492],[-5.67673300935349,50.0356531177677],[-5.68087098916732,50.0367924668949],[-5.69035778173875,50.0494908469084],[-5.6925770556485,50.0540141979254],[-5.69462393004747,50.0544787991383],[-5.71313654994083,50.0623294883575],[-5.71405816162867,50.0638852135159],[-5.69166296309696,50.0879863259348],[-5.68858613803498,50.0902955019627],[-5.70955879333752,50.1263015962324],[-5.71011647979321,50.1274224622361],[-5.67305967252751,50.1662441339221],[-5.642267278536,50.1672860663685],[-5.62907261461017,50.1677300239534],[-5.62833626351026,50.1683942790605],[-5.628009207066,50.1684082661093],[-5.60657388860635,50.1880157734386],[-5.60070724105076,50.193301938412],[-5.60005965951229,50.1930497135276],[-5.59085525409839,50.1886629919056],[-5.55921554117229,50.2054281218306],[-5.53878391415607,50.2162437146661],[-5.53654006103557,50.2164454151524],[-5.48156018245792,50.2191558705663],[-5.47730312470505,50.2189730776711],[-5.47239714507335,50.2092014462757],[-5.47200533405347,50.2080700997719],[-5.46916469606142,50.199865980247],[-5.4368083441993,50.1935243253452],[-5.43369843341748,50.1937291038866],[-5.41347651735217,50.2098056682453],[-5.39362517988591,50.2255739780256],[-5.39525333986408,50.2405157919051],[-5.37810149923982,50.2440710305775],[-5.36837711660057,50.2361658364291],[-5.36700157237685,50.2364218353703],[-5.32480734271536,50.2442653578232],[-5.30375843529999,50.2617280287501],[-5.28918518512171,50.2610457100083],[-5.2813732301954,50.2706550928084],[-5.25134579865601,50.2825702358945],[-5.24952329233738,50.284649527443],[-5.24369581011188,50.2868723324152],[-5.24211072030151,50.2931044139544],[-5.23546130826904,50.3006859760796],[-5.23412094941938,50.3183509931162],[-5.20061060049716,50.3201426988649],[-5.18149101875634,50.3403352364478],[-5.15384624653133,50.3461371555167],[-5.14648531118574,50.3752654175651],[-5.15314361766245,50.3837813976474],[-5.15179812618325,50.3893016741371],[-5.143585713295,50.3889046816138],[-5.14542424091583,50.397296330303],[-5.14718796088821,50.4053435541955],[-5.1463842250044,50.4056005944148],[-5.10878317070247,50.4128575975952],[-5.10243484541206,50.413113897762],[-5.09980300471222,50.4256330907249],[-5.09552794482144,50.4240060399509],[-5.07753458894287,50.415842370642],[-5.05477689103968,50.425726889455],[-5.04378825275585,50.4422290612948],[-5.04260514533663,50.4620623358203],[-5.04205767263876,50.4642901820948],[-5.03186440119644,50.4676169044786],[-5.03966620896786,50.4740195738638],[-5.03602727023607,50.4888170616584],[-5.03604549025655,50.4888318740164],[-5.03482681494771,50.4936874470575],[-5.04680707283456,50.4978267905269],[-5.02404518805437,50.5087212286359],[-5.02835717116405,50.5176511753506],[-5.02691140403154,50.5239783307379],[-5.02263757019703,50.5265394554274],[-5.03652515550441,50.549558704119],[-5.03594328805995,50.5494855573128],[-4.98386583043079,50.5422107911585],[-4.97207706892609,50.5577801689778],[-4.94511999886469,50.5691474423931],[-4.94959409039878,50.5565619800024],[-4.93511380726353,50.548986806472],[-4.93090721010886,50.5300034776296],[-4.92473037937437,50.5311756254102],[-4.92637128298768,50.5452858543352],[-4.93144375727827,50.5648109104264],[-4.91580041395331,50.5758778220179],[-4.92823437129905,50.5828770541673],[-4.93537580608854,50.5868955062959],[-4.92144400929732,50.5932402432012],[-4.91549517220222,50.5914580379122],[-4.90828934590339,50.5845070947444],[-4.89890560222236,50.5836115387984],[-4.88522893865096,50.5823048618918],[-4.88055307696711,50.5840668663539],[-4.86752465562518,50.5889747036693],[-4.86998617228391,50.595370475742],[-4.86988998403666,50.5953864819359],[-4.83822538965683,50.5944151014889],[-4.8324389873183,50.5921356746955],[-4.82712854372422,50.5930066462679],[-4.79622009594882,50.5980705484264],[-4.79165946662158,50.6023720151489],[-4.79058315844047,50.6026412670134],[-4.78946948519192,50.6044372146255],[-4.77044152123395,50.6223718140933],[-4.75871806437452,50.6528499691522],[-4.76058072014637,50.6533234735693],[-4.7644968758956,50.6695897482402],[-4.76446329901571,50.6698212744461],[-4.74329441842283,50.6763797295951],[-4.74109431612882,50.6759288064586],[-4.73505131576147,50.6715033399676],[-4.73306263728457,50.6742822244762],[-4.72978467353415,50.6736099964354],[-4.72606190064329,50.684061948775],[-4.68024568558363,50.6959935829818],[-4.68113141008299,50.7036434080729],[-4.68100501954875,50.7044673625817],[-4.65457628700499,50.716266537732],[-4.65387758337848,50.7398376940449],[-4.64869815834764,50.7401384506985],[-4.64028390932565,50.7401419463586],[-4.63969021170756,50.7406609682823],[-4.6345223589513,50.7409604140255],[-4.63456967706775,50.7451368565834],[-4.62532626178804,50.7532139234574],[-4.58550550826297,50.770887490764],[-4.56194358672404,50.7813324242101],[-4.55868322816147,50.828761768762],[-4.55732284413912,50.8288967985985],[-4.54667214375138,50.8299534395156],[-4.5561170737732,50.8368616429775],[-4.55835139376797,50.847706946669],[-4.55986636229716,50.8550574202275],[-4.55926840281847,50.8657047202222],[-4.56681594784925,50.8887418038162],[-4.56991556816818,50.9037477427205],[-4.56187902707891,50.9120494832047],[-4.54606650554743,50.9283736233845],[-4.5459728370411,50.9288053620869],[-4.54099143535982,50.9517549726814],[-4.52565061128499,51.0223005596429],[-4.42544225351732,51.0136609019166],[-4.42443986989461,51.0131325289426],[-4.39090346410786,50.9946762942721],[-4.34299388943384,50.988963614555],[-4.30299572339699,50.9977554073642],[-4.28233464495162,51.0139808651299],[-4.24924519726177,51.039935840622],[-4.2425985763684,51.041417882281],[-4.24097733385176,51.0464152036373],[-4.21792154621105,51.0644714943169],[-4.21649922462293,51.0635529716791],[-4.21020087860286,51.0524246691048],[-4.19081294498852,51.0547666686],[-4.19065297289763,51.05478597844],[-4.19069083979045,51.0546760731723],[-4.19792266698575,51.0336771314097],[-4.18884681580384,51.0411884507541],[-4.17971894977164,51.048739710294],[-4.17977727378164,51.067496547237],[-4.15161515579213,51.0735305340992],[-4.15295022683979,51.0802079952179],[-4.1637462956259,51.083576843557],[-4.16313527250237,51.1007305638242],[-4.16659676288982,51.0804707114878],[-4.18539656191295,51.0762130919471],[-4.18914593907262,51.0662522941588],[-4.21684923739817,51.0763879310746],[-4.22245416331943,51.1176947907307],[-4.2364778428791,51.119960969218],[-4.24018175767046,51.1210321369145],[-4.23588992311318,51.13089387071],[-4.25042796782368,51.1375910046102],[-4.25836096811604,51.1412438638821],[-4.26134239563594,51.1428906625774],[-4.22375319458275,51.1442346676206],[-4.21618270160135,51.1516069204776],[-4.21147999082573,51.1783916918677],[-4.22926297280084,51.1884795120554],[-4.21064521631332,51.1905462979934],[-4.20160677968932,51.200285303629],[-4.18573034475954,51.1984410089082],[-4.17763613714615,51.1973076058014],[-4.11361516721378,51.2115816816987],[-4.09808962691971,51.2108841283625],[-4.09195271349091,51.2164016489326],[-4.0878225798086,51.2173200507157],[-4.03874602666488,51.2066727622631],[-4.02908436933324,51.2157577677631],[-4.02795074472189,51.2164010195188],[-4.00597372992149,51.2172624265875],[-3.95825151949225,51.2191184182812],[-3.95462020878488,51.2205424137162],[-3.95432955593272,51.2205568769209],[-3.95132493019037,51.2218344641876],[-3.9257058566855,51.2318738802484],[-3.92348405270393,51.2313801228641],[-3.89203097192979,51.2237704667241],[-3.85434428967341,51.2343980229159],[-3.85367509755594,51.2345637716163],[-3.81353088320686,51.2311167316977],[-3.81144820174932,51.2323108621182],[-3.81033019211745,51.2322283434668],[-3.78677387187577,51.2461591071111],[-3.76977926877737,51.2376615857128],[-3.72079884181452,51.2330828185624],[-3.72056139113603,51.2330575861242],[-3.72016877139454,51.2330158647696],[-3.63304126594712,51.2237225975023],[-3.62248054596861,51.217447799639],[-3.62124038345122,51.216642974115],[-3.57870861546137,51.2321417017005],[-3.54216486095581,51.2322566624478],[-3.49573197186276,51.223645809848],[-3.47040825893854,51.2081503806191],[-3.44760212743594,51.2089016575387],[-3.43268007125644,51.200450364056],[-3.40080830053328,51.182382462156],[-3.27736518241093,51.1795686610273],[-3.15394211238269,51.2087737215171],[-3.14663188910567,51.2094389690738],[-3.12549727468118,51.2113595488334],[-3.07632204478222,51.2012523559599],[-3.0547640823823,51.2059422133085],[-3.01926285898763,51.2184763424165],[-3.03254964006662,51.1945761938952],[-3.02265502683765,51.1962824849485],[-3.00226525256156,51.2259544082723],[-2.99893555821856,51.2231719026932],[-2.98428564189524,51.220426313061],[-2.99908943311234,51.2249782551678],[-3.00050760858755,51.2416191561986],[-3.02153817023771,51.2654739203259],[-3.01206241782109,51.3210295409729],[-3.0354696915471,51.3285355994304],[-3.00013840924515,51.3221293440422],[-2.99427657404061,51.3210652589899],[-2.99011400394716,51.3165446220792],[-2.98987343636891,51.3162833279351],[-2.98664958724306,51.3127813817288],[-2.98635736448069,51.3124639203131],[-2.98695466470382,51.3114589507051],[-2.99316268851688,51.3010110821855],[-2.98810382352796,51.3064770091712],[-2.98297645880641,51.3120154162025],[-2.98961293632401,51.3174924299086],[-2.98585367069829,51.3349341077332],[-2.98278785857956,51.3491491109665],[-2.99457587649122,51.3565243640798],[-2.96749710835432,51.3636647458767],[-2.9622008781648,51.3747651603314],[-2.9630511038088,51.3829337867323],[-2.98082379743117,51.3884289956216],[-2.9710258223432,51.3907536587362],[-2.93964350299917,51.3964163797256],[-2.9392792076602,51.3910229234604],[-2.91731265341787,51.3958656090247],[-2.89045814212137,51.3874999975724],[-2.91279750503947,51.3962414040774],[-2.86466928548709,51.4416527178675],[-2.8576659934318,51.4482515860104],[-2.85277205424544,51.4528615287972],[-2.83054623186366,51.4664547635062],[-2.79986609904919,51.4851984593275],[-2.75574630647793,51.4937843980693],[-2.74333401364315,51.4930893001676],[-2.73259059994563,51.4924865872809],[-2.73052469336393,51.5022653331486],[-2.72907477256531,51.5020943221033],[-2.72732262040413,51.5018876391916],[-2.71648224169541,51.5006083235134],[-2.68465170943421,51.4805141856085],[-2.70881598627728,51.497799258288],[-2.71821750267118,51.5082397647947],[-2.70774593536939,51.5167813907554],[-2.67381351919379,51.5444310610367],[-2.66344644179591,51.5736238475582],[-2.62779006181031,51.6056459952102],[-2.57928639445979,51.6295065593201],[-2.57546194363991,51.6313860484494],[-2.56910626844932,51.6555467585846],[-2.53478909673859,51.6772836164535],[-2.54235461055758,51.6815402554363],[-2.54622282746309,51.6837161647598],[-2.56654171765728,51.6951401914702],[-2.58003460615758,51.6881660538166],[-2.61001183282315,51.6726585980123],[-2.64886659431428,51.6312856836512],[-2.65158733951677,51.6096167043162],[-2.65690762279837,51.6219971692245],[-2.65664127759941,51.622799600921],[-2.66017627868065,51.6295999420488],[-2.66330246199113,51.6356120045548],[-2.66851392778044,51.6456305926834],[-2.68033178982132,51.6475470386841],[-2.66592276270364,51.6643235420326],[-2.6863760655126,51.6632012907591],[-2.65686372173786,51.6745037124404],[-2.67225329931617,51.6810001352744],[-2.66916891575376,51.6931500107373],[-2.68379147622247,51.7006275146612],[-2.66844054916154,51.7057888643313],[-2.68754079653479,51.730426258231],[-2.67222511999267,51.736362949282],[-2.66269206735517,51.7538947427429],[-2.68045213470349,51.7689294138601],[-2.66981057919979,51.7942734498202],[-2.67853782959666,51.8028451984713],[-2.65953874455198,51.8106823732449],[-2.66087144177876,51.8227538636128],[-2.65040070567432,51.8261246880221],[-2.66619753963782,51.8356235561264],[-2.69329553822647,51.8338410112501],[-2.69730211579747,51.8448091267489],[-2.71512837058452,51.8402439267929],[-2.71966531119947,51.8488696891103],[-2.73884858634764,51.8366165094632],[-2.77879887552431,51.865859065782],[-2.76830730538435,51.8804448407202],[-2.83610650626024,51.9060535381191],[-2.84194532227904,51.917727812754],[-2.86187161480982,51.9139790704284],[-2.84499642015606,51.9220871897506],[-2.87783522764085,51.9338143752183],[-2.97184633087118,51.9049816258726],[-2.97666533447377,51.9274901982694],[-3.00812331564277,51.9271305457581],[-3.02592825998755,51.957270769139],[-3.06737674091607,51.9831362965463],[-3.09919890693024,52.0226858076554],[-3.08628664345927,52.0401943735748],[-3.09058811273154,52.050513287011],[-3.1258949917356,52.0783106747315],[-3.12267991084996,52.103148785592],[-3.10534931223889,52.105417821816],[-3.10492212967307,52.1167418928952],[-3.14192072484887,52.1278671845105],[-3.13587330508285,52.137908391339],[-3.09369007605061,52.1443059955093],[-3.0725382658941,52.1557732338737],[-3.08254318096633,52.1630471599712],[-3.09889603996449,52.1547338851738],[-3.12243047087079,52.1634196046664],[-3.09465104889233,52.1837422721208],[-3.10208187078616,52.2027204247282],[-3.07209180392951,52.2130872867319],[-3.07303671037743,52.2358769197235],[-3.04421511696905,52.2379274553372],[-3.04831809735968,52.2502329083463],[-3.03586088954314,52.2567570179136],[-3.00577598466957,52.26425950182],[-2.97718162692593,52.2596861462932],[-2.94963475580722,52.2694682333108],[-3.01262166661965,52.2792068049991],[-3.0008661068012,52.3217658039373],[-2.96680116367831,52.3294490737256],[-2.95465135625057,52.3491547619378],[-2.97450325778266,52.3547007710804],[-3.04017440612675,52.344326448647],[-3.06066441920979,52.3482395287916],[-3.11060650812059,52.3771928577085],[-3.15444662965246,52.3877151712535],[-3.17885189317182,52.4094453010763],[-3.21954231380943,52.4212465653009],[-3.23555343310675,52.4425111831888],[-3.19724017301225,52.4759894035959],[-3.18021448078352,52.4739344849595],[-3.11101713479608,52.4989348274703],[-3.02920219998827,52.5012680249874],[-3.03237893922629,52.5237313424194],[-3.00387364775971,52.5198330362371],[-2.99416397610144,52.5529108733399],[-3.014230447679,52.5754965428671],[-3.08727582526502,52.551331507343],[-3.08541228712571,52.534502701906],[-3.13307842958419,52.5274720738946],[-3.1370447146752,52.5340448098515],[-3.11149542440582,52.5413637639296],[-3.13950076571608,52.5857198071629],[-3.11741414899447,52.5857631466243],[-3.08955816271373,52.5995062971115],[-3.09362257365342,52.6093390867467],[-3.07318689672821,52.6289626614398],[-3.05981991551762,52.6307103323431],[-3.08356627752097,52.6412925192923],[-3.05112433418108,52.6473703190466],[-3.03858027691564,52.6753731659248],[-3.04704782420661,52.6912658400172],[-3.0224859512498,52.7066679412475],[-3.02035717507642,52.725102241172],[-3.00055465557069,52.7202753098192],[-2.97759195389928,52.7265916751035],[-2.97810302517224,52.715357324982],[-2.96107942399414,52.7164656937382],[-2.96506569361931,52.7322680639285],[-2.99131975668694,52.7338180007838],[-2.99199278312435,52.7437560376404],[-3.02180979863464,52.7519407809159],[-3.01081496516033,52.7584741340176],[-3.01714764503031,52.7676217633273],[-3.03536166527588,52.7640327159303],[-3.03898477959301,52.7703945074099],[-3.05254038732917,52.7685883478595],[-3.04779141568697,52.7726355733758],[-3.07951607132088,52.771513911764],[-3.09168246698264,52.7866629786859],[-3.08663218442715,52.7955931558439],[-3.11828683786622,52.7835824200664],[-3.16085535746191,52.7957450851539],[-3.15319003437988,52.8063686249265],[-3.16820515656899,52.807328442099],[-3.16788753046969,52.819266678782],[-3.15126038171278,52.8425648873842],[-3.16301475130881,52.8474909443465],[-3.12771287514737,52.8671030319031],[-3.15241672487316,52.878747886248],[-3.13552413220342,52.8850136660634],[-3.14750393983102,52.8901693448939],[-3.11416217688046,52.8939782156026],[-3.09595322236249,52.9302818594646],[-3.07651316772971,52.92547934312],[-3.03512347363092,52.9294624885379],[-3.00964949707879,52.9561994723275],[-2.98202234589558,52.9591982537615],[-2.97502999812956,52.9689845232229],[-2.9598133204483,52.9511695547838],[-2.9288886576968,52.9386788293684],[-2.88743132915924,52.9525298899764],[-2.88353939739913,52.9466392161464],[-2.84101496067848,52.9426237140995],[-2.79884789455756,52.8957587633309],[-2.75532645758129,52.9246280363585],[-2.72843937384749,52.9253018624858],[-2.72417751071701,52.9571216546992],[-2.73529356518204,52.9699461891475],[-2.7268406065337,52.9832729453915],[-2.7599401790776,52.9864196655643],[-2.76827535224616,52.9948605032859],[-2.80331096693005,52.9895941835749],[-2.83599558996295,52.9971501459187],[-2.84406201373811,53.0176683661674],[-2.86104429459502,53.0228486540914],[-2.85571506741516,53.0372559033468],[-2.87011791101549,53.045360592318],[-2.85924038438122,53.0542555269905],[-2.87255483685911,53.0586155388117],[-2.86147506310468,53.060660399278],[-2.88164358493242,53.0743920830987],[-2.87572225442175,53.081522027628],[-2.90207396485116,53.0920394240974],[-2.88109940909981,53.1216037174963],[-2.91023233565262,53.1126389633283],[-2.96381312518341,53.1327575241621],[-2.97949802680966,53.1506216451438],[-2.99508831009331,53.1541959610598],[-2.92783850918185,53.1714114098192],[-2.92229929317117,53.1892926708204],[-2.9983782407184,53.2358586433666],[-3.0360241317657,53.2518049826441],[-3.08601484756326,53.2567989838397],[-3.08607619005066,53.2568297606707],[-3.10739770594214,53.271765098786],[-3.10724540426193,53.271973555202],[-3.08881215107436,53.26800040202],[-3.08554879096477,53.2722540663974],[-3.11006071297982,53.276794613342],[-3.07754938947303,53.2795778629972],[-3.10810266511703,53.2783387942552],[-3.10290442052463,53.2804784257397],[-3.09863297109461,53.2799274644282],[-3.08920538430642,53.2861150868365],[-3.10226063606944,53.2807433810621],[-3.10744932529457,53.2819101536791],[-3.09698129328709,53.2893482015368],[-3.10961297000744,53.282579951808],[-3.1202681364413,53.2885766350216],[-3.10520696776839,53.2916362889116],[-3.12300428172316,53.2893039510718],[-3.11835037905506,53.291959894752],[-3.11706113742963,53.2926844749468],[-3.11657287212287,53.2929588820377],[-3.11630778182078,53.2931078612475],[-3.11409090785379,53.2943768996625],[-3.11387067598427,53.2943716318239],[-3.09631673017228,53.2939504443545],[-3.1090482669874,53.2970466350473],[-3.10928952733083,53.2971052898739],[-3.11261853096692,53.2952135331463],[-3.12391555496401,53.2960719072813],[-3.11615687187497,53.3008191820187],[-3.12743612079501,53.2943532950896],[-3.13798001157518,53.2976396931723],[-3.13441428359392,53.3080126805235],[-3.13303182967529,53.2997083710649],[-3.12393526131734,53.3002384166372],[-3.12673908790272,53.3007373796664],[-3.13074919596589,53.307269978388],[-3.12813665794485,53.3045743194848],[-3.12872579173274,53.3061915362855],[-3.10713362347341,53.3017319343808],[-3.12682089951784,53.3063367233247],[-3.11263398227093,53.3090949149515],[-3.12057637422185,53.3116816313709],[-3.12645390337778,53.313595310806],[-3.11906723698709,53.31621676544],[-3.12931293760442,53.3143702329182],[-3.12268920116551,53.3174212122078],[-3.1356468481557,53.315781766262],[-3.13641252955693,53.3284095811359],[-3.10604485309061,53.3135741837424],[-3.20407457615058,53.3832491351815],[-3.17762493980129,53.3997077227693],[-3.04118061119981,53.442924112756],[-3.00254547537506,53.3747021315247],[-2.93427763357537,53.3132871928845],[-2.92884421120653,53.3083898147594],[-2.92863596687009,53.3082020877465],[-2.90165051426276,53.2954158281762],[-2.88947025232767,53.289640023898],[-2.90053434197305,53.2970099227782],[-2.85556828280237,53.2920219569187],[-2.85728106183669,53.2869075040845],[-2.83960110742911,53.2987369249412],[-2.84638345444798,53.3069444902632],[-2.81595600396396,53.3061631560265],[-2.788795747642,53.2954088512115],[-2.75278930962497,53.3145696092047],[-2.75243197509548,53.3147596235597],[-2.75245521144682,53.3147870165064],[-2.76339190544171,53.3276754288361],[-2.75433708739384,53.3431594281377],[-2.7189977032762,53.3448375179285],[-2.69935240672089,53.3567098627731],[-2.67868932329394,53.3547820515976],[-2.67518815433053,53.3544550291597],[-2.69088091909772,53.3608057373738],[-2.6933786824617,53.3618161872803],[-2.73430922778042,53.3477745650582],[-2.76449140010952,53.3552864520304],[-2.75913359064553,53.3496073895287],[-2.77822048536501,53.3326260426548],[-2.78428782985774,53.3364309764935],[-2.77769098803628,53.3292802773292],[-2.78863136183167,53.322539617092],[-2.82666108251466,53.3316567904658],[-2.82786480033037,53.3314723669183],[-2.85442768254741,53.3273991316291],[-2.87815839926006,53.3341988398978],[-2.90270834347078,53.3455569465928],[-2.97465150886949,53.3787774633168],[-3.00184542297024,53.4103255736946],[-3.00862921607139,53.4378814359818],[-3.00875228191605,53.4383809905928],[-3.02653515166251,53.4531285649567],[-3.02629543118617,53.4540608091095],[-3.0386478711829,53.4631664418314],[-3.04137001912836,53.4654215038915],[-3.05623653252405,53.4920490477619],[-3.06373684924024,53.505468676246],[-3.06275875510167,53.5299501485196],[-3.06831679467828,53.5199000234524],[-3.08574739254574,53.5254036371995],[-3.10189925042513,53.5371402873254],[-3.10423854228946,53.5544598093099],[-3.0587181576406,53.621202145244],[-3.0056632016861,53.6646918024689],[-3.0100407471008,53.6722217541456],[-3.01406936407839,53.6791489557712],[-2.98286556408102,53.6825859119696],[-2.98721404807591,53.6892564126953],[-2.97764390936288,53.6857412933135],[-2.96726148627491,53.6984478030269],[-2.97156486543916,53.692274000512],[-2.95998353705903,53.6917875056345],[-2.96073416226787,53.6858162977867],[-2.95371749361695,53.6916127896116],[-2.9574948267835,53.6832855600037],[-2.94625404486887,53.6792481432163],[-2.94976401013062,53.6909962807436],[-2.95031011440914,53.6915478067313],[-2.95045032085472,53.6916969870956],[-2.95047123033527,53.6917183771024],[-2.96230114861707,53.6938047893127],[-2.95414718484666,53.6954190020314],[-2.95520361599551,53.6964919166474],[-2.9554457431862,53.6967267369408],[-2.9562279760033,53.697500321846],[-2.93709841824804,53.6950963225584],[-2.95112233540029,53.6997678407952],[-2.93668038869624,53.701912011582],[-2.95496765519585,53.7040292024283],[-2.94379682703275,53.7081444148925],[-2.93183958041707,53.7000091629318],[-2.92617841556414,53.7046613393072],[-2.94815308683206,53.7115435740455],[-2.93828425373907,53.7249193837035],[-2.91426891678604,53.7109080018608],[-2.929326426259,53.7242027125403],[-2.91512151087959,53.7261142746709],[-2.91085259886381,53.7266934743007],[-2.86638894694105,53.732716292072],[-2.86007524098511,53.733570040063],[-2.84531395701645,53.724992205197],[-2.83141678838355,53.7169116195733],[-2.82908013064916,53.7155524919214],[-2.82766381050689,53.7147286175555],[-2.82699425281792,53.7143391184366],[-2.82831050384487,53.7155263787498],[-2.82981493958288,53.7173821192451],[-2.83203704385686,53.7201227756586],[-2.83546013208471,53.7243438942228],[-2.82119432472963,53.7303343929569],[-2.83609940243751,53.7247874055579],[-2.84282630160563,53.7315590964811],[-2.83595981411729,53.7369506852649],[-2.8449776459918,53.733724222226],[-2.84466909306176,53.7301118305573],[-2.85538755133208,53.7351288026932],[-2.81029727421126,53.7473646270983],[-2.80383439314723,53.7491164422545],[-2.79401791754252,53.751781665925],[-2.85554551862048,53.7383858588427],[-2.85871618152537,53.7506384183243],[-2.85686181182712,53.7382010731238],[-2.89910614945607,53.7330675447849],[-2.91098007131313,53.7325939416634],[-2.93380536789249,53.7316803108767],[-2.95297566456835,53.7329298277163],[-2.94499805185899,53.7361522339621],[-2.97640691476651,53.7340474091674],[-3.03874247266197,53.747190373508],[-3.05710593154958,53.7765284790529],[-3.05001345229291,53.8516452445801],[-3.04785645120624,53.8744371682691],[-3.04773507657087,53.8757189838036],[-3.04978339034913,53.9199965170434],[-3.00847770038889,53.9289442985214],[-3.00945606329603,53.9007432357498],[-2.99957204258185,53.9285976504942],[-2.92499795483546,53.9499741062303],[-2.91565501046398,53.9474863937375],[-2.91067969592712,53.9461612108411],[-2.91561810073159,53.945796466465],[-2.93009524140352,53.9447259895042],[-2.9155115582386,53.9409261303059],[-2.90615672313096,53.9384873726315],[-2.88101279283547,53.9433470970494],[-2.8802702495969,53.9434905151899],[-2.88062800175444,53.9439467455625],[-2.88247933234625,53.9463075160807],[-2.88171881979457,53.9465981563462],[-2.86409215990748,53.953331949438],[-2.88678401888098,53.9583551234483],[-2.86103551128866,53.955036697038],[-2.86937633898592,53.9597479334059],[-2.85724777289296,53.957606180076],[-2.86187625568654,53.9646248568304],[-2.83633255172164,53.9546298335786],[-2.85396325469742,53.965213568998],[-2.83587079118478,53.9637463738577],[-2.87194774031199,53.9703106043191],[-2.87923753793334,53.979139342228],[-2.85604609108331,53.9995731805096],[-2.8229701795703,53.9948597021358],[-2.83276461136824,53.9985054855705],[-2.83518914404623,54.0110836281925],[-2.85331147228836,54.0055793512645],[-2.84494047151227,54.0148578017486],[-2.86049227437598,54.0038672159435],[-2.87098374393434,54.0144287235735],[-2.86473280578499,54.0050357442493],[-2.87791602419586,54.0062837460424],[-2.88101480954441,53.9894728415991],[-2.88732228538449,54.0017918514432],[-2.88606306361496,53.9910508055331],[-2.90013212019343,53.9919798875555],[-2.90402701085848,54.0221887089389],[-2.91742833503323,54.028145708157],[-2.92443097153999,54.0312570757368],[-2.92174930182206,54.0324591756465],[-2.92146692698351,54.0325857475558],[-2.91241947640711,54.033762373673],[-2.91876669371931,54.0337960268503],[-2.91756464801149,54.0343347431925],[-2.90627169415,54.0393945641043],[-2.88237965060747,54.0724446030267],[-2.8703703035772,54.0762353036966],[-2.84663256080158,54.0776378992431],[-2.8194971771231,54.0888405753629],[-2.81427341689511,54.0949109368782],[-2.82149624594291,54.0889703223666],[-2.82660007395096,54.1004332082321],[-2.78029617241889,54.1356049700639],[-2.79841004288165,54.1273924954221],[-2.80205650851171,54.1433422396517],[-2.8098154637962,54.1323274555339],[-2.824556369035,54.1403328376107],[-2.82782532460237,54.1475546967973],[-2.81059365073664,54.1550007777702],[-2.82833575687875,54.1532944284765],[-2.83791334331466,54.1742256421008],[-2.86353636050711,54.1825498884141],[-2.86413625014924,54.191997373437],[-2.84251014251282,54.2055914908603],[-2.88723999541488,54.1990695262626],[-2.90204148877986,54.1893847758014],[-2.89609019775481,54.1811799548657],[-2.9107040810438,54.1795395804653],[-2.89941932329488,54.1761091577169],[-2.92047738559316,54.1659119674583],[-2.92227404774213,54.1650415468968],[-2.92045740430492,54.165012067796],[-2.90832735362018,54.1648145285831],[-2.92022786831272,54.1546691696422],[-2.9253595496205,54.1502924520923],[-2.99986531098492,54.1547641474484],[-2.9894185372414,54.1794552582654],[-3.00648866080173,54.1722494747379],[-3.00503103449878,54.1802783266858],[-3.0102819385971,54.1769084188959],[-3.03866105294493,54.1972507783639],[-3.02295398771924,54.1915604082374],[-3.03474478216628,54.1962947751059],[-3.03294815847759,54.2113110276604],[-3.03278759964741,54.2126524597941],[-3.03435913862166,54.2112988857979],[-3.06351928095241,54.1861631267789],[-3.06085394204944,54.1620429859937],[-3.10574272380438,54.1190378675435],[-3.14910224003047,54.0935714547528],[-3.17245176634143,54.0817613741837],[-3.15074352127841,54.0648101775256],[-3.17142736225561,54.0796335710093],[-3.17803439975689,54.0749170584761],[-3.17368927448801,54.0833230005279],[-3.191702546106,54.103062901671],[-3.21478539668759,54.0980541474245],[-3.22017801791181,54.0897337977843],[-3.22468323384569,54.0937625496866],[-3.24210103045427,54.1093292300603],[-3.23696441312236,54.1546838561945],[-3.24942328424079,54.1547257767972],[-3.25756916744061,54.1664813181876],[-3.22707983869432,54.1747887066971],[-3.21715649699402,54.1774901732398],[-3.22307462414529,54.1877780320715],[-3.21484519355637,54.1856352203531],[-3.21307847021506,54.2071814727118],[-3.20594537237362,54.2097022602332],[-3.2020275356652,54.2110864845254],[-3.20235016513421,54.2114055556923],[-3.2024389046324,54.2115351202017],[-3.20271438634452,54.2117194730689],[-3.20322243192548,54.2121945069102],[-3.20328191129382,54.2123345420294],[-3.17969915557214,54.2388182522363],[-3.19773549984822,54.2289034852771],[-3.21030869616764,54.2540462954658],[-3.22911797982576,54.259971518781],[-3.22783621329278,54.277720193151],[-3.22995091359922,54.2714087702435],[-3.23048130161104,54.2698255032355],[-3.23369265740103,54.2602364183438],[-3.22951765830291,54.2568522878311],[-3.22294835847883,54.2515259659469],[-3.22931246390365,54.2499597351868],[-3.24367029073434,54.2464245563284],[-3.2292890127418,54.2491719894618],[-3.22818031366543,54.2493837124131],[-3.22571208629263,54.2397525779217],[-3.22894538541977,54.2376324809678],[-3.26587127395947,54.2133984120622],[-3.2541228942307,54.2103008739541],[-3.25149845296001,54.2158306532035],[-3.24515518493931,54.2093030831344],[-3.23928635744296,54.2032616169797],[-3.2542342141569,54.1915431463608],[-3.28769043874587,54.1970702104829],[-3.29798674859206,54.1886521663299],[-3.32170584053956,54.1902610767944],[-3.34201556769913,54.2082636656426],[-3.39372581991417,54.2540127317106],[-3.42115452865345,54.2846577456789],[-3.42363800941761,54.3383576444947],[-3.4101277752554,54.3503866008293],[-3.41730341090879,54.3489752972815],[-3.43529628991901,54.3434114239537],[-3.47844140337371,54.3864297759372],[-3.50299686661292,54.410865477472],[-3.54342906452615,54.4410225142874],[-3.6177562947201,54.4963084714703],[-3.63783445684591,54.5125939629153],[-3.61327858537943,54.52526104822],[-3.60928497089485,54.5301119254843],[-3.60801840683175,54.5307296250978],[-3.60503843955814,54.5352686094114],[-3.59110971856104,54.5521726003442],[-3.58718570453771,54.5624387187163],[-3.58526705301396,54.5653564160876],[-3.58227754139764,54.57527235033],[-3.57254544065115,54.6006956903336],[-3.56587887249883,54.6122861571757],[-3.57992389218566,54.6523060920189],[-3.57171229927862,54.6509051428349],[-3.55127011648942,54.648124961516],[-3.54433497279801,54.6471808933761],[-3.55127224775831,54.6481808628605],[-3.57147903960021,54.6510910053838],[-3.55197517936895,54.6666242452353],[-3.51920505141286,54.6926894917627],[-3.51447352713873,54.7066553697827],[-3.50767347551117,54.7168333734033],[-3.49393308709911,54.7125184472826],[-3.50728814335284,54.7174099593447],[-3.50687256077377,54.7180317900841],[-3.45820419867999,54.746183593406],[-3.43685965605082,54.7585120835503],[-3.43776337258913,54.8019042667282],[-3.39985761369859,54.8674151087279],[-3.36746156706288,54.8910734577315],[-3.33804122038995,54.9002767899942],[-3.28562570148331,54.8783055038695],[-3.28725743594504,54.8914923618915],[-3.27504591743596,54.887843128532],[-3.26245923201949,54.8951146594896],[-3.26381188530612,54.8890849277589],[-3.24953878046652,54.9007207876476],[-3.2524478404842,54.9111949093329],[-3.27172937884571,54.8995153924431],[-3.3085081624768,54.9116348441626],[-3.31428356394279,54.920337908949],[-3.30420390997731,54.9276803936323],[-3.28514248532819,54.9415560731519],[-3.26528062149076,54.9430441773097],[-3.26884482456821,54.937078057575],[-3.25043929843779,54.9450961665021],[-3.2320871627843,54.9530850761517],[-3.20439693660345,54.9537395657473],[-3.15339599617139,54.9318759180822],[-3.13806478859947,54.9293505389534],[-3.11879493423356,54.926173172021],[-3.11867455103816,54.9257589680605],[-3.11892992727613,54.9255491092832],[-3.11893287217663,54.9253835088331],[-3.08408748132347,54.9298444090638],[-3.11893710299614,54.9345742381894],[-3.1251982386522,54.944047564067],[-3.11389274181655,54.9407055166228],[-3.12194805883777,54.9445392641299],[-3.11419408923445,54.9471963820299],[-3.12707163911517,54.9509161960477],[-3.09570457133573,54.9462220083055],[-3.1038154099739,54.9486017433685],[-3.11727194238696,54.9559112512268],[-3.10559929267497,54.9506683223962],[-3.11160806177241,54.957627537699],[-3.08541802549692,54.9651669538808],[-3.06336697067458,54.9834767550728],[-3.06033221758426,54.9845174846288],[-3.04969911914366,54.9835262695377],[-3.04831472102066,54.9833971444488],[-3.05218005608859,54.9904762431801],[-3.04408382356934,54.9985567742981],[-3.04945669761314,55.0093950273282],[-3.02587564330566,55.0364866601826],[-3.05341969195431,55.0472840372094],[-3.05092854160806,55.0528035971603],[-2.95859356798911,55.0492945911909],[-2.93640742375778,55.0595859273082],[-2.94042911604544,55.0691281603501],[-2.89687924721878,55.0779496469859],[-2.88629245338616,55.0948098947344],[-2.85854005901994,55.1083488033414],[-2.82760794396969,55.1248368687166],[-2.82550257520544,55.1383140714092],[-2.7848482544576,55.1417914399875],[-2.70347661666498,55.1731731598941],[-2.68978972314827,55.1889838759277],[-2.666814789349,55.2215803899766],[-2.63141420722149,55.2236980849122],[-2.63022898081735,55.2447914959374],[-2.61145085823107,55.247134429328],[-2.64677118121333,55.2600438629418],[-2.62665606673464,55.2622209376361],[-2.60923810323899,55.2832480256194],[-2.57336309653362,55.2968843972754],[-2.55900833851599,55.317852822136],[-2.52026965851612,55.3230470911992],[-2.47539346393945,55.3547399200112],[-2.41499664354287,55.3589219030045],[-2.39924454089922,55.3481854407045],[-2.37891180668306,55.3491694371305],[-2.33752995734802,55.3671909668018],[-2.34623321175053,55.3730610533814],[-2.33002052064065,55.3812415663335],[-2.34494682160794,55.3993134310068],[-2.33562914471266,55.4082080634579],[-2.31325356259942,55.4067893342264],[-2.26061128927204,55.432933998025],[-2.2312819124724,55.4284292920017],[-2.19485820047688,55.4445902843441],[-2.18807797549864,55.4621152744524],[-2.1655212321177,55.4683818980953],[-2.20133583318611,55.4752675198284],[-2.2026492750732,55.4895412876908],[-2.22884551551699,55.5095187800221],[-2.2403065059112,55.5556271683871],[-2.28881057092811,55.5803072659017],[-2.2892322950467,55.6037736959148],[-2.3160941125707,55.6204584681156],[-2.30862602967662,55.6288759763574],[-2.3243105601635,55.6261659069396],[-2.33600510128162,55.6324814820058],[-2.30578970416838,55.6470437737042],[-2.23436858586757,55.6410421010054],[-2.24834586160377,55.6521497545295],[-2.21845272804607,55.6642602674573],[-2.21865916071879,55.6759071372636],[-2.16723105928948,55.7060351648167],[-2.17668873824399,55.7186894967436],[-2.15057590272351,55.7231544074817],[-2.14429584165104,55.7392700686025],[-2.11763747623683,55.7387750002012],[-2.10764153175897,55.7598881498085],[-2.0856391490368,55.7620403321679],[-2.0861230942702,55.7930452706114],[-2.03449605548557,55.811209070167],[-2.03435750917377,55.8110853652179],[-2.00157809777485,55.7808812081458],[-1.98863911850325,55.7689434392051]]]]}}]}
